clause_id,review_id,canonical_place_id,manual_aspects,split,split_version,gold_semantic_sha256
wisata-v2_009431::c002,wisata-v2_009431,place_00006,none,test,v2-multilabel-balance,5d255a34ca8590bf4a86fcb9ae1bedac296513e056e44dd9020882f7732929a9
wisata-v2_009450::c001,wisata-v2_009450,place_00006,toilet,test,v2-multilabel-balance,5d255a34ca8590bf4a86fcb9ae1bedac296513e056e44dd9020882f7732929a9
wisata-v2_009456::c000,wisata-v2_009456,place_00006,parkir|toilet|harga|makanan|pemandangan,test,v2-multilabel-balance,5d255a34ca8590bf4a86fcb9ae1bedac296513e056e44dd9020882f7732929a9
wisata-v2_009472::c000,wisata-v2_009472,place_00006,toilet|pelayanan,test,v2-multilabel-balance,5d255a34ca8590bf4a86fcb9ae1bedac296513e056e44dd9020882f7732929a9
wisata-v2_009505::c000,wisata-v2_009505,place_00006,none,test,v2-multilabel-balance,5d255a34ca8590bf4a86fcb9ae1bedac296513e056e44dd9020882f7732929a9
wisata-v2_009506::c003,wisata-v2_009506,place_00006,fasilitas_umum,test,v2-multilabel-balance,5d255a34ca8590bf4a86fcb9ae1bedac296513e056e44dd9020882f7732929a9
wisata-v2_009514::c004,wisata-v2_009514,place_00006,parkir,test,v2-multilabel-balance,5d255a34ca8590bf4a86fcb9ae1bedac296513e056e44dd9020882f7732929a9
wisata-v2_009543::c002,wisata-v2_009543,place_00006,keamanan,test,v2-multilabel-balance,5d255a34ca8590bf4a86fcb9ae1bedac296513e056e44dd9020882f7732929a9
wisata-v2_009559::c000,wisata-v2_009559,place_00006,parkir|harga|fasilitas_umum|pemandangan|aksesibilitas,test,v2-multilabel-balance,5d255a34ca8590bf4a86fcb9ae1bedac296513e056e44dd9020882f7732929a9
wisata-v2_009563::c000,wisata-v2_009563,place_00006,parkir|pemandangan,test,v2-multilabel-balance,5d255a34ca8590bf4a86fcb9ae1bedac296513e056e44dd9020882f7732929a9
wisata-v2_009584::c000,wisata-v2_009584,place_00006,pemandangan,test,v2-multilabel-balance,5d255a34ca8590bf4a86fcb9ae1bedac296513e056e44dd9020882f7732929a9
wisata-v2_009600::c002,wisata-v2_009600,place_00006,parkir|harga,test,v2-multilabel-balance,5d255a34ca8590bf4a86fcb9ae1bedac296513e056e44dd9020882f7732929a9
tempat-wisata-v1_000035::c002,tempat-wisata-v1_000035,place_00013,akses_jalan|pemandangan|keramaian,test,v2-multilabel-balance,5d255a34ca8590bf4a86fcb9ae1bedac296513e056e44dd9020882f7732929a9
resto-hotel-v2_008896::c000,resto-hotel-v2_008896,place_00027,akses_jalan|kebersihan|harga|makanan|jam_operasional,test,v2-multilabel-balance,5d255a34ca8590bf4a86fcb9ae1bedac296513e056e44dd9020882f7732929a9
resto-hotel-v2_004397::c002,resto-hotel-v2_004397,place_00036,none,test,v2-multilabel-balance,5d255a34ca8590bf4a86fcb9ae1bedac296513e056e44dd9020882f7732929a9
tempat-wisata-v1_000077::c001,tempat-wisata-v1_000077,place_00040,none,test,v2-multilabel-balance,5d255a34ca8590bf4a86fcb9ae1bedac296513e056e44dd9020882f7732929a9
wisata-v2_007252::c000,wisata-v2_007252,place_00040,budaya,test,v2-multilabel-balance,5d255a34ca8590bf4a86fcb9ae1bedac296513e056e44dd9020882f7732929a9
wisata-v2_007254::c000,wisata-v2_007254,place_00040,jam_operasional,test,v2-multilabel-balance,5d255a34ca8590bf4a86fcb9ae1bedac296513e056e44dd9020882f7732929a9
wisata-v2_007266::c001,wisata-v2_007266,place_00040,kebersihan|budaya,test,v2-multilabel-balance,5d255a34ca8590bf4a86fcb9ae1bedac296513e056e44dd9020882f7732929a9
wisata-v2_007288::c003,wisata-v2_007288,place_00040,budaya,test,v2-multilabel-balance,5d255a34ca8590bf4a86fcb9ae1bedac296513e056e44dd9020882f7732929a9
wisata-v2_007299::c000,wisata-v2_007299,place_00040,budaya,test,v2-multilabel-balance,5d255a34ca8590bf4a86fcb9ae1bedac296513e056e44dd9020882f7732929a9
wisata-v2_007300::c000,wisata-v2_007300,place_00040,budaya,test,v2-multilabel-balance,5d255a34ca8590bf4a86fcb9ae1bedac296513e056e44dd9020882f7732929a9
wisata-v2_007300::c003,wisata-v2_007300,place_00040,oleh_oleh,test,v2-multilabel-balance,5d255a34ca8590bf4a86fcb9ae1bedac296513e056e44dd9020882f7732929a9
wisata-v2_007300::c005,wisata-v2_007300,place_00040,parkir,test,v2-multilabel-balance,5d255a34ca8590bf4a86fcb9ae1bedac296513e056e44dd9020882f7732929a9
wisata-v2_007303::c005,wisata-v2_007303,place_00040,toilet|akomodasi|oleh_oleh,test,v2-multilabel-balance,5d255a34ca8590bf4a86fcb9ae1bedac296513e056e44dd9020882f7732929a9
wisata-v2_007308::c003,wisata-v2_007308,place_00040,oleh_oleh,test,v2-multilabel-balance,5d255a34ca8590bf4a86fcb9ae1bedac296513e056e44dd9020882f7732929a9
wisata-v2_007312::c014,wisata-v2_007312,place_00040,makanan,test,v2-multilabel-balance,5d255a34ca8590bf4a86fcb9ae1bedac296513e056e44dd9020882f7732929a9
resto-hotel-v2_005339::c003,resto-hotel-v2_005339,place_00047,kebersihan|toilet,test,v2-multilabel-balance,5d255a34ca8590bf4a86fcb9ae1bedac296513e056e44dd9020882f7732929a9
resto-hotel-v2_005339::c009,resto-hotel-v2_005339,place_00047,parkir|harga,test,v2-multilabel-balance,5d255a34ca8590bf4a86fcb9ae1bedac296513e056e44dd9020882f7732929a9
resto-hotel-v2_005357::c001,resto-hotel-v2_005357,place_00047,pemandangan,test,v2-multilabel-balance,5d255a34ca8590bf4a86fcb9ae1bedac296513e056e44dd9020882f7732929a9
resto-hotel-v2_005370::c005,resto-hotel-v2_005370,place_00047,pemandangan,test,v2-multilabel-balance,5d255a34ca8590bf4a86fcb9ae1bedac296513e056e44dd9020882f7732929a9
resto-hotel-v2_005378::c000,resto-hotel-v2_005378,place_00047,pemandangan,test,v2-multilabel-balance,5d255a34ca8590bf4a86fcb9ae1bedac296513e056e44dd9020882f7732929a9
resto-hotel-v2_005396::c002,resto-hotel-v2_005396,place_00047,pelayanan,test,v2-multilabel-balance,5d255a34ca8590bf4a86fcb9ae1bedac296513e056e44dd9020882f7732929a9
resto-hotel-v2_005443::c000,resto-hotel-v2_005443,place_00047,makanan,test,v2-multilabel-balance,5d255a34ca8590bf4a86fcb9ae1bedac296513e056e44dd9020882f7732929a9
resto-hotel-v2_005450::c000,resto-hotel-v2_005450,place_00047,parkir,test,v2-multilabel-balance,5d255a34ca8590bf4a86fcb9ae1bedac296513e056e44dd9020882f7732929a9
resto-hotel-v2_005462::c004,resto-hotel-v2_005462,place_00047,toilet,test,v2-multilabel-balance,5d255a34ca8590bf4a86fcb9ae1bedac296513e056e44dd9020882f7732929a9
resto-hotel-v2_005473::c000,resto-hotel-v2_005473,place_00047,akses_jalan|parkir|makanan|jam_operasional,test,v2-multilabel-balance,5d255a34ca8590bf4a86fcb9ae1bedac296513e056e44dd9020882f7732929a9
resto-hotel-v2_005495::c000,resto-hotel-v2_005495,place_00047,kebersihan|makanan|pemandangan,test,v2-multilabel-balance,5d255a34ca8590bf4a86fcb9ae1bedac296513e056e44dd9020882f7732929a9
resto-hotel-v2_005512::c000,resto-hotel-v2_005512,place_00047,parkir|kebersihan|pelayanan,test,v2-multilabel-balance,5d255a34ca8590bf4a86fcb9ae1bedac296513e056e44dd9020882f7732929a9
wisata-v2_000543::c000,wisata-v2_000543,place_00069,none,test,v2-multilabel-balance,5d255a34ca8590bf4a86fcb9ae1bedac296513e056e44dd9020882f7732929a9
wisata-v2_000546::c002,wisata-v2_000546,place_00069,kebersihan,test,v2-multilabel-balance,5d255a34ca8590bf4a86fcb9ae1bedac296513e056e44dd9020882f7732929a9
wisata-v2_002564::c001,wisata-v2_002564,place_00069,none,test,v2-multilabel-balance,5d255a34ca8590bf4a86fcb9ae1bedac296513e056e44dd9020882f7732929a9
resto-hotel-v2_002836::c001,resto-hotel-v2_002836,place_00072,harga,test,v2-multilabel-balance,5d255a34ca8590bf4a86fcb9ae1bedac296513e056e44dd9020882f7732929a9
resto-hotel-v2_002886::c001,resto-hotel-v2_002886,place_00072,kebersihan|toilet|makanan|akomodasi|pemandangan,test,v2-multilabel-balance,5d255a34ca8590bf4a86fcb9ae1bedac296513e056e44dd9020882f7732929a9
resto-hotel-v2_002895::c000,resto-hotel-v2_002895,place_00072,harga|pelayanan|akomodasi,test,v2-multilabel-balance,5d255a34ca8590bf4a86fcb9ae1bedac296513e056e44dd9020882f7732929a9
resto-hotel-v2_002896::c000,resto-hotel-v2_002896,place_00072,akomodasi,test,v2-multilabel-balance,5d255a34ca8590bf4a86fcb9ae1bedac296513e056e44dd9020882f7732929a9
resto-hotel-v2_002928::c002,resto-hotel-v2_002928,place_00072,akomodasi,test,v2-multilabel-balance,5d255a34ca8590bf4a86fcb9ae1bedac296513e056e44dd9020882f7732929a9
resto-hotel-v2_002933::c000,resto-hotel-v2_002933,place_00072,pelayanan|makanan|akomodasi|keamanan,test,v2-multilabel-balance,5d255a34ca8590bf4a86fcb9ae1bedac296513e056e44dd9020882f7732929a9
resto-hotel-v2_002941::c000,resto-hotel-v2_002941,place_00072,transportasi,test,v2-multilabel-balance,5d255a34ca8590bf4a86fcb9ae1bedac296513e056e44dd9020882f7732929a9
resto-hotel-v2_002946::c000,resto-hotel-v2_002946,place_00072,akses_jalan|transportasi|akomodasi,test,v2-multilabel-balance,5d255a34ca8590bf4a86fcb9ae1bedac296513e056e44dd9020882f7732929a9
resto-hotel-v2_002946::c001,resto-hotel-v2_002946,place_00072,parkir|harga|makanan|fasilitas_umum|pemandangan|aksesibilitas,test,v2-multilabel-balance,5d255a34ca8590bf4a86fcb9ae1bedac296513e056e44dd9020882f7732929a9
resto-hotel-v2_002973::c001,resto-hotel-v2_002973,place_00072,toilet,test,v2-multilabel-balance,5d255a34ca8590bf4a86fcb9ae1bedac296513e056e44dd9020882f7732929a9
resto-hotel-v2_002983::c002,resto-hotel-v2_002983,place_00072,harga|makanan|akomodasi,test,v2-multilabel-balance,5d255a34ca8590bf4a86fcb9ae1bedac296513e056e44dd9020882f7732929a9
resto-hotel-v2_003048::c000,resto-hotel-v2_003048,place_00072,kebersihan|toilet|akomodasi,test,v2-multilabel-balance,5d255a34ca8590bf4a86fcb9ae1bedac296513e056e44dd9020882f7732929a9
resto-hotel-v2_000468::c001,resto-hotel-v2_000468,place_00077,none,test,v2-multilabel-balance,5d255a34ca8590bf4a86fcb9ae1bedac296513e056e44dd9020882f7732929a9
resto-hotel-v2_000470::c000,resto-hotel-v2_000470,place_00077,none,test,v2-multilabel-balance,5d255a34ca8590bf4a86fcb9ae1bedac296513e056e44dd9020882f7732929a9
resto-hotel-v2_000532::c000,resto-hotel-v2_000532,place_00077,makanan|pemandangan,test,v2-multilabel-balance,5d255a34ca8590bf4a86fcb9ae1bedac296513e056e44dd9020882f7732929a9
resto-hotel-v2_000559::c001,resto-hotel-v2_000559,place_00077,kebersihan|pelayanan|fasilitas_umum,test,v2-multilabel-balance,5d255a34ca8590bf4a86fcb9ae1bedac296513e056e44dd9020882f7732929a9
resto-hotel-v2_000560::c000,resto-hotel-v2_000560,place_00077,akomodasi,test,v2-multilabel-balance,5d255a34ca8590bf4a86fcb9ae1bedac296513e056e44dd9020882f7732929a9
resto-hotel-v2_000587::c015,resto-hotel-v2_000587,place_00077,akomodasi,test,v2-multilabel-balance,5d255a34ca8590bf4a86fcb9ae1bedac296513e056e44dd9020882f7732929a9
resto-hotel-v2_000594::c000,resto-hotel-v2_000594,place_00077,akomodasi|pemandangan,test,v2-multilabel-balance,5d255a34ca8590bf4a86fcb9ae1bedac296513e056e44dd9020882f7732929a9
resto-hotel-v2_004862::c000,resto-hotel-v2_004862,place_00078,akses_jalan|parkir|makanan,test,v2-multilabel-balance,5d255a34ca8590bf4a86fcb9ae1bedac296513e056e44dd9020882f7732929a9
resto-hotel-v2_004881::c004,resto-hotel-v2_004881,place_00078,kebersihan|pemandangan,test,v2-multilabel-balance,5d255a34ca8590bf4a86fcb9ae1bedac296513e056e44dd9020882f7732929a9
resto-hotel-v2_004887::c001,resto-hotel-v2_004887,place_00078,harga,test,v2-multilabel-balance,5d255a34ca8590bf4a86fcb9ae1bedac296513e056e44dd9020882f7732929a9
resto-hotel-v2_004891::c000,resto-hotel-v2_004891,place_00078,transportasi|parkir|makanan,test,v2-multilabel-balance,5d255a34ca8590bf4a86fcb9ae1bedac296513e056e44dd9020882f7732929a9
resto-hotel-v2_004891::c001,resto-hotel-v2_004891,place_00078,akses_jalan,test,v2-multilabel-balance,5d255a34ca8590bf4a86fcb9ae1bedac296513e056e44dd9020882f7732929a9
resto-hotel-v2_004897::c000,resto-hotel-v2_004897,place_00078,pelayanan,test,v2-multilabel-balance,5d255a34ca8590bf4a86fcb9ae1bedac296513e056e44dd9020882f7732929a9
resto-hotel-v2_004930::c000,resto-hotel-v2_004930,place_00078,akses_jalan|transportasi|parkir|makanan|pemandangan,test,v2-multilabel-balance,5d255a34ca8590bf4a86fcb9ae1bedac296513e056e44dd9020882f7732929a9
resto-hotel-v2_004930::c005,resto-hotel-v2_004930,place_00078,kebersihan|toilet,test,v2-multilabel-balance,5d255a34ca8590bf4a86fcb9ae1bedac296513e056e44dd9020882f7732929a9
resto-hotel-v2_004938::c000,resto-hotel-v2_004938,place_00078,akses_jalan|parkir|makanan,test,v2-multilabel-balance,5d255a34ca8590bf4a86fcb9ae1bedac296513e056e44dd9020882f7732929a9
resto-hotel-v2_004954::c000,resto-hotel-v2_004954,place_00078,pelayanan|makanan,test,v2-multilabel-balance,5d255a34ca8590bf4a86fcb9ae1bedac296513e056e44dd9020882f7732929a9
resto-hotel-v2_004955::c001,resto-hotel-v2_004955,place_00078,akses_jalan|pelayanan|makanan|jam_operasional|aksesibilitas,test,v2-multilabel-balance,5d255a34ca8590bf4a86fcb9ae1bedac296513e056e44dd9020882f7732929a9
resto-hotel-v2_004959::c002,resto-hotel-v2_004959,place_00078,akses_jalan|transportasi,test,v2-multilabel-balance,5d255a34ca8590bf4a86fcb9ae1bedac296513e056e44dd9020882f7732929a9
wisata-v2_006822::c004,wisata-v2_006822,place_00083,budaya,test,v2-multilabel-balance,5d255a34ca8590bf4a86fcb9ae1bedac296513e056e44dd9020882f7732929a9
wisata-v2_006823::c001,wisata-v2_006823,place_00083,oleh_oleh,test,v2-multilabel-balance,5d255a34ca8590bf4a86fcb9ae1bedac296513e056e44dd9020882f7732929a9
wisata-v2_006829::c001,wisata-v2_006829,place_00083,budaya|oleh_oleh,test,v2-multilabel-balance,5d255a34ca8590bf4a86fcb9ae1bedac296513e056e44dd9020882f7732929a9
wisata-v2_006829::c006,wisata-v2_006829,place_00083,harga|budaya,test,v2-multilabel-balance,5d255a34ca8590bf4a86fcb9ae1bedac296513e056e44dd9020882f7732929a9
wisata-v2_006830::c000,wisata-v2_006830,place_00083,budaya|oleh_oleh,test,v2-multilabel-balance,5d255a34ca8590bf4a86fcb9ae1bedac296513e056e44dd9020882f7732929a9
wisata-v2_006833::c001,wisata-v2_006833,place_00083,transportasi|harga,test,v2-multilabel-balance,5d255a34ca8590bf4a86fcb9ae1bedac296513e056e44dd9020882f7732929a9
wisata-v2_006839::c001,wisata-v2_006839,place_00083,oleh_oleh,test,v2-multilabel-balance,5d255a34ca8590bf4a86fcb9ae1bedac296513e056e44dd9020882f7732929a9
wisata-v2_006845::c000,wisata-v2_006845,place_00083,budaya,test,v2-multilabel-balance,5d255a34ca8590bf4a86fcb9ae1bedac296513e056e44dd9020882f7732929a9
wisata-v2_006854::c000,wisata-v2_006854,place_00083,fasilitas_umum|budaya,test,v2-multilabel-balance,5d255a34ca8590bf4a86fcb9ae1bedac296513e056e44dd9020882f7732929a9
wisata-v2_012656::c001,wisata-v2_012656,place_00090,fasilitas_umum,test,v2-multilabel-balance,5d255a34ca8590bf4a86fcb9ae1bedac296513e056e44dd9020882f7732929a9
wisata-v2_000610::c000,wisata-v2_000610,place_00091,akses_jalan|parkir|toilet|harga,test,v2-multilabel-balance,5d255a34ca8590bf4a86fcb9ae1bedac296513e056e44dd9020882f7732929a9
wisata-v2_000615::c000,wisata-v2_000615,place_00091,pemandangan,test,v2-multilabel-balance,5d255a34ca8590bf4a86fcb9ae1bedac296513e056e44dd9020882f7732929a9
wisata-v2_000623::c000,wisata-v2_000623,place_00091,parkir|harga|pemandangan,test,v2-multilabel-balance,5d255a34ca8590bf4a86fcb9ae1bedac296513e056e44dd9020882f7732929a9
wisata-v2_000855::c000,wisata-v2_000855,place_00091,transportasi|harga|pelayanan,test,v2-multilabel-balance,5d255a34ca8590bf4a86fcb9ae1bedac296513e056e44dd9020882f7732929a9
wisata-v2_000855::c001,wisata-v2_000855,place_00091,transportasi,test,v2-multilabel-balance,5d255a34ca8590bf4a86fcb9ae1bedac296513e056e44dd9020882f7732929a9
wisata-v2_000894::c000,wisata-v2_000894,place_00091,kebersihan,test,v2-multilabel-balance,5d255a34ca8590bf4a86fcb9ae1bedac296513e056e44dd9020882f7732929a9
wisata-v2_001046::c000,wisata-v2_001046,place_00091,kebersihan|toilet|pemandangan,test,v2-multilabel-balance,5d255a34ca8590bf4a86fcb9ae1bedac296513e056e44dd9020882f7732929a9
wisata-v2_001169::c001,wisata-v2_001169,place_00091,parkir|harga,test,v2-multilabel-balance,5d255a34ca8590bf4a86fcb9ae1bedac296513e056e44dd9020882f7732929a9
wisata-v2_001177::c002,wisata-v2_001177,place_00091,parkir|harga,test,v2-multilabel-balance,5d255a34ca8590bf4a86fcb9ae1bedac296513e056e44dd9020882f7732929a9
wisata-v2_001205::c005,wisata-v2_001205,place_00091,akses_jalan|kebersihan,test,v2-multilabel-balance,5d255a34ca8590bf4a86fcb9ae1bedac296513e056e44dd9020882f7732929a9
wisata-v2_001379::c000,wisata-v2_001379,place_00091,akses_jalan|parkir|kebersihan|harga|makanan|jam_operasional,test,v2-multilabel-balance,5d255a34ca8590bf4a86fcb9ae1bedac296513e056e44dd9020882f7732929a9
wisata-v2_001395::c001,wisata-v2_001395,place_00091,kebersihan,test,v2-multilabel-balance,5d255a34ca8590bf4a86fcb9ae1bedac296513e056e44dd9020882f7732929a9
resto-hotel-v2_008108::c000,resto-hotel-v2_008108,place_00100,none,test,v2-multilabel-balance,5d255a34ca8590bf4a86fcb9ae1bedac296513e056e44dd9020882f7732929a9
resto-hotel-v2_008114::c001,resto-hotel-v2_008114,place_00100,makanan,test,v2-multilabel-balance,5d255a34ca8590bf4a86fcb9ae1bedac296513e056e44dd9020882f7732929a9
resto-hotel-v2_008118::c003,resto-hotel-v2_008118,place_00100,pelayanan,test,v2-multilabel-balance,5d255a34ca8590bf4a86fcb9ae1bedac296513e056e44dd9020882f7732929a9
resto-hotel-v2_008124::c000,resto-hotel-v2_008124,place_00100,harga,test,v2-multilabel-balance,5d255a34ca8590bf4a86fcb9ae1bedac296513e056e44dd9020882f7732929a9
resto-hotel-v2_008161::c001,resto-hotel-v2_008161,place_00100,pelayanan|pemandangan,test,v2-multilabel-balance,5d255a34ca8590bf4a86fcb9ae1bedac296513e056e44dd9020882f7732929a9
resto-hotel-v2_008164::c002,resto-hotel-v2_008164,place_00100,harga|makanan|pemandangan,test,v2-multilabel-balance,5d255a34ca8590bf4a86fcb9ae1bedac296513e056e44dd9020882f7732929a9
resto-hotel-v2_008169::c000,resto-hotel-v2_008169,place_00100,pelayanan|makanan|pemandangan,test,v2-multilabel-balance,5d255a34ca8590bf4a86fcb9ae1bedac296513e056e44dd9020882f7732929a9
resto-hotel-v2_008179::c001,resto-hotel-v2_008179,place_00100,makanan,test,v2-multilabel-balance,5d255a34ca8590bf4a86fcb9ae1bedac296513e056e44dd9020882f7732929a9
resto-hotel-v2_008200::c000,resto-hotel-v2_008200,place_00100,pemandangan,test,v2-multilabel-balance,5d255a34ca8590bf4a86fcb9ae1bedac296513e056e44dd9020882f7732929a9
resto-hotel-v2_008205::c000,resto-hotel-v2_008205,place_00100,none,test,v2-multilabel-balance,5d255a34ca8590bf4a86fcb9ae1bedac296513e056e44dd9020882f7732929a9
resto-hotel-v2_008215::c003,resto-hotel-v2_008215,place_00100,none,test,v2-multilabel-balance,5d255a34ca8590bf4a86fcb9ae1bedac296513e056e44dd9020882f7732929a9
resto-hotel-v2_008222::c000,resto-hotel-v2_008222,place_00100,makanan,test,v2-multilabel-balance,5d255a34ca8590bf4a86fcb9ae1bedac296513e056e44dd9020882f7732929a9
resto-hotel-v2_001954::c000,resto-hotel-v2_001954,place_00103,harga|akomodasi,test,v2-multilabel-balance,5d255a34ca8590bf4a86fcb9ae1bedac296513e056e44dd9020882f7732929a9
resto-hotel-v2_001561::c000,resto-hotel-v2_001561,place_00110,pelayanan,test,v2-multilabel-balance,5d255a34ca8590bf4a86fcb9ae1bedac296513e056e44dd9020882f7732929a9
tempat-wisata-v1_000074::c000,tempat-wisata-v1_000074,place_00119,budaya,test,v2-multilabel-balance,5d255a34ca8590bf4a86fcb9ae1bedac296513e056e44dd9020882f7732929a9
resto-hotel-v2_004448::c004,resto-hotel-v2_004448,place_00131,none,test,v2-multilabel-balance,5d255a34ca8590bf4a86fcb9ae1bedac296513e056e44dd9020882f7732929a9
resto-hotel-v2_004477::c000,resto-hotel-v2_004477,place_00131,pelayanan|makanan,test,v2-multilabel-balance,5d255a34ca8590bf4a86fcb9ae1bedac296513e056e44dd9020882f7732929a9
resto-hotel-v2_004478::c000,resto-hotel-v2_004478,place_00131,makanan,test,v2-multilabel-balance,5d255a34ca8590bf4a86fcb9ae1bedac296513e056e44dd9020882f7732929a9
resto-hotel-v2_004487::c001,resto-hotel-v2_004487,place_00131,pelayanan,test,v2-multilabel-balance,5d255a34ca8590bf4a86fcb9ae1bedac296513e056e44dd9020882f7732929a9
resto-hotel-v2_004509::c002,resto-hotel-v2_004509,place_00131,pelayanan,test,v2-multilabel-balance,5d255a34ca8590bf4a86fcb9ae1bedac296513e056e44dd9020882f7732929a9
resto-hotel-v2_004556::c000,resto-hotel-v2_004556,place_00131,makanan,test,v2-multilabel-balance,5d255a34ca8590bf4a86fcb9ae1bedac296513e056e44dd9020882f7732929a9
resto-hotel-v2_004594::c000,resto-hotel-v2_004594,place_00131,pelayanan|makanan,test,v2-multilabel-balance,5d255a34ca8590bf4a86fcb9ae1bedac296513e056e44dd9020882f7732929a9
resto-hotel-v2_004613::c000,resto-hotel-v2_004613,place_00131,none,test,v2-multilabel-balance,5d255a34ca8590bf4a86fcb9ae1bedac296513e056e44dd9020882f7732929a9
resto-hotel-v2_004635::c000,resto-hotel-v2_004635,place_00131,makanan,test,v2-multilabel-balance,5d255a34ca8590bf4a86fcb9ae1bedac296513e056e44dd9020882f7732929a9
resto-hotel-v2_004639::c000,resto-hotel-v2_004639,place_00131,makanan,test,v2-multilabel-balance,5d255a34ca8590bf4a86fcb9ae1bedac296513e056e44dd9020882f7732929a9
resto-hotel-v2_003924::c000,resto-hotel-v2_003924,place_00132,makanan,test,v2-multilabel-balance,5d255a34ca8590bf4a86fcb9ae1bedac296513e056e44dd9020882f7732929a9
tempat-wisata-v1_000080::c009,tempat-wisata-v1_000080,place_00146,budaya,test,v2-multilabel-balance,5d255a34ca8590bf4a86fcb9ae1bedac296513e056e44dd9020882f7732929a9
wisata-v2_007562::c000,wisata-v2_007562,place_00146,budaya,test,v2-multilabel-balance,5d255a34ca8590bf4a86fcb9ae1bedac296513e056e44dd9020882f7732929a9
wisata-v2_007566::c000,wisata-v2_007566,place_00146,budaya,test,v2-multilabel-balance,5d255a34ca8590bf4a86fcb9ae1bedac296513e056e44dd9020882f7732929a9
wisata-v2_007568::c000,wisata-v2_007568,place_00146,pelayanan|budaya,test,v2-multilabel-balance,5d255a34ca8590bf4a86fcb9ae1bedac296513e056e44dd9020882f7732929a9
wisata-v2_007572::c000,wisata-v2_007572,place_00146,budaya,test,v2-multilabel-balance,5d255a34ca8590bf4a86fcb9ae1bedac296513e056e44dd9020882f7732929a9
wisata-v2_007604::c000,wisata-v2_007604,place_00146,budaya,test,v2-multilabel-balance,5d255a34ca8590bf4a86fcb9ae1bedac296513e056e44dd9020882f7732929a9
wisata-v2_007606::c002,wisata-v2_007606,place_00146,budaya,test,v2-multilabel-balance,5d255a34ca8590bf4a86fcb9ae1bedac296513e056e44dd9020882f7732929a9
wisata-v2_007606::c003,wisata-v2_007606,place_00146,none,test,v2-multilabel-balance,5d255a34ca8590bf4a86fcb9ae1bedac296513e056e44dd9020882f7732929a9
wisata-v2_007607::c001,wisata-v2_007607,place_00146,none,test,v2-multilabel-balance,5d255a34ca8590bf4a86fcb9ae1bedac296513e056e44dd9020882f7732929a9
wisata-v2_007612::c002,wisata-v2_007612,place_00146,harga,test,v2-multilabel-balance,5d255a34ca8590bf4a86fcb9ae1bedac296513e056e44dd9020882f7732929a9
wisata-v2_007618::c005,wisata-v2_007618,place_00146,budaya,test,v2-multilabel-balance,5d255a34ca8590bf4a86fcb9ae1bedac296513e056e44dd9020882f7732929a9
resto-hotel-v2_008024::c003,resto-hotel-v2_008024,place_00152,makanan,test,v2-multilabel-balance,5d255a34ca8590bf4a86fcb9ae1bedac296513e056e44dd9020882f7732929a9
resto-hotel-v2_008025::c000,resto-hotel-v2_008025,place_00152,makanan|pemandangan,test,v2-multilabel-balance,5d255a34ca8590bf4a86fcb9ae1bedac296513e056e44dd9020882f7732929a9
resto-hotel-v2_008028::c000,resto-hotel-v2_008028,place_00152,harga|makanan,test,v2-multilabel-balance,5d255a34ca8590bf4a86fcb9ae1bedac296513e056e44dd9020882f7732929a9
resto-hotel-v2_008039::c000,resto-hotel-v2_008039,place_00152,makanan|akomodasi,test,v2-multilabel-balance,5d255a34ca8590bf4a86fcb9ae1bedac296513e056e44dd9020882f7732929a9
resto-hotel-v2_008056::c000,resto-hotel-v2_008056,place_00152,akses_jalan|transportasi|makanan,test,v2-multilabel-balance,5d255a34ca8590bf4a86fcb9ae1bedac296513e056e44dd9020882f7732929a9
resto-hotel-v2_008072::c000,resto-hotel-v2_008072,place_00152,harga|pelayanan|makanan|pemandangan,test,v2-multilabel-balance,5d255a34ca8590bf4a86fcb9ae1bedac296513e056e44dd9020882f7732929a9
resto-hotel-v2_008089::c000,resto-hotel-v2_008089,place_00152,makanan|pemandangan,test,v2-multilabel-balance,5d255a34ca8590bf4a86fcb9ae1bedac296513e056e44dd9020882f7732929a9
wisata-v2_011335::c000,wisata-v2_011335,place_00161,kebersihan|pelayanan|keamanan|pemandangan,test,v2-multilabel-balance,5d255a34ca8590bf4a86fcb9ae1bedac296513e056e44dd9020882f7732929a9
wisata-v2_011336::c001,wisata-v2_011336,place_00161,none,test,v2-multilabel-balance,5d255a34ca8590bf4a86fcb9ae1bedac296513e056e44dd9020882f7732929a9
wisata-v2_011340::c000,wisata-v2_011340,place_00161,pemandangan|keramaian,test,v2-multilabel-balance,5d255a34ca8590bf4a86fcb9ae1bedac296513e056e44dd9020882f7732929a9
wisata-v2_001931::c004,wisata-v2_001931,place_00164,transportasi|parkir|harga,test,v2-multilabel-balance,5d255a34ca8590bf4a86fcb9ae1bedac296513e056e44dd9020882f7732929a9
wisata-v2_001931::c006,wisata-v2_001931,place_00164,toilet|harga,test,v2-multilabel-balance,5d255a34ca8590bf4a86fcb9ae1bedac296513e056e44dd9020882f7732929a9
wisata-v2_001933::c000,wisata-v2_001933,place_00164,none,test,v2-multilabel-balance,5d255a34ca8590bf4a86fcb9ae1bedac296513e056e44dd9020882f7732929a9
wisata-v2_001945::c004,wisata-v2_001945,place_00164,none,test,v2-multilabel-balance,5d255a34ca8590bf4a86fcb9ae1bedac296513e056e44dd9020882f7732929a9
wisata-v2_001950::c000,wisata-v2_001950,place_00164,kebersihan|harga|fasilitas_umum|pemandangan|aksesibilitas,test,v2-multilabel-balance,5d255a34ca8590bf4a86fcb9ae1bedac296513e056e44dd9020882f7732929a9
wisata-v2_005260::c004,wisata-v2_005260,place_00167,pemandangan,test,v2-multilabel-balance,5d255a34ca8590bf4a86fcb9ae1bedac296513e056e44dd9020882f7732929a9
wisata-v2_010015::c001,wisata-v2_010015,place_00171,kebersihan|pelayanan,test,v2-multilabel-balance,5d255a34ca8590bf4a86fcb9ae1bedac296513e056e44dd9020882f7732929a9
wisata-v2_010024::c000,wisata-v2_010024,place_00171,makanan|keamanan,test,v2-multilabel-balance,5d255a34ca8590bf4a86fcb9ae1bedac296513e056e44dd9020882f7732929a9
wisata-v2_010026::c000,wisata-v2_010026,place_00171,keramaian,test,v2-multilabel-balance,5d255a34ca8590bf4a86fcb9ae1bedac296513e056e44dd9020882f7732929a9
wisata-v2_010046::c000,wisata-v2_010046,place_00171,parkir|toilet|harga|fasilitas_umum,test,v2-multilabel-balance,5d255a34ca8590bf4a86fcb9ae1bedac296513e056e44dd9020882f7732929a9
wisata-v2_010082::c001,wisata-v2_010082,place_00171,kebersihan|fasilitas_umum|keramaian,test,v2-multilabel-balance,5d255a34ca8590bf4a86fcb9ae1bedac296513e056e44dd9020882f7732929a9
wisata-v2_010084::c000,wisata-v2_010084,place_00171,harga|keramaian,test,v2-multilabel-balance,5d255a34ca8590bf4a86fcb9ae1bedac296513e056e44dd9020882f7732929a9
wisata-v2_010091::c003,wisata-v2_010091,place_00171,transportasi|parkir|pemandangan,test,v2-multilabel-balance,5d255a34ca8590bf4a86fcb9ae1bedac296513e056e44dd9020882f7732929a9
wisata-v2_010095::c004,wisata-v2_010095,place_00171,harga|fasilitas_umum,test,v2-multilabel-balance,5d255a34ca8590bf4a86fcb9ae1bedac296513e056e44dd9020882f7732929a9
wisata-v2_010122::c000,wisata-v2_010122,place_00171,keramaian,test,v2-multilabel-balance,5d255a34ca8590bf4a86fcb9ae1bedac296513e056e44dd9020882f7732929a9
wisata-v2_010137::c005,wisata-v2_010137,place_00171,harga|makanan|aksesibilitas,test,v2-multilabel-balance,5d255a34ca8590bf4a86fcb9ae1bedac296513e056e44dd9020882f7732929a9
wisata-v2_010147::c000,wisata-v2_010147,place_00171,transportasi|parkir|harga|akomodasi|keamanan|fasilitas_umum|aksesibilitas,test,v2-multilabel-balance,5d255a34ca8590bf4a86fcb9ae1bedac296513e056e44dd9020882f7732929a9
wisata-v2_010202::c001,wisata-v2_010202,place_00171,akses_jalan|parkir|kebersihan|harga|pelayanan|fasilitas_umum|pemandangan|lainnya,test,v2-multilabel-balance,5d255a34ca8590bf4a86fcb9ae1bedac296513e056e44dd9020882f7732929a9
wisata-v2_009860::c000,wisata-v2_009860,place_00175,pemandangan,test,v2-multilabel-balance,5d255a34ca8590bf4a86fcb9ae1bedac296513e056e44dd9020882f7732929a9
wisata-v2_009862::c001,wisata-v2_009862,place_00175,keamanan|pemandangan,test,v2-multilabel-balance,5d255a34ca8590bf4a86fcb9ae1bedac296513e056e44dd9020882f7732929a9
resto-hotel-v2_001577::c000,resto-hotel-v2_001577,place_00182,keramaian,test,v2-multilabel-balance,5d255a34ca8590bf4a86fcb9ae1bedac296513e056e44dd9020882f7732929a9
resto-hotel-v2_001580::c001,resto-hotel-v2_001580,place_00182,akses_jalan,test,v2-multilabel-balance,5d255a34ca8590bf4a86fcb9ae1bedac296513e056e44dd9020882f7732929a9
resto-hotel-v2_005968::c001,resto-hotel-v2_005968,place_00197,none,test,v2-multilabel-balance,5d255a34ca8590bf4a86fcb9ae1bedac296513e056e44dd9020882f7732929a9
resto-hotel-v2_005972::c000,resto-hotel-v2_005972,place_00197,pelayanan|makanan,test,v2-multilabel-balance,5d255a34ca8590bf4a86fcb9ae1bedac296513e056e44dd9020882f7732929a9
resto-hotel-v2_006006::c001,resto-hotel-v2_006006,place_00197,kebersihan|toilet,test,v2-multilabel-balance,5d255a34ca8590bf4a86fcb9ae1bedac296513e056e44dd9020882f7732929a9
resto-hotel-v2_006018::c006,resto-hotel-v2_006018,place_00197,makanan|oleh_oleh,test,v2-multilabel-balance,5d255a34ca8590bf4a86fcb9ae1bedac296513e056e44dd9020882f7732929a9
resto-hotel-v2_006035::c004,resto-hotel-v2_006035,place_00197,harga|makanan,test,v2-multilabel-balance,5d255a34ca8590bf4a86fcb9ae1bedac296513e056e44dd9020882f7732929a9
resto-hotel-v2_006040::c000,resto-hotel-v2_006040,place_00197,none,test,v2-multilabel-balance,5d255a34ca8590bf4a86fcb9ae1bedac296513e056e44dd9020882f7732929a9
resto-hotel-v2_006066::c002,resto-hotel-v2_006066,place_00197,keramaian,test,v2-multilabel-balance,5d255a34ca8590bf4a86fcb9ae1bedac296513e056e44dd9020882f7732929a9
resto-hotel-v2_006091::c001,resto-hotel-v2_006091,place_00197,none,test,v2-multilabel-balance,5d255a34ca8590bf4a86fcb9ae1bedac296513e056e44dd9020882f7732929a9
resto-hotel-v2_006094::c000,resto-hotel-v2_006094,place_00197,harga|makanan|jam_operasional|pemandangan,test,v2-multilabel-balance,5d255a34ca8590bf4a86fcb9ae1bedac296513e056e44dd9020882f7732929a9
resto-hotel-v2_007192::c000,resto-hotel-v2_007192,place_00215,parkir|kebersihan|harga|pelayanan|akomodasi|fasilitas_umum|internet_sinyal,test,v2-multilabel-balance,5d255a34ca8590bf4a86fcb9ae1bedac296513e056e44dd9020882f7732929a9
resto-hotel-v2_007199::c003,resto-hotel-v2_007199,place_00215,makanan,test,v2-multilabel-balance,5d255a34ca8590bf4a86fcb9ae1bedac296513e056e44dd9020882f7732929a9
resto-hotel-v2_009170::c000,resto-hotel-v2_009170,place_00231,makanan,test,v2-multilabel-balance,5d255a34ca8590bf4a86fcb9ae1bedac296513e056e44dd9020882f7732929a9
resto-hotel-v2_009171::c002,resto-hotel-v2_009171,place_00231,keramaian,test,v2-multilabel-balance,5d255a34ca8590bf4a86fcb9ae1bedac296513e056e44dd9020882f7732929a9
resto-hotel-v2_006432::c000,resto-hotel-v2_006432,place_00243,makanan,test,v2-multilabel-balance,5d255a34ca8590bf4a86fcb9ae1bedac296513e056e44dd9020882f7732929a9
resto-hotel-v2_006432::c001,resto-hotel-v2_006432,place_00243,harga|makanan|pemandangan,test,v2-multilabel-balance,5d255a34ca8590bf4a86fcb9ae1bedac296513e056e44dd9020882f7732929a9
resto-hotel-v2_006444::c002,resto-hotel-v2_006444,place_00243,akses_jalan|parkir|makanan,test,v2-multilabel-balance,5d255a34ca8590bf4a86fcb9ae1bedac296513e056e44dd9020882f7732929a9
resto-hotel-v2_006449::c004,resto-hotel-v2_006449,place_00243,pemandangan|internet_sinyal,test,v2-multilabel-balance,5d255a34ca8590bf4a86fcb9ae1bedac296513e056e44dd9020882f7732929a9
resto-hotel-v2_007957::c003,resto-hotel-v2_007957,place_00253,pelayanan|keramaian,test,v2-multilabel-balance,5d255a34ca8590bf4a86fcb9ae1bedac296513e056e44dd9020882f7732929a9
resto-hotel-v2_007976::c002,resto-hotel-v2_007976,place_00253,makanan,test,v2-multilabel-balance,5d255a34ca8590bf4a86fcb9ae1bedac296513e056e44dd9020882f7732929a9
resto-hotel-v2_001631::c000,resto-hotel-v2_001631,place_00264,harga|makanan,test,v2-multilabel-balance,5d255a34ca8590bf4a86fcb9ae1bedac296513e056e44dd9020882f7732929a9
wisata-v2_007842::c001,wisata-v2_007842,place_00281,kebersihan|keamanan,test,v2-multilabel-balance,5d255a34ca8590bf4a86fcb9ae1bedac296513e056e44dd9020882f7732929a9
resto-hotel-v2_004725::c000,resto-hotel-v2_004725,place_00290,pelayanan|makanan,test,v2-multilabel-balance,5d255a34ca8590bf4a86fcb9ae1bedac296513e056e44dd9020882f7732929a9
resto-hotel-v2_004728::c002,resto-hotel-v2_004728,place_00290,pelayanan,test,v2-multilabel-balance,5d255a34ca8590bf4a86fcb9ae1bedac296513e056e44dd9020882f7732929a9
resto-hotel-v2_004745::c000,resto-hotel-v2_004745,place_00290,pelayanan|makanan,test,v2-multilabel-balance,5d255a34ca8590bf4a86fcb9ae1bedac296513e056e44dd9020882f7732929a9
resto-hotel-v2_004752::c000,resto-hotel-v2_004752,place_00290,makanan,test,v2-multilabel-balance,5d255a34ca8590bf4a86fcb9ae1bedac296513e056e44dd9020882f7732929a9
resto-hotel-v2_004755::c002,resto-hotel-v2_004755,place_00290,harga,test,v2-multilabel-balance,5d255a34ca8590bf4a86fcb9ae1bedac296513e056e44dd9020882f7732929a9
resto-hotel-v2_004776::c002,resto-hotel-v2_004776,place_00290,akses_jalan|makanan,test,v2-multilabel-balance,5d255a34ca8590bf4a86fcb9ae1bedac296513e056e44dd9020882f7732929a9
resto-hotel-v2_004803::c002,resto-hotel-v2_004803,place_00290,pelayanan|internet_sinyal,test,v2-multilabel-balance,5d255a34ca8590bf4a86fcb9ae1bedac296513e056e44dd9020882f7732929a9
resto-hotel-v2_004818::c000,resto-hotel-v2_004818,place_00290,makanan,test,v2-multilabel-balance,5d255a34ca8590bf4a86fcb9ae1bedac296513e056e44dd9020882f7732929a9
resto-hotel-v2_004832::c000,resto-hotel-v2_004832,place_00290,pelayanan|makanan,test,v2-multilabel-balance,5d255a34ca8590bf4a86fcb9ae1bedac296513e056e44dd9020882f7732929a9
resto-hotel-v2_004833::c000,resto-hotel-v2_004833,place_00290,pelayanan|makanan,test,v2-multilabel-balance,5d255a34ca8590bf4a86fcb9ae1bedac296513e056e44dd9020882f7732929a9
resto-hotel-v2_004837::c001,resto-hotel-v2_004837,place_00290,pelayanan|keramaian,test,v2-multilabel-balance,5d255a34ca8590bf4a86fcb9ae1bedac296513e056e44dd9020882f7732929a9
resto-hotel-v2_004849::c001,resto-hotel-v2_004849,place_00290,internet_sinyal,test,v2-multilabel-balance,5d255a34ca8590bf4a86fcb9ae1bedac296513e056e44dd9020882f7732929a9
wisata-v2_009143::c000,wisata-v2_009143,place_00292,pemandangan,test,v2-multilabel-balance,5d255a34ca8590bf4a86fcb9ae1bedac296513e056e44dd9020882f7732929a9
wisata-v2_009211::c002,wisata-v2_009211,place_00294,harga|akomodasi|fasilitas_umum,test,v2-multilabel-balance,5d255a34ca8590bf4a86fcb9ae1bedac296513e056e44dd9020882f7732929a9
wisata-v2_009239::c004,wisata-v2_009239,place_00294,none,test,v2-multilabel-balance,5d255a34ca8590bf4a86fcb9ae1bedac296513e056e44dd9020882f7732929a9
wisata-v2_009267::c000,wisata-v2_009267,place_00294,pemandangan,test,v2-multilabel-balance,5d255a34ca8590bf4a86fcb9ae1bedac296513e056e44dd9020882f7732929a9
wisata-v2_009316::c000,wisata-v2_009316,place_00294,pemandangan,test,v2-multilabel-balance,5d255a34ca8590bf4a86fcb9ae1bedac296513e056e44dd9020882f7732929a9
wisata-v2_009325::c000,wisata-v2_009325,place_00294,kebersihan|toilet|pelayanan,test,v2-multilabel-balance,5d255a34ca8590bf4a86fcb9ae1bedac296513e056e44dd9020882f7732929a9
wisata-v2_009337::c000,wisata-v2_009337,place_00294,akses_jalan|jam_operasional,test,v2-multilabel-balance,5d255a34ca8590bf4a86fcb9ae1bedac296513e056e44dd9020882f7732929a9
wisata-v2_009343::c000,wisata-v2_009343,place_00294,akses_jalan|parkir,test,v2-multilabel-balance,5d255a34ca8590bf4a86fcb9ae1bedac296513e056e44dd9020882f7732929a9
wisata-v2_009375::c002,wisata-v2_009375,place_00294,transportasi,test,v2-multilabel-balance,5d255a34ca8590bf4a86fcb9ae1bedac296513e056e44dd9020882f7732929a9
wisata-v2_009397::c000,wisata-v2_009397,place_00294,akses_jalan|parkir|kebersihan|toilet|harga|pelayanan|akomodasi|keamanan|fasilitas_umum|pemandangan,test,v2-multilabel-balance,5d255a34ca8590bf4a86fcb9ae1bedac296513e056e44dd9020882f7732929a9
wisata-v2_009401::c002,wisata-v2_009401,place_00294,fasilitas_umum,test,v2-multilabel-balance,5d255a34ca8590bf4a86fcb9ae1bedac296513e056e44dd9020882f7732929a9
wisata-v2_009406::c010,wisata-v2_009406,place_00294,pelayanan,test,v2-multilabel-balance,5d255a34ca8590bf4a86fcb9ae1bedac296513e056e44dd9020882f7732929a9
resto-hotel-v2_000677::c001,resto-hotel-v2_000677,place_00296,kebersihan|akomodasi|fasilitas_umum|aksesibilitas,test,v2-multilabel-balance,5d255a34ca8590bf4a86fcb9ae1bedac296513e056e44dd9020882f7732929a9
resto-hotel-v2_000681::c005,resto-hotel-v2_000681,place_00296,toilet|akomodasi|keamanan,test,v2-multilabel-balance,5d255a34ca8590bf4a86fcb9ae1bedac296513e056e44dd9020882f7732929a9
resto-hotel-v2_000682::c000,resto-hotel-v2_000682,place_00296,harga|pelayanan|makanan,test,v2-multilabel-balance,5d255a34ca8590bf4a86fcb9ae1bedac296513e056e44dd9020882f7732929a9
resto-hotel-v2_000686::c003,resto-hotel-v2_000686,place_00296,internet_sinyal,test,v2-multilabel-balance,5d255a34ca8590bf4a86fcb9ae1bedac296513e056e44dd9020882f7732929a9
resto-hotel-v2_000686::c009,resto-hotel-v2_000686,place_00296,makanan,test,v2-multilabel-balance,5d255a34ca8590bf4a86fcb9ae1bedac296513e056e44dd9020882f7732929a9
resto-hotel-v2_000688::c002,resto-hotel-v2_000688,place_00296,internet_sinyal,test,v2-multilabel-balance,5d255a34ca8590bf4a86fcb9ae1bedac296513e056e44dd9020882f7732929a9
resto-hotel-v2_000692::c000,resto-hotel-v2_000692,place_00296,parkir|harga,test,v2-multilabel-balance,5d255a34ca8590bf4a86fcb9ae1bedac296513e056e44dd9020882f7732929a9
resto-hotel-v2_000695::c000,resto-hotel-v2_000695,place_00296,kebersihan|akomodasi,test,v2-multilabel-balance,5d255a34ca8590bf4a86fcb9ae1bedac296513e056e44dd9020882f7732929a9
resto-hotel-v2_000712::c001,resto-hotel-v2_000712,place_00296,makanan|fasilitas_umum,test,v2-multilabel-balance,5d255a34ca8590bf4a86fcb9ae1bedac296513e056e44dd9020882f7732929a9
resto-hotel-v2_000722::c000,resto-hotel-v2_000722,place_00296,pelayanan|akomodasi|aksesibilitas|budaya,test,v2-multilabel-balance,5d255a34ca8590bf4a86fcb9ae1bedac296513e056e44dd9020882f7732929a9
resto-hotel-v2_000729::c000,resto-hotel-v2_000729,place_00296,budaya,test,v2-multilabel-balance,5d255a34ca8590bf4a86fcb9ae1bedac296513e056e44dd9020882f7732929a9
resto-hotel-v2_000729::c002,resto-hotel-v2_000729,place_00296,pemandangan|budaya,test,v2-multilabel-balance,5d255a34ca8590bf4a86fcb9ae1bedac296513e056e44dd9020882f7732929a9
resto-hotel-v2_007496::c001,resto-hotel-v2_007496,place_00301,makanan,test,v2-multilabel-balance,5d255a34ca8590bf4a86fcb9ae1bedac296513e056e44dd9020882f7732929a9
resto-hotel-v2_007521::c000,resto-hotel-v2_007521,place_00301,none,test,v2-multilabel-balance,5d255a34ca8590bf4a86fcb9ae1bedac296513e056e44dd9020882f7732929a9
resto-hotel-v2_007523::c001,resto-hotel-v2_007523,place_00301,makanan|keramaian,test,v2-multilabel-balance,5d255a34ca8590bf4a86fcb9ae1bedac296513e056e44dd9020882f7732929a9
resto-hotel-v2_007545::c001,resto-hotel-v2_007545,place_00301,keamanan,test,v2-multilabel-balance,5d255a34ca8590bf4a86fcb9ae1bedac296513e056e44dd9020882f7732929a9
resto-hotel-v2_007556::c001,resto-hotel-v2_007556,place_00301,makanan,test,v2-multilabel-balance,5d255a34ca8590bf4a86fcb9ae1bedac296513e056e44dd9020882f7732929a9
resto-hotel-v2_007580::c000,resto-hotel-v2_007580,place_00301,none,test,v2-multilabel-balance,5d255a34ca8590bf4a86fcb9ae1bedac296513e056e44dd9020882f7732929a9
resto-hotel-v2_007286::c000,resto-hotel-v2_007286,place_00310,akses_jalan|jam_operasional,test,v2-multilabel-balance,5d255a34ca8590bf4a86fcb9ae1bedac296513e056e44dd9020882f7732929a9
resto-hotel-v2_007287::c001,resto-hotel-v2_007287,place_00310,akses_jalan,test,v2-multilabel-balance,5d255a34ca8590bf4a86fcb9ae1bedac296513e056e44dd9020882f7732929a9
wisata-v2_002708::c000,wisata-v2_002708,place_00335,none,test,v2-multilabel-balance,5d255a34ca8590bf4a86fcb9ae1bedac296513e056e44dd9020882f7732929a9
wisata-v2_002730::c001,wisata-v2_002730,place_00335,keamanan,test,v2-multilabel-balance,5d255a34ca8590bf4a86fcb9ae1bedac296513e056e44dd9020882f7732929a9
wisata-v2_002767::c002,wisata-v2_002767,place_00335,none,test,v2-multilabel-balance,5d255a34ca8590bf4a86fcb9ae1bedac296513e056e44dd9020882f7732929a9
wisata-v2_002805::c001,wisata-v2_002805,place_00335,toilet|makanan,test,v2-multilabel-balance,5d255a34ca8590bf4a86fcb9ae1bedac296513e056e44dd9020882f7732929a9
wisata-v2_002831::c001,wisata-v2_002831,place_00335,keramaian,test,v2-multilabel-balance,5d255a34ca8590bf4a86fcb9ae1bedac296513e056e44dd9020882f7732929a9
wisata-v2_002857::c003,wisata-v2_002857,place_00335,pelayanan,test,v2-multilabel-balance,5d255a34ca8590bf4a86fcb9ae1bedac296513e056e44dd9020882f7732929a9
wisata-v2_002865::c001,wisata-v2_002865,place_00335,akses_jalan|pelayanan,test,v2-multilabel-balance,5d255a34ca8590bf4a86fcb9ae1bedac296513e056e44dd9020882f7732929a9
wisata-v2_002866::c002,wisata-v2_002866,place_00335,pelayanan,test,v2-multilabel-balance,5d255a34ca8590bf4a86fcb9ae1bedac296513e056e44dd9020882f7732929a9
wisata-v2_002866::c003,wisata-v2_002866,place_00335,fasilitas_umum,test,v2-multilabel-balance,5d255a34ca8590bf4a86fcb9ae1bedac296513e056e44dd9020882f7732929a9
resto-hotel-v2_007325::c003,resto-hotel-v2_007325,place_00356,toilet,test,v2-multilabel-balance,5d255a34ca8590bf4a86fcb9ae1bedac296513e056e44dd9020882f7732929a9
resto-hotel-v2_007326::c002,resto-hotel-v2_007326,place_00356,parkir|toilet,test,v2-multilabel-balance,5d255a34ca8590bf4a86fcb9ae1bedac296513e056e44dd9020882f7732929a9
resto-hotel-v2_007326::c005,resto-hotel-v2_007326,place_00356,none,test,v2-multilabel-balance,5d255a34ca8590bf4a86fcb9ae1bedac296513e056e44dd9020882f7732929a9
resto-hotel-v2_007330::c000,resto-hotel-v2_007330,place_00356,budaya,test,v2-multilabel-balance,5d255a34ca8590bf4a86fcb9ae1bedac296513e056e44dd9020882f7732929a9
resto-hotel-v2_007334::c000,resto-hotel-v2_007334,place_00356,keamanan,test,v2-multilabel-balance,5d255a34ca8590bf4a86fcb9ae1bedac296513e056e44dd9020882f7732929a9
resto-hotel-v2_009404::c000,resto-hotel-v2_009404,place_00359,harga|makanan,test,v2-multilabel-balance,5d255a34ca8590bf4a86fcb9ae1bedac296513e056e44dd9020882f7732929a9
wisata-v2_012450::c001,wisata-v2_012450,place_00379,jam_operasional,test,v2-multilabel-balance,5d255a34ca8590bf4a86fcb9ae1bedac296513e056e44dd9020882f7732929a9
wisata-v2_012469::c002,wisata-v2_012469,place_00379,none,test,v2-multilabel-balance,5d255a34ca8590bf4a86fcb9ae1bedac296513e056e44dd9020882f7732929a9
wisata-v2_012484::c000,wisata-v2_012484,place_00379,kebersihan,test,v2-multilabel-balance,5d255a34ca8590bf4a86fcb9ae1bedac296513e056e44dd9020882f7732929a9
wisata-v2_012502::c000,wisata-v2_012502,place_00379,none,test,v2-multilabel-balance,5d255a34ca8590bf4a86fcb9ae1bedac296513e056e44dd9020882f7732929a9
wisata-v2_012521::c000,wisata-v2_012521,place_00379,parkir|kebersihan|toilet|makanan|keamanan|fasilitas_umum,test,v2-multilabel-balance,5d255a34ca8590bf4a86fcb9ae1bedac296513e056e44dd9020882f7732929a9
wisata-v2_012544::c000,wisata-v2_012544,place_00379,kebersihan,test,v2-multilabel-balance,5d255a34ca8590bf4a86fcb9ae1bedac296513e056e44dd9020882f7732929a9
wisata-v2_012561::c000,wisata-v2_012561,place_00379,fasilitas_umum,test,v2-multilabel-balance,5d255a34ca8590bf4a86fcb9ae1bedac296513e056e44dd9020882f7732929a9
wisata-v2_012564::c000,wisata-v2_012564,place_00379,none,test,v2-multilabel-balance,5d255a34ca8590bf4a86fcb9ae1bedac296513e056e44dd9020882f7732929a9
wisata-v2_012565::c000,wisata-v2_012565,place_00379,fasilitas_umum,test,v2-multilabel-balance,5d255a34ca8590bf4a86fcb9ae1bedac296513e056e44dd9020882f7732929a9
resto-hotel-v2_007881::c003,resto-hotel-v2_007881,place_00001,makanan|jam_operasional|keramaian,train,v2-multilabel-balance,5d255a34ca8590bf4a86fcb9ae1bedac296513e056e44dd9020882f7732929a9
wisata-v2_005551::c000,wisata-v2_005551,place_00003,keramaian,train,v2-multilabel-balance,5d255a34ca8590bf4a86fcb9ae1bedac296513e056e44dd9020882f7732929a9
wisata-v2_005592::c002,wisata-v2_005592,place_00003,jam_operasional,train,v2-multilabel-balance,5d255a34ca8590bf4a86fcb9ae1bedac296513e056e44dd9020882f7732929a9
wisata-v2_005619::c002,wisata-v2_005619,place_00003,akses_jalan|keamanan,train,v2-multilabel-balance,5d255a34ca8590bf4a86fcb9ae1bedac296513e056e44dd9020882f7732929a9
wisata-v2_005634::c000,wisata-v2_005634,place_00003,toilet|harga,train,v2-multilabel-balance,5d255a34ca8590bf4a86fcb9ae1bedac296513e056e44dd9020882f7732929a9
wisata-v2_005660::c000,wisata-v2_005660,place_00003,harga|makanan|fasilitas_umum,train,v2-multilabel-balance,5d255a34ca8590bf4a86fcb9ae1bedac296513e056e44dd9020882f7732929a9
wisata-v2_005662::c000,wisata-v2_005662,place_00003,jam_operasional|fasilitas_umum|keramaian,train,v2-multilabel-balance,5d255a34ca8590bf4a86fcb9ae1bedac296513e056e44dd9020882f7732929a9
wisata-v2_005704::c003,wisata-v2_005704,place_00003,harga,train,v2-multilabel-balance,5d255a34ca8590bf4a86fcb9ae1bedac296513e056e44dd9020882f7732929a9
wisata-v2_005719::c002,wisata-v2_005719,place_00003,harga,train,v2-multilabel-balance,5d255a34ca8590bf4a86fcb9ae1bedac296513e056e44dd9020882f7732929a9
wisata-v2_005748::c002,wisata-v2_005748,place_00003,toilet|makanan|fasilitas_umum,train,v2-multilabel-balance,5d255a34ca8590bf4a86fcb9ae1bedac296513e056e44dd9020882f7732929a9
wisata-v2_005772::c000,wisata-v2_005772,place_00003,akomodasi|fasilitas_umum|pemandangan,train,v2-multilabel-balance,5d255a34ca8590bf4a86fcb9ae1bedac296513e056e44dd9020882f7732929a9
wisata-v2_005807::c000,wisata-v2_005807,place_00003,kebersihan|pelayanan|fasilitas_umum,train,v2-multilabel-balance,5d255a34ca8590bf4a86fcb9ae1bedac296513e056e44dd9020882f7732929a9
wisata-v2_005818::c000,wisata-v2_005818,place_00003,harga,train,v2-multilabel-balance,5d255a34ca8590bf4a86fcb9ae1bedac296513e056e44dd9020882f7732929a9
wisata-v2_009103::c002,wisata-v2_009103,place_00004,pelayanan|budaya,train,v2-multilabel-balance,5d255a34ca8590bf4a86fcb9ae1bedac296513e056e44dd9020882f7732929a9
wisata-v2_002904::c000,wisata-v2_002904,place_00005,fasilitas_umum,train,v2-multilabel-balance,5d255a34ca8590bf4a86fcb9ae1bedac296513e056e44dd9020882f7732929a9
wisata-v2_006502::c001,wisata-v2_006502,place_00007,none,train,v2-multilabel-balance,5d255a34ca8590bf4a86fcb9ae1bedac296513e056e44dd9020882f7732929a9
wisata-v2_006515::c000,wisata-v2_006515,place_00007,kebersihan,train,v2-multilabel-balance,5d255a34ca8590bf4a86fcb9ae1bedac296513e056e44dd9020882f7732929a9
wisata-v2_006519::c000,wisata-v2_006519,place_00007,fasilitas_umum,train,v2-multilabel-balance,5d255a34ca8590bf4a86fcb9ae1bedac296513e056e44dd9020882f7732929a9
wisata-v2_006590::c001,wisata-v2_006590,place_00007,akses_jalan,train,v2-multilabel-balance,5d255a34ca8590bf4a86fcb9ae1bedac296513e056e44dd9020882f7732929a9
wisata-v2_006595::c003,wisata-v2_006595,place_00007,keamanan|pemandangan,train,v2-multilabel-balance,5d255a34ca8590bf4a86fcb9ae1bedac296513e056e44dd9020882f7732929a9
wisata-v2_006615::c001,wisata-v2_006615,place_00007,keamanan,train,v2-multilabel-balance,5d255a34ca8590bf4a86fcb9ae1bedac296513e056e44dd9020882f7732929a9
wisata-v2_006634::c000,wisata-v2_006634,place_00007,kebersihan,train,v2-multilabel-balance,5d255a34ca8590bf4a86fcb9ae1bedac296513e056e44dd9020882f7732929a9
wisata-v2_006659::c000,wisata-v2_006659,place_00007,parkir|harga|fasilitas_umum,train,v2-multilabel-balance,5d255a34ca8590bf4a86fcb9ae1bedac296513e056e44dd9020882f7732929a9
wisata-v2_006672::c000,wisata-v2_006672,place_00007,kebersihan|keramaian,train,v2-multilabel-balance,5d255a34ca8590bf4a86fcb9ae1bedac296513e056e44dd9020882f7732929a9
wisata-v2_006690::c000,wisata-v2_006690,place_00007,parkir|harga,train,v2-multilabel-balance,5d255a34ca8590bf4a86fcb9ae1bedac296513e056e44dd9020882f7732929a9
wisata-v2_006698::c000,wisata-v2_006698,place_00007,pelayanan|makanan|fasilitas_umum|pemandangan,train,v2-multilabel-balance,5d255a34ca8590bf4a86fcb9ae1bedac296513e056e44dd9020882f7732929a9
wisata-v2_006712::c000,wisata-v2_006712,place_00007,kebersihan,train,v2-multilabel-balance,5d255a34ca8590bf4a86fcb9ae1bedac296513e056e44dd9020882f7732929a9
resto-hotel-v2_009551::c002,resto-hotel-v2_009551,place_00009,akses_jalan|kebersihan,train,v2-multilabel-balance,5d255a34ca8590bf4a86fcb9ae1bedac296513e056e44dd9020882f7732929a9
resto-hotel-v2_009553::c000,resto-hotel-v2_009553,place_00009,pemandangan|keramaian,train,v2-multilabel-balance,5d255a34ca8590bf4a86fcb9ae1bedac296513e056e44dd9020882f7732929a9
wisata-v2_012687::c002,wisata-v2_012687,place_00009,akses_jalan|kebersihan,train,v2-multilabel-balance,5d255a34ca8590bf4a86fcb9ae1bedac296513e056e44dd9020882f7732929a9
wisata-v2_012692::c000,wisata-v2_012692,place_00009,akses_jalan|pemandangan,train,v2-multilabel-balance,5d255a34ca8590bf4a86fcb9ae1bedac296513e056e44dd9020882f7732929a9
wisata-v2_000348::c000,wisata-v2_000348,place_00012,akses_jalan,train,v2-multilabel-balance,5d255a34ca8590bf4a86fcb9ae1bedac296513e056e44dd9020882f7732929a9
wisata-v2_000351::c007,wisata-v2_000351,place_00012,none,train,v2-multilabel-balance,5d255a34ca8590bf4a86fcb9ae1bedac296513e056e44dd9020882f7732929a9
wisata-v2_000376::c002,wisata-v2_000376,place_00012,akses_jalan|parkir|harga,train,v2-multilabel-balance,5d255a34ca8590bf4a86fcb9ae1bedac296513e056e44dd9020882f7732929a9
wisata-v2_000382::c000,wisata-v2_000382,place_00012,akses_jalan|parkir|pemandangan,train,v2-multilabel-balance,5d255a34ca8590bf4a86fcb9ae1bedac296513e056e44dd9020882f7732929a9
wisata-v2_001621::c000,wisata-v2_001621,place_00015,akses_jalan,train,v2-multilabel-balance,5d255a34ca8590bf4a86fcb9ae1bedac296513e056e44dd9020882f7732929a9
wisata-v2_009614::c003,wisata-v2_009614,place_00017,pemandangan,train,v2-multilabel-balance,5d255a34ca8590bf4a86fcb9ae1bedac296513e056e44dd9020882f7732929a9
wisata-v2_009630::c001,wisata-v2_009630,place_00017,kebersihan|toilet|harga,train,v2-multilabel-balance,5d255a34ca8590bf4a86fcb9ae1bedac296513e056e44dd9020882f7732929a9
wisata-v2_009639::c001,wisata-v2_009639,place_00017,kebersihan|toilet|harga,train,v2-multilabel-balance,5d255a34ca8590bf4a86fcb9ae1bedac296513e056e44dd9020882f7732929a9
wisata-v2_009695::c001,wisata-v2_009695,place_00017,parkir|harga,train,v2-multilabel-balance,5d255a34ca8590bf4a86fcb9ae1bedac296513e056e44dd9020882f7732929a9
wisata-v2_009702::c001,wisata-v2_009702,place_00017,parkir|harga,train,v2-multilabel-balance,5d255a34ca8590bf4a86fcb9ae1bedac296513e056e44dd9020882f7732929a9
wisata-v2_009715::c000,wisata-v2_009715,place_00017,keamanan,train,v2-multilabel-balance,5d255a34ca8590bf4a86fcb9ae1bedac296513e056e44dd9020882f7732929a9
wisata-v2_009718::c000,wisata-v2_009718,place_00017,parkir|harga,train,v2-multilabel-balance,5d255a34ca8590bf4a86fcb9ae1bedac296513e056e44dd9020882f7732929a9
wisata-v2_009720::c004,wisata-v2_009720,place_00017,akses_jalan|aksesibilitas,train,v2-multilabel-balance,5d255a34ca8590bf4a86fcb9ae1bedac296513e056e44dd9020882f7732929a9
wisata-v2_009725::c000,wisata-v2_009725,place_00017,akses_jalan|pemandangan,train,v2-multilabel-balance,5d255a34ca8590bf4a86fcb9ae1bedac296513e056e44dd9020882f7732929a9
wisata-v2_009753::c000,wisata-v2_009753,place_00017,akses_jalan,train,v2-multilabel-balance,5d255a34ca8590bf4a86fcb9ae1bedac296513e056e44dd9020882f7732929a9
wisata-v2_009769::c001,wisata-v2_009769,place_00017,akses_jalan|pemandangan|aksesibilitas,train,v2-multilabel-balance,5d255a34ca8590bf4a86fcb9ae1bedac296513e056e44dd9020882f7732929a9
wisata-v2_009773::c001,wisata-v2_009773,place_00017,kebersihan,train,v2-multilabel-balance,5d255a34ca8590bf4a86fcb9ae1bedac296513e056e44dd9020882f7732929a9
tempat-wisata-v1_000017::c000,tempat-wisata-v1_000017,place_00019,toilet|harga|makanan,train,v2-multilabel-balance,5d255a34ca8590bf4a86fcb9ae1bedac296513e056e44dd9020882f7732929a9
wisata-v2_001476::c003,wisata-v2_001476,place_00019,transportasi|pemandangan,train,v2-multilabel-balance,5d255a34ca8590bf4a86fcb9ae1bedac296513e056e44dd9020882f7732929a9
wisata-v2_001476::c005,wisata-v2_001476,place_00019,akses_jalan|transportasi,train,v2-multilabel-balance,5d255a34ca8590bf4a86fcb9ae1bedac296513e056e44dd9020882f7732929a9
wisata-v2_001517::c001,wisata-v2_001517,place_00019,transportasi,train,v2-multilabel-balance,5d255a34ca8590bf4a86fcb9ae1bedac296513e056e44dd9020882f7732929a9
wisata-v2_001519::c000,wisata-v2_001519,place_00019,transportasi|pemandangan,train,v2-multilabel-balance,5d255a34ca8590bf4a86fcb9ae1bedac296513e056e44dd9020882f7732929a9
wisata-v2_001519::c002,wisata-v2_001519,place_00019,toilet|fasilitas_umum,train,v2-multilabel-balance,5d255a34ca8590bf4a86fcb9ae1bedac296513e056e44dd9020882f7732929a9
wisata-v2_001520::c000,wisata-v2_001520,place_00019,akses_jalan|transportasi,train,v2-multilabel-balance,5d255a34ca8590bf4a86fcb9ae1bedac296513e056e44dd9020882f7732929a9
wisata-v2_001528::c004,wisata-v2_001528,place_00019,transportasi|harga,train,v2-multilabel-balance,5d255a34ca8590bf4a86fcb9ae1bedac296513e056e44dd9020882f7732929a9
wisata-v2_001551::c000,wisata-v2_001551,place_00019,transportasi|fasilitas_umum,train,v2-multilabel-balance,5d255a34ca8590bf4a86fcb9ae1bedac296513e056e44dd9020882f7732929a9
wisata-v2_001595::c001,wisata-v2_001595,place_00019,transportasi,train,v2-multilabel-balance,5d255a34ca8590bf4a86fcb9ae1bedac296513e056e44dd9020882f7732929a9
wisata-v2_001603::c001,wisata-v2_001603,place_00019,akses_jalan,train,v2-multilabel-balance,5d255a34ca8590bf4a86fcb9ae1bedac296513e056e44dd9020882f7732929a9
resto-hotel-v2_005101::c001,resto-hotel-v2_005101,place_00023,transportasi|fasilitas_umum,train,v2-multilabel-balance,5d255a34ca8590bf4a86fcb9ae1bedac296513e056e44dd9020882f7732929a9
resto-hotel-v2_005134::c006,resto-hotel-v2_005134,place_00023,harga|internet_sinyal,train,v2-multilabel-balance,5d255a34ca8590bf4a86fcb9ae1bedac296513e056e44dd9020882f7732929a9
resto-hotel-v2_005136::c004,resto-hotel-v2_005136,place_00023,pelayanan|makanan,train,v2-multilabel-balance,5d255a34ca8590bf4a86fcb9ae1bedac296513e056e44dd9020882f7732929a9
resto-hotel-v2_007621::c001,resto-hotel-v2_007621,place_00024,makanan,train,v2-multilabel-balance,5d255a34ca8590bf4a86fcb9ae1bedac296513e056e44dd9020882f7732929a9
resto-hotel-v2_006498::c002,resto-hotel-v2_006498,place_00026,harga|makanan,train,v2-multilabel-balance,5d255a34ca8590bf4a86fcb9ae1bedac296513e056e44dd9020882f7732929a9
resto-hotel-v2_006511::c000,resto-hotel-v2_006511,place_00026,kebersihan|pelayanan|makanan,train,v2-multilabel-balance,5d255a34ca8590bf4a86fcb9ae1bedac296513e056e44dd9020882f7732929a9
resto-hotel-v2_006513::c000,resto-hotel-v2_006513,place_00026,transportasi|jam_operasional,train,v2-multilabel-balance,5d255a34ca8590bf4a86fcb9ae1bedac296513e056e44dd9020882f7732929a9
resto-hotel-v2_006520::c000,resto-hotel-v2_006520,place_00026,none,train,v2-multilabel-balance,5d255a34ca8590bf4a86fcb9ae1bedac296513e056e44dd9020882f7732929a9
resto-hotel-v2_003380::c008,resto-hotel-v2_003380,place_00029,kebersihan|toilet|akomodasi,train,v2-multilabel-balance,5d255a34ca8590bf4a86fcb9ae1bedac296513e056e44dd9020882f7732929a9
resto-hotel-v2_003384::c000,resto-hotel-v2_003384,place_00029,toilet|pelayanan|makanan|akomodasi,train,v2-multilabel-balance,5d255a34ca8590bf4a86fcb9ae1bedac296513e056e44dd9020882f7732929a9
resto-hotel-v2_003397::c002,resto-hotel-v2_003397,place_00029,kebersihan|toilet|akomodasi,train,v2-multilabel-balance,5d255a34ca8590bf4a86fcb9ae1bedac296513e056e44dd9020882f7732929a9
resto-hotel-v2_003400::c005,resto-hotel-v2_003400,place_00029,kebersihan,train,v2-multilabel-balance,5d255a34ca8590bf4a86fcb9ae1bedac296513e056e44dd9020882f7732929a9
resto-hotel-v2_003408::c001,resto-hotel-v2_003408,place_00029,akomodasi,train,v2-multilabel-balance,5d255a34ca8590bf4a86fcb9ae1bedac296513e056e44dd9020882f7732929a9
resto-hotel-v2_003414::c002,resto-hotel-v2_003414,place_00029,toilet|pelayanan|akomodasi,train,v2-multilabel-balance,5d255a34ca8590bf4a86fcb9ae1bedac296513e056e44dd9020882f7732929a9
resto-hotel-v2_003424::c000,resto-hotel-v2_003424,place_00029,transportasi|pelayanan|akomodasi|jam_operasional,train,v2-multilabel-balance,5d255a34ca8590bf4a86fcb9ae1bedac296513e056e44dd9020882f7732929a9
resto-hotel-v2_003439::c002,resto-hotel-v2_003439,place_00029,makanan,train,v2-multilabel-balance,5d255a34ca8590bf4a86fcb9ae1bedac296513e056e44dd9020882f7732929a9
resto-hotel-v2_003449::c000,resto-hotel-v2_003449,place_00029,parkir|pelayanan|makanan|akomodasi,train,v2-multilabel-balance,5d255a34ca8590bf4a86fcb9ae1bedac296513e056e44dd9020882f7732929a9
resto-hotel-v2_003466::c002,resto-hotel-v2_003466,place_00029,toilet|akomodasi,train,v2-multilabel-balance,5d255a34ca8590bf4a86fcb9ae1bedac296513e056e44dd9020882f7732929a9
resto-hotel-v2_003473::c000,resto-hotel-v2_003473,place_00029,akses_jalan|transportasi|harga,train,v2-multilabel-balance,5d255a34ca8590bf4a86fcb9ae1bedac296513e056e44dd9020882f7732929a9
resto-hotel-v2_003473::c001,resto-hotel-v2_003473,place_00029,transportasi,train,v2-multilabel-balance,5d255a34ca8590bf4a86fcb9ae1bedac296513e056e44dd9020882f7732929a9
wisata-v2_008711::c007,wisata-v2_008711,place_00037,none,train,v2-multilabel-balance,5d255a34ca8590bf4a86fcb9ae1bedac296513e056e44dd9020882f7732929a9
wisata-v2_008726::c003,wisata-v2_008726,place_00037,oleh_oleh,train,v2-multilabel-balance,5d255a34ca8590bf4a86fcb9ae1bedac296513e056e44dd9020882f7732929a9
wisata-v2_008730::c003,wisata-v2_008730,place_00037,pelayanan|budaya,train,v2-multilabel-balance,5d255a34ca8590bf4a86fcb9ae1bedac296513e056e44dd9020882f7732929a9
wisata-v2_008732::c000,wisata-v2_008732,place_00037,pelayanan|budaya,train,v2-multilabel-balance,5d255a34ca8590bf4a86fcb9ae1bedac296513e056e44dd9020882f7732929a9
wisata-v2_008740::c001,wisata-v2_008740,place_00037,harga,train,v2-multilabel-balance,5d255a34ca8590bf4a86fcb9ae1bedac296513e056e44dd9020882f7732929a9
wisata-v2_008741::c001,wisata-v2_008741,place_00037,budaya,train,v2-multilabel-balance,5d255a34ca8590bf4a86fcb9ae1bedac296513e056e44dd9020882f7732929a9
wisata-v2_008753::c003,wisata-v2_008753,place_00037,budaya|oleh_oleh,train,v2-multilabel-balance,5d255a34ca8590bf4a86fcb9ae1bedac296513e056e44dd9020882f7732929a9
wisata-v2_008756::c000,wisata-v2_008756,place_00037,budaya,train,v2-multilabel-balance,5d255a34ca8590bf4a86fcb9ae1bedac296513e056e44dd9020882f7732929a9
wisata-v2_008757::c000,wisata-v2_008757,place_00037,makanan|pemandangan|budaya|oleh_oleh,train,v2-multilabel-balance,5d255a34ca8590bf4a86fcb9ae1bedac296513e056e44dd9020882f7732929a9
wisata-v2_008765::c001,wisata-v2_008765,place_00037,lainnya,train,v2-multilabel-balance,5d255a34ca8590bf4a86fcb9ae1bedac296513e056e44dd9020882f7732929a9
wisata-v2_008774::c000,wisata-v2_008774,place_00037,budaya|oleh_oleh,train,v2-multilabel-balance,5d255a34ca8590bf4a86fcb9ae1bedac296513e056e44dd9020882f7732929a9
wisata-v2_005056::c000,wisata-v2_005056,place_00041,fasilitas_umum|pemandangan,train,v2-multilabel-balance,5d255a34ca8590bf4a86fcb9ae1bedac296513e056e44dd9020882f7732929a9
wisata-v2_005090::c003,wisata-v2_005090,place_00041,fasilitas_umum,train,v2-multilabel-balance,5d255a34ca8590bf4a86fcb9ae1bedac296513e056e44dd9020882f7732929a9
tempat-wisata-v1_000036::c004,tempat-wisata-v1_000036,place_00042,internet_sinyal,train,v2-multilabel-balance,5d255a34ca8590bf4a86fcb9ae1bedac296513e056e44dd9020882f7732929a9
wisata-v2_003026::c019,wisata-v2_003026,place_00042,none,train,v2-multilabel-balance,5d255a34ca8590bf4a86fcb9ae1bedac296513e056e44dd9020882f7732929a9
wisata-v2_003035::c000,wisata-v2_003035,place_00042,akses_jalan,train,v2-multilabel-balance,5d255a34ca8590bf4a86fcb9ae1bedac296513e056e44dd9020882f7732929a9
wisata-v2_003035::c001,wisata-v2_003035,place_00042,akses_jalan|parkir,train,v2-multilabel-balance,5d255a34ca8590bf4a86fcb9ae1bedac296513e056e44dd9020882f7732929a9
wisata-v2_003040::c000,wisata-v2_003040,place_00042,none,train,v2-multilabel-balance,5d255a34ca8590bf4a86fcb9ae1bedac296513e056e44dd9020882f7732929a9
wisata-v2_003043::c000,wisata-v2_003043,place_00042,fasilitas_umum,train,v2-multilabel-balance,5d255a34ca8590bf4a86fcb9ae1bedac296513e056e44dd9020882f7732929a9
resto-hotel-v2_007045::c000,resto-hotel-v2_007045,place_00055,parkir|makanan|keamanan,train,v2-multilabel-balance,5d255a34ca8590bf4a86fcb9ae1bedac296513e056e44dd9020882f7732929a9
resto-hotel-v2_000423::c001,resto-hotel-v2_000423,place_00057,toilet|pelayanan,train,v2-multilabel-balance,5d255a34ca8590bf4a86fcb9ae1bedac296513e056e44dd9020882f7732929a9
wisata-v2_009935::c000,wisata-v2_009935,place_00058,pemandangan,train,v2-multilabel-balance,5d255a34ca8590bf4a86fcb9ae1bedac296513e056e44dd9020882f7732929a9
wisata-v2_009971::c000,wisata-v2_009971,place_00058,none,train,v2-multilabel-balance,5d255a34ca8590bf4a86fcb9ae1bedac296513e056e44dd9020882f7732929a9
wisata-v2_009986::c002,wisata-v2_009986,place_00058,akses_jalan,train,v2-multilabel-balance,5d255a34ca8590bf4a86fcb9ae1bedac296513e056e44dd9020882f7732929a9
wisata-v2_005308::c000,wisata-v2_005308,place_00059,none,train,v2-multilabel-balance,5d255a34ca8590bf4a86fcb9ae1bedac296513e056e44dd9020882f7732929a9
wisata-v2_005332::c000,wisata-v2_005332,place_00059,pemandangan,train,v2-multilabel-balance,5d255a34ca8590bf4a86fcb9ae1bedac296513e056e44dd9020882f7732929a9
wisata-v2_005335::c000,wisata-v2_005335,place_00059,fasilitas_umum,train,v2-multilabel-balance,5d255a34ca8590bf4a86fcb9ae1bedac296513e056e44dd9020882f7732929a9
wisata-v2_005341::c002,wisata-v2_005341,place_00059,akses_jalan,train,v2-multilabel-balance,5d255a34ca8590bf4a86fcb9ae1bedac296513e056e44dd9020882f7732929a9
wisata-v2_007919::c000,wisata-v2_007919,place_00060,none,train,v2-multilabel-balance,5d255a34ca8590bf4a86fcb9ae1bedac296513e056e44dd9020882f7732929a9
wisata-v2_007948::c012,wisata-v2_007948,place_00060,makanan|jam_operasional,train,v2-multilabel-balance,5d255a34ca8590bf4a86fcb9ae1bedac296513e056e44dd9020882f7732929a9
wisata-v2_007948::c013,wisata-v2_007948,place_00060,toilet|fasilitas_umum,train,v2-multilabel-balance,5d255a34ca8590bf4a86fcb9ae1bedac296513e056e44dd9020882f7732929a9
wisata-v2_007948::c016,wisata-v2_007948,place_00060,kebersihan,train,v2-multilabel-balance,5d255a34ca8590bf4a86fcb9ae1bedac296513e056e44dd9020882f7732929a9
tempat-wisata-v1_000049::c001,tempat-wisata-v1_000049,place_00061,akses_jalan|pemandangan,train,v2-multilabel-balance,5d255a34ca8590bf4a86fcb9ae1bedac296513e056e44dd9020882f7732929a9
wisata-v2_010625::c001,wisata-v2_010625,place_00062,kebersihan|fasilitas_umum|aksesibilitas,train,v2-multilabel-balance,5d255a34ca8590bf4a86fcb9ae1bedac296513e056e44dd9020882f7732929a9
wisata-v2_010625::c002,wisata-v2_010625,place_00062,harga|fasilitas_umum,train,v2-multilabel-balance,5d255a34ca8590bf4a86fcb9ae1bedac296513e056e44dd9020882f7732929a9
wisata-v2_010648::c000,wisata-v2_010648,place_00062,fasilitas_umum,train,v2-multilabel-balance,5d255a34ca8590bf4a86fcb9ae1bedac296513e056e44dd9020882f7732929a9
wisata-v2_010661::c000,wisata-v2_010661,place_00062,harga|fasilitas_umum,train,v2-multilabel-balance,5d255a34ca8590bf4a86fcb9ae1bedac296513e056e44dd9020882f7732929a9
wisata-v2_010667::c000,wisata-v2_010667,place_00062,harga|pelayanan|fasilitas_umum,train,v2-multilabel-balance,5d255a34ca8590bf4a86fcb9ae1bedac296513e056e44dd9020882f7732929a9
wisata-v2_010673::c002,wisata-v2_010673,place_00062,pemandangan,train,v2-multilabel-balance,5d255a34ca8590bf4a86fcb9ae1bedac296513e056e44dd9020882f7732929a9
wisata-v2_010684::c000,wisata-v2_010684,place_00062,none,train,v2-multilabel-balance,5d255a34ca8590bf4a86fcb9ae1bedac296513e056e44dd9020882f7732929a9
wisata-v2_010710::c000,wisata-v2_010710,place_00062,pemandangan,train,v2-multilabel-balance,5d255a34ca8590bf4a86fcb9ae1bedac296513e056e44dd9020882f7732929a9
wisata-v2_010749::c000,wisata-v2_010749,place_00062,fasilitas_umum|pemandangan,train,v2-multilabel-balance,5d255a34ca8590bf4a86fcb9ae1bedac296513e056e44dd9020882f7732929a9
wisata-v2_010766::c000,wisata-v2_010766,place_00062,toilet|harga|fasilitas_umum,train,v2-multilabel-balance,5d255a34ca8590bf4a86fcb9ae1bedac296513e056e44dd9020882f7732929a9
wisata-v2_010800::c002,wisata-v2_010800,place_00062,pemandangan,train,v2-multilabel-balance,5d255a34ca8590bf4a86fcb9ae1bedac296513e056e44dd9020882f7732929a9
wisata-v2_010806::c001,wisata-v2_010806,place_00062,makanan|pemandangan,train,v2-multilabel-balance,5d255a34ca8590bf4a86fcb9ae1bedac296513e056e44dd9020882f7732929a9
wisata-v2_000253::c000,wisata-v2_000253,place_00063,pemandangan,train,v2-multilabel-balance,5d255a34ca8590bf4a86fcb9ae1bedac296513e056e44dd9020882f7732929a9
wisata-v2_000292::c001,wisata-v2_000292,place_00063,pemandangan,train,v2-multilabel-balance,5d255a34ca8590bf4a86fcb9ae1bedac296513e056e44dd9020882f7732929a9
wisata-v2_002236::c002,wisata-v2_002236,place_00064,kebersihan,train,v2-multilabel-balance,5d255a34ca8590bf4a86fcb9ae1bedac296513e056e44dd9020882f7732929a9
wisata-v2_002319::c002,wisata-v2_002319,place_00064,akses_jalan|pemandangan,train,v2-multilabel-balance,5d255a34ca8590bf4a86fcb9ae1bedac296513e056e44dd9020882f7732929a9
wisata-v2_002344::c000,wisata-v2_002344,place_00064,kebersihan|pelayanan,train,v2-multilabel-balance,5d255a34ca8590bf4a86fcb9ae1bedac296513e056e44dd9020882f7732929a9
wisata-v2_002448::c001,wisata-v2_002448,place_00064,parkir|toilet|fasilitas_umum,train,v2-multilabel-balance,5d255a34ca8590bf4a86fcb9ae1bedac296513e056e44dd9020882f7732929a9
wisata-v2_002453::c004,wisata-v2_002453,place_00064,parkir|harga,train,v2-multilabel-balance,5d255a34ca8590bf4a86fcb9ae1bedac296513e056e44dd9020882f7732929a9
wisata-v2_002460::c004,wisata-v2_002460,place_00064,akses_jalan,train,v2-multilabel-balance,5d255a34ca8590bf4a86fcb9ae1bedac296513e056e44dd9020882f7732929a9
wisata-v2_002487::c001,wisata-v2_002487,place_00064,parkir|kebersihan|harga|pemandangan,train,v2-multilabel-balance,5d255a34ca8590bf4a86fcb9ae1bedac296513e056e44dd9020882f7732929a9
wisata-v2_002487::c002,wisata-v2_002487,place_00064,toilet|makanan,train,v2-multilabel-balance,5d255a34ca8590bf4a86fcb9ae1bedac296513e056e44dd9020882f7732929a9
wisata-v2_002503::c002,wisata-v2_002503,place_00064,kebersihan|toilet|fasilitas_umum,train,v2-multilabel-balance,5d255a34ca8590bf4a86fcb9ae1bedac296513e056e44dd9020882f7732929a9
wisata-v2_002503::c003,wisata-v2_002503,place_00064,akses_jalan,train,v2-multilabel-balance,5d255a34ca8590bf4a86fcb9ae1bedac296513e056e44dd9020882f7732929a9
wisata-v2_002503::c004,wisata-v2_002503,place_00064,kebersihan,train,v2-multilabel-balance,5d255a34ca8590bf4a86fcb9ae1bedac296513e056e44dd9020882f7732929a9
wisata-v2_002555::c001,wisata-v2_002555,place_00064,akses_jalan,train,v2-multilabel-balance,5d255a34ca8590bf4a86fcb9ae1bedac296513e056e44dd9020882f7732929a9
wisata-v2_003133::c000,wisata-v2_003133,place_00065,fasilitas_umum,train,v2-multilabel-balance,5d255a34ca8590bf4a86fcb9ae1bedac296513e056e44dd9020882f7732929a9
wisata-v2_003138::c001,wisata-v2_003138,place_00065,parkir|kebersihan,train,v2-multilabel-balance,5d255a34ca8590bf4a86fcb9ae1bedac296513e056e44dd9020882f7732929a9
wisata-v2_003168::c000,wisata-v2_003168,place_00065,none,train,v2-multilabel-balance,5d255a34ca8590bf4a86fcb9ae1bedac296513e056e44dd9020882f7732929a9
wisata-v2_003197::c001,wisata-v2_003197,place_00065,fasilitas_umum|pemandangan,train,v2-multilabel-balance,5d255a34ca8590bf4a86fcb9ae1bedac296513e056e44dd9020882f7732929a9
wisata-v2_003241::c001,wisata-v2_003241,place_00065,fasilitas_umum,train,v2-multilabel-balance,5d255a34ca8590bf4a86fcb9ae1bedac296513e056e44dd9020882f7732929a9
wisata-v2_003258::c002,wisata-v2_003258,place_00065,keramaian,train,v2-multilabel-balance,5d255a34ca8590bf4a86fcb9ae1bedac296513e056e44dd9020882f7732929a9
wisata-v2_003470::c003,wisata-v2_003470,place_00070,fasilitas_umum|pemandangan,train,v2-multilabel-balance,5d255a34ca8590bf4a86fcb9ae1bedac296513e056e44dd9020882f7732929a9
wisata-v2_003478::c001,wisata-v2_003478,place_00070,kebersihan|toilet,train,v2-multilabel-balance,5d255a34ca8590bf4a86fcb9ae1bedac296513e056e44dd9020882f7732929a9
wisata-v2_003534::c000,wisata-v2_003534,place_00070,parkir|toilet|fasilitas_umum|pemandangan,train,v2-multilabel-balance,5d255a34ca8590bf4a86fcb9ae1bedac296513e056e44dd9020882f7732929a9
wisata-v2_003543::c000,wisata-v2_003543,place_00070,pelayanan|jam_operasional,train,v2-multilabel-balance,5d255a34ca8590bf4a86fcb9ae1bedac296513e056e44dd9020882f7732929a9
wisata-v2_003548::c000,wisata-v2_003548,place_00070,pelayanan,train,v2-multilabel-balance,5d255a34ca8590bf4a86fcb9ae1bedac296513e056e44dd9020882f7732929a9
wisata-v2_003553::c002,wisata-v2_003553,place_00070,jam_operasional,train,v2-multilabel-balance,5d255a34ca8590bf4a86fcb9ae1bedac296513e056e44dd9020882f7732929a9
wisata-v2_003598::c000,wisata-v2_003598,place_00070,harga|pelayanan|pemandangan,train,v2-multilabel-balance,5d255a34ca8590bf4a86fcb9ae1bedac296513e056e44dd9020882f7732929a9
wisata-v2_003605::c000,wisata-v2_003605,place_00070,akses_jalan|toilet|makanan|fasilitas_umum,train,v2-multilabel-balance,5d255a34ca8590bf4a86fcb9ae1bedac296513e056e44dd9020882f7732929a9
wisata-v2_003641::c000,wisata-v2_003641,place_00070,kebersihan,train,v2-multilabel-balance,5d255a34ca8590bf4a86fcb9ae1bedac296513e056e44dd9020882f7732929a9
wisata-v2_003641::c001,wisata-v2_003641,place_00070,makanan,train,v2-multilabel-balance,5d255a34ca8590bf4a86fcb9ae1bedac296513e056e44dd9020882f7732929a9
wisata-v2_003655::c003,wisata-v2_003655,place_00070,toilet,train,v2-multilabel-balance,5d255a34ca8590bf4a86fcb9ae1bedac296513e056e44dd9020882f7732929a9
wisata-v2_003672::c003,wisata-v2_003672,place_00070,harga,train,v2-multilabel-balance,5d255a34ca8590bf4a86fcb9ae1bedac296513e056e44dd9020882f7732929a9
resto-hotel-v2_004306::c003,resto-hotel-v2_004306,place_00073,harga,train,v2-multilabel-balance,5d255a34ca8590bf4a86fcb9ae1bedac296513e056e44dd9020882f7732929a9
resto-hotel-v2_004306::c005,resto-hotel-v2_004306,place_00073,kebersihan,train,v2-multilabel-balance,5d255a34ca8590bf4a86fcb9ae1bedac296513e056e44dd9020882f7732929a9
resto-hotel-v2_004333::c001,resto-hotel-v2_004333,place_00073,makanan,train,v2-multilabel-balance,5d255a34ca8590bf4a86fcb9ae1bedac296513e056e44dd9020882f7732929a9
tempat-wisata-v1_000037::c000,tempat-wisata-v1_000037,place_00079,akses_jalan|pemandangan|keramaian|aksesibilitas,train,v2-multilabel-balance,5d255a34ca8590bf4a86fcb9ae1bedac296513e056e44dd9020882f7732929a9
tempat-wisata-v1_000037::c005,tempat-wisata-v1_000037,place_00079,none,train,v2-multilabel-balance,5d255a34ca8590bf4a86fcb9ae1bedac296513e056e44dd9020882f7732929a9
wisata-v2_003054::c002,wisata-v2_003054,place_00079,none,train,v2-multilabel-balance,5d255a34ca8590bf4a86fcb9ae1bedac296513e056e44dd9020882f7732929a9
wisata-v2_003054::c006,wisata-v2_003054,place_00079,pemandangan,train,v2-multilabel-balance,5d255a34ca8590bf4a86fcb9ae1bedac296513e056e44dd9020882f7732929a9
wisata-v2_003075::c001,wisata-v2_003075,place_00079,pemandangan,train,v2-multilabel-balance,5d255a34ca8590bf4a86fcb9ae1bedac296513e056e44dd9020882f7732929a9
wisata-v2_003082::c000,wisata-v2_003082,place_00079,pemandangan|budaya,train,v2-multilabel-balance,5d255a34ca8590bf4a86fcb9ae1bedac296513e056e44dd9020882f7732929a9
wisata-v2_003108::c000,wisata-v2_003108,place_00079,keramaian,train,v2-multilabel-balance,5d255a34ca8590bf4a86fcb9ae1bedac296513e056e44dd9020882f7732929a9
tempat-wisata-v1_000054::c000,tempat-wisata-v1_000054,place_00081,akses_jalan|jam_operasional,train,v2-multilabel-balance,5d255a34ca8590bf4a86fcb9ae1bedac296513e056e44dd9020882f7732929a9
wisata-v2_005265::c000,wisata-v2_005265,place_00081,akses_jalan|jam_operasional,train,v2-multilabel-balance,5d255a34ca8590bf4a86fcb9ae1bedac296513e056e44dd9020882f7732929a9
wisata-v2_009197::c003,wisata-v2_009197,place_00085,akses_jalan|keamanan,train,v2-multilabel-balance,5d255a34ca8590bf4a86fcb9ae1bedac296513e056e44dd9020882f7732929a9
wisata-v2_009197::c007,wisata-v2_009197,place_00085,parkir|harga,train,v2-multilabel-balance,5d255a34ca8590bf4a86fcb9ae1bedac296513e056e44dd9020882f7732929a9
wisata-v2_009199::c000,wisata-v2_009199,place_00085,akses_jalan,train,v2-multilabel-balance,5d255a34ca8590bf4a86fcb9ae1bedac296513e056e44dd9020882f7732929a9
resto-hotel-v2_007058::c004,resto-hotel-v2_007058,place_00088,harga|makanan,train,v2-multilabel-balance,5d255a34ca8590bf4a86fcb9ae1bedac296513e056e44dd9020882f7732929a9
resto-hotel-v2_007083::c000,resto-hotel-v2_007083,place_00088,pelayanan|makanan,train,v2-multilabel-balance,5d255a34ca8590bf4a86fcb9ae1bedac296513e056e44dd9020882f7732929a9
resto-hotel-v2_007095::c001,resto-hotel-v2_007095,place_00088,makanan|jam_operasional|aksesibilitas,train,v2-multilabel-balance,5d255a34ca8590bf4a86fcb9ae1bedac296513e056e44dd9020882f7732929a9
resto-hotel-v2_007100::c001,resto-hotel-v2_007100,place_00088,makanan,train,v2-multilabel-balance,5d255a34ca8590bf4a86fcb9ae1bedac296513e056e44dd9020882f7732929a9
resto-hotel-v2_007100::c004,resto-hotel-v2_007100,place_00088,none,train,v2-multilabel-balance,5d255a34ca8590bf4a86fcb9ae1bedac296513e056e44dd9020882f7732929a9
resto-hotel-v2_007111::c001,resto-hotel-v2_007111,place_00088,makanan,train,v2-multilabel-balance,5d255a34ca8590bf4a86fcb9ae1bedac296513e056e44dd9020882f7732929a9
resto-hotel-v2_007149::c000,resto-hotel-v2_007149,place_00088,pelayanan|makanan,train,v2-multilabel-balance,5d255a34ca8590bf4a86fcb9ae1bedac296513e056e44dd9020882f7732929a9
resto-hotel-v2_007150::c006,resto-hotel-v2_007150,place_00088,harga|makanan,train,v2-multilabel-balance,5d255a34ca8590bf4a86fcb9ae1bedac296513e056e44dd9020882f7732929a9
resto-hotel-v2_007157::c001,resto-hotel-v2_007157,place_00088,makanan,train,v2-multilabel-balance,5d255a34ca8590bf4a86fcb9ae1bedac296513e056e44dd9020882f7732929a9
resto-hotel-v2_007158::c000,resto-hotel-v2_007158,place_00088,makanan,train,v2-multilabel-balance,5d255a34ca8590bf4a86fcb9ae1bedac296513e056e44dd9020882f7732929a9
resto-hotel-v2_007165::c001,resto-hotel-v2_007165,place_00088,makanan,train,v2-multilabel-balance,5d255a34ca8590bf4a86fcb9ae1bedac296513e056e44dd9020882f7732929a9
resto-hotel-v2_007165::c004,resto-hotel-v2_007165,place_00088,pelayanan,train,v2-multilabel-balance,5d255a34ca8590bf4a86fcb9ae1bedac296513e056e44dd9020882f7732929a9
resto-hotel-v2_003984::c000,resto-hotel-v2_003984,place_00089,harga|makanan,train,v2-multilabel-balance,5d255a34ca8590bf4a86fcb9ae1bedac296513e056e44dd9020882f7732929a9
resto-hotel-v2_004009::c002,resto-hotel-v2_004009,place_00089,makanan,train,v2-multilabel-balance,5d255a34ca8590bf4a86fcb9ae1bedac296513e056e44dd9020882f7732929a9
resto-hotel-v2_004009::c005,resto-hotel-v2_004009,place_00089,makanan,train,v2-multilabel-balance,5d255a34ca8590bf4a86fcb9ae1bedac296513e056e44dd9020882f7732929a9
resto-hotel-v2_004029::c001,resto-hotel-v2_004029,place_00089,pelayanan|makanan,train,v2-multilabel-balance,5d255a34ca8590bf4a86fcb9ae1bedac296513e056e44dd9020882f7732929a9
resto-hotel-v2_004033::c000,resto-hotel-v2_004033,place_00089,harga|pelayanan|makanan|pemandangan|internet_sinyal,train,v2-multilabel-balance,5d255a34ca8590bf4a86fcb9ae1bedac296513e056e44dd9020882f7732929a9
resto-hotel-v2_007442::c000,resto-hotel-v2_007442,place_00089,none,train,v2-multilabel-balance,5d255a34ca8590bf4a86fcb9ae1bedac296513e056e44dd9020882f7732929a9
resto-hotel-v2_007464::c004,resto-hotel-v2_007464,place_00089,none,train,v2-multilabel-balance,5d255a34ca8590bf4a86fcb9ae1bedac296513e056e44dd9020882f7732929a9
resto-hotel-v2_007468::c000,resto-hotel-v2_007468,place_00089,pelayanan,train,v2-multilabel-balance,5d255a34ca8590bf4a86fcb9ae1bedac296513e056e44dd9020882f7732929a9
resto-hotel-v2_007483::c001,resto-hotel-v2_007483,place_00089,makanan,train,v2-multilabel-balance,5d255a34ca8590bf4a86fcb9ae1bedac296513e056e44dd9020882f7732929a9
resto-hotel-v2_007485::c002,resto-hotel-v2_007485,place_00089,makanan,train,v2-multilabel-balance,5d255a34ca8590bf4a86fcb9ae1bedac296513e056e44dd9020882f7732929a9
resto-hotel-v2_007486::c000,resto-hotel-v2_007486,place_00089,harga|pelayanan|makanan|pemandangan|internet_sinyal,train,v2-multilabel-balance,5d255a34ca8590bf4a86fcb9ae1bedac296513e056e44dd9020882f7732929a9
resto-hotel-v2_000146::c001,resto-hotel-v2_000146,place_00095,akomodasi,train,v2-multilabel-balance,5d255a34ca8590bf4a86fcb9ae1bedac296513e056e44dd9020882f7732929a9
resto-hotel-v2_000147::c001,resto-hotel-v2_000147,place_00095,none,train,v2-multilabel-balance,5d255a34ca8590bf4a86fcb9ae1bedac296513e056e44dd9020882f7732929a9
resto-hotel-v2_000149::c002,resto-hotel-v2_000149,place_00095,internet_sinyal,train,v2-multilabel-balance,5d255a34ca8590bf4a86fcb9ae1bedac296513e056e44dd9020882f7732929a9
resto-hotel-v2_001373::c000,resto-hotel-v2_001373,place_00098,none,train,v2-multilabel-balance,5d255a34ca8590bf4a86fcb9ae1bedac296513e056e44dd9020882f7732929a9
resto-hotel-v2_000438::c000,resto-hotel-v2_000438,place_00101,harga|akomodasi|fasilitas_umum|internet_sinyal,train,v2-multilabel-balance,5d255a34ca8590bf4a86fcb9ae1bedac296513e056e44dd9020882f7732929a9
resto-hotel-v2_000440::c000,resto-hotel-v2_000440,place_00101,akomodasi,train,v2-multilabel-balance,5d255a34ca8590bf4a86fcb9ae1bedac296513e056e44dd9020882f7732929a9
resto-hotel-v2_000444::c000,resto-hotel-v2_000444,place_00101,pelayanan,train,v2-multilabel-balance,5d255a34ca8590bf4a86fcb9ae1bedac296513e056e44dd9020882f7732929a9
resto-hotel-v2_003119::c000,resto-hotel-v2_003119,place_00102,pelayanan,train,v2-multilabel-balance,5d255a34ca8590bf4a86fcb9ae1bedac296513e056e44dd9020882f7732929a9
resto-hotel-v2_001946::c000,resto-hotel-v2_001946,place_00104,kebersihan|akomodasi,train,v2-multilabel-balance,5d255a34ca8590bf4a86fcb9ae1bedac296513e056e44dd9020882f7732929a9
resto-hotel-v2_000121::c004,resto-hotel-v2_000121,place_00107,harga|akomodasi,train,v2-multilabel-balance,5d255a34ca8590bf4a86fcb9ae1bedac296513e056e44dd9020882f7732929a9
resto-hotel-v2_001220::c000,resto-hotel-v2_001220,place_00108,harga|makanan|fasilitas_umum,train,v2-multilabel-balance,5d255a34ca8590bf4a86fcb9ae1bedac296513e056e44dd9020882f7732929a9
resto-hotel-v2_001222::c002,resto-hotel-v2_001222,place_00108,keramaian,train,v2-multilabel-balance,5d255a34ca8590bf4a86fcb9ae1bedac296513e056e44dd9020882f7732929a9
resto-hotel-v2_001245::c004,resto-hotel-v2_001245,place_00108,internet_sinyal,train,v2-multilabel-balance,5d255a34ca8590bf4a86fcb9ae1bedac296513e056e44dd9020882f7732929a9
resto-hotel-v2_001245::c010,resto-hotel-v2_001245,place_00108,kebersihan|akomodasi,train,v2-multilabel-balance,5d255a34ca8590bf4a86fcb9ae1bedac296513e056e44dd9020882f7732929a9
resto-hotel-v2_001256::c000,resto-hotel-v2_001256,place_00108,parkir|akomodasi|fasilitas_umum|pemandangan,train,v2-multilabel-balance,5d255a34ca8590bf4a86fcb9ae1bedac296513e056e44dd9020882f7732929a9
resto-hotel-v2_001258::c003,resto-hotel-v2_001258,place_00108,pelayanan|akomodasi|internet_sinyal,train,v2-multilabel-balance,5d255a34ca8590bf4a86fcb9ae1bedac296513e056e44dd9020882f7732929a9
resto-hotel-v2_001261::c000,resto-hotel-v2_001261,place_00108,pelayanan|akomodasi,train,v2-multilabel-balance,5d255a34ca8590bf4a86fcb9ae1bedac296513e056e44dd9020882f7732929a9
resto-hotel-v2_001301::c000,resto-hotel-v2_001301,place_00108,akomodasi,train,v2-multilabel-balance,5d255a34ca8590bf4a86fcb9ae1bedac296513e056e44dd9020882f7732929a9
resto-hotel-v2_001311::c002,resto-hotel-v2_001311,place_00108,keamanan,train,v2-multilabel-balance,5d255a34ca8590bf4a86fcb9ae1bedac296513e056e44dd9020882f7732929a9
resto-hotel-v2_003628::c000,resto-hotel-v2_003628,place_00109,parkir|pelayanan|makanan,train,v2-multilabel-balance,5d255a34ca8590bf4a86fcb9ae1bedac296513e056e44dd9020882f7732929a9
resto-hotel-v2_003654::c000,resto-hotel-v2_003654,place_00109,harga|makanan,train,v2-multilabel-balance,5d255a34ca8590bf4a86fcb9ae1bedac296513e056e44dd9020882f7732929a9
wisata-v2_007146::c000,wisata-v2_007146,place_00112,keramaian|budaya,train,v2-multilabel-balance,5d255a34ca8590bf4a86fcb9ae1bedac296513e056e44dd9020882f7732929a9
wisata-v2_007148::c005,wisata-v2_007148,place_00112,kebersihan|pemandangan,train,v2-multilabel-balance,5d255a34ca8590bf4a86fcb9ae1bedac296513e056e44dd9020882f7732929a9
wisata-v2_007181::c000,wisata-v2_007181,place_00112,kebersihan|budaya,train,v2-multilabel-balance,5d255a34ca8590bf4a86fcb9ae1bedac296513e056e44dd9020882f7732929a9
wisata-v2_007189::c000,wisata-v2_007189,place_00112,budaya,train,v2-multilabel-balance,5d255a34ca8590bf4a86fcb9ae1bedac296513e056e44dd9020882f7732929a9
wisata-v2_007195::c000,wisata-v2_007195,place_00112,budaya,train,v2-multilabel-balance,5d255a34ca8590bf4a86fcb9ae1bedac296513e056e44dd9020882f7732929a9
resto-hotel-v2_001998::c002,resto-hotel-v2_001998,place_00113,toilet|internet_sinyal,train,v2-multilabel-balance,5d255a34ca8590bf4a86fcb9ae1bedac296513e056e44dd9020882f7732929a9
resto-hotel-v2_002001::c002,resto-hotel-v2_002001,place_00113,makanan,train,v2-multilabel-balance,5d255a34ca8590bf4a86fcb9ae1bedac296513e056e44dd9020882f7732929a9
resto-hotel-v2_002001::c004,resto-hotel-v2_002001,place_00113,pelayanan,train,v2-multilabel-balance,5d255a34ca8590bf4a86fcb9ae1bedac296513e056e44dd9020882f7732929a9
resto-hotel-v2_002015::c000,resto-hotel-v2_002015,place_00113,kebersihan|pelayanan|makanan|akomodasi|keramaian,train,v2-multilabel-balance,5d255a34ca8590bf4a86fcb9ae1bedac296513e056e44dd9020882f7732929a9
wisata-v2_009090::c003,wisata-v2_009090,place_00115,toilet|harga|fasilitas_umum,train,v2-multilabel-balance,5d255a34ca8590bf4a86fcb9ae1bedac296513e056e44dd9020882f7732929a9
wisata-v2_009090::c006,wisata-v2_009090,place_00115,akses_jalan|parkir|pemandangan,train,v2-multilabel-balance,5d255a34ca8590bf4a86fcb9ae1bedac296513e056e44dd9020882f7732929a9
resto-hotel-v2_005173::c001,resto-hotel-v2_005173,place_00116,makanan,train,v2-multilabel-balance,5d255a34ca8590bf4a86fcb9ae1bedac296513e056e44dd9020882f7732929a9
resto-hotel-v2_005179::c002,resto-hotel-v2_005179,place_00116,pelayanan|internet_sinyal,train,v2-multilabel-balance,5d255a34ca8590bf4a86fcb9ae1bedac296513e056e44dd9020882f7732929a9
resto-hotel-v2_005198::c001,resto-hotel-v2_005198,place_00116,pelayanan,train,v2-multilabel-balance,5d255a34ca8590bf4a86fcb9ae1bedac296513e056e44dd9020882f7732929a9
resto-hotel-v2_005203::c002,resto-hotel-v2_005203,place_00116,pelayanan,train,v2-multilabel-balance,5d255a34ca8590bf4a86fcb9ae1bedac296513e056e44dd9020882f7732929a9
resto-hotel-v2_005204::c019,resto-hotel-v2_005204,place_00116,makanan,train,v2-multilabel-balance,5d255a34ca8590bf4a86fcb9ae1bedac296513e056e44dd9020882f7732929a9
resto-hotel-v2_005206::c001,resto-hotel-v2_005206,place_00116,makanan|keramaian,train,v2-multilabel-balance,5d255a34ca8590bf4a86fcb9ae1bedac296513e056e44dd9020882f7732929a9
resto-hotel-v2_005229::c000,resto-hotel-v2_005229,place_00116,makanan,train,v2-multilabel-balance,5d255a34ca8590bf4a86fcb9ae1bedac296513e056e44dd9020882f7732929a9
resto-hotel-v2_005280::c000,resto-hotel-v2_005280,place_00116,makanan,train,v2-multilabel-balance,5d255a34ca8590bf4a86fcb9ae1bedac296513e056e44dd9020882f7732929a9
resto-hotel-v2_005284::c001,resto-hotel-v2_005284,place_00116,harga,train,v2-multilabel-balance,5d255a34ca8590bf4a86fcb9ae1bedac296513e056e44dd9020882f7732929a9
resto-hotel-v2_005295::c001,resto-hotel-v2_005295,place_00116,harga|makanan,train,v2-multilabel-balance,5d255a34ca8590bf4a86fcb9ae1bedac296513e056e44dd9020882f7732929a9
resto-hotel-v2_005312::c007,resto-hotel-v2_005312,place_00116,none,train,v2-multilabel-balance,5d255a34ca8590bf4a86fcb9ae1bedac296513e056e44dd9020882f7732929a9
resto-hotel-v2_005312::c008,resto-hotel-v2_005312,place_00116,kebersihan|pelayanan,train,v2-multilabel-balance,5d255a34ca8590bf4a86fcb9ae1bedac296513e056e44dd9020882f7732929a9
resto-hotel-v2_004682::c001,resto-hotel-v2_004682,place_00117,makanan,train,v2-multilabel-balance,5d255a34ca8590bf4a86fcb9ae1bedac296513e056e44dd9020882f7732929a9
resto-hotel-v2_004688::c001,resto-hotel-v2_004688,place_00117,pelayanan,train,v2-multilabel-balance,5d255a34ca8590bf4a86fcb9ae1bedac296513e056e44dd9020882f7732929a9
resto-hotel-v2_004705::c000,resto-hotel-v2_004705,place_00117,pelayanan|makanan,train,v2-multilabel-balance,5d255a34ca8590bf4a86fcb9ae1bedac296513e056e44dd9020882f7732929a9
resto-hotel-v2_004705::c001,resto-hotel-v2_004705,place_00117,makanan,train,v2-multilabel-balance,5d255a34ca8590bf4a86fcb9ae1bedac296513e056e44dd9020882f7732929a9
resto-hotel-v2_004710::c000,resto-hotel-v2_004710,place_00117,pelayanan|makanan,train,v2-multilabel-balance,5d255a34ca8590bf4a86fcb9ae1bedac296513e056e44dd9020882f7732929a9
resto-hotel-v2_004715::c000,resto-hotel-v2_004715,place_00117,makanan,train,v2-multilabel-balance,5d255a34ca8590bf4a86fcb9ae1bedac296513e056e44dd9020882f7732929a9
resto-hotel-v2_004716::c000,resto-hotel-v2_004716,place_00117,makanan,train,v2-multilabel-balance,5d255a34ca8590bf4a86fcb9ae1bedac296513e056e44dd9020882f7732929a9
resto-hotel-v2_009223::c001,resto-hotel-v2_009223,place_00118,none,train,v2-multilabel-balance,5d255a34ca8590bf4a86fcb9ae1bedac296513e056e44dd9020882f7732929a9
resto-hotel-v2_009224::c000,resto-hotel-v2_009224,place_00118,harga|makanan,train,v2-multilabel-balance,5d255a34ca8590bf4a86fcb9ae1bedac296513e056e44dd9020882f7732929a9
resto-hotel-v2_009224::c004,resto-hotel-v2_009224,place_00118,kebersihan|toilet,train,v2-multilabel-balance,5d255a34ca8590bf4a86fcb9ae1bedac296513e056e44dd9020882f7732929a9
resto-hotel-v2_009232::c002,resto-hotel-v2_009232,place_00118,makanan,train,v2-multilabel-balance,5d255a34ca8590bf4a86fcb9ae1bedac296513e056e44dd9020882f7732929a9
resto-hotel-v2_009239::c000,resto-hotel-v2_009239,place_00118,fasilitas_umum,train,v2-multilabel-balance,5d255a34ca8590bf4a86fcb9ae1bedac296513e056e44dd9020882f7732929a9
resto-hotel-v2_009239::c001,resto-hotel-v2_009239,place_00118,makanan|pemandangan,train,v2-multilabel-balance,5d255a34ca8590bf4a86fcb9ae1bedac296513e056e44dd9020882f7732929a9
resto-hotel-v2_009306::c000,resto-hotel-v2_009306,place_00118,keramaian,train,v2-multilabel-balance,5d255a34ca8590bf4a86fcb9ae1bedac296513e056e44dd9020882f7732929a9
resto-hotel-v2_009342::c000,resto-hotel-v2_009342,place_00118,makanan,train,v2-multilabel-balance,5d255a34ca8590bf4a86fcb9ae1bedac296513e056e44dd9020882f7732929a9
resto-hotel-v2_009384::c006,resto-hotel-v2_009384,place_00118,jam_operasional,train,v2-multilabel-balance,5d255a34ca8590bf4a86fcb9ae1bedac296513e056e44dd9020882f7732929a9
wisata-v2_011262::c000,wisata-v2_011262,place_00120,harga|keamanan,train,v2-multilabel-balance,5d255a34ca8590bf4a86fcb9ae1bedac296513e056e44dd9020882f7732929a9
wisata-v2_011298::c000,wisata-v2_011298,place_00120,none,train,v2-multilabel-balance,5d255a34ca8590bf4a86fcb9ae1bedac296513e056e44dd9020882f7732929a9
resto-hotel-v2_004049::c000,resto-hotel-v2_004049,place_00122,internet_sinyal,train,v2-multilabel-balance,5d255a34ca8590bf4a86fcb9ae1bedac296513e056e44dd9020882f7732929a9
resto-hotel-v2_004052::c013,resto-hotel-v2_004052,place_00122,pelayanan,train,v2-multilabel-balance,5d255a34ca8590bf4a86fcb9ae1bedac296513e056e44dd9020882f7732929a9
resto-hotel-v2_006228::c000,resto-hotel-v2_006228,place_00126,makanan|jam_operasional,train,v2-multilabel-balance,5d255a34ca8590bf4a86fcb9ae1bedac296513e056e44dd9020882f7732929a9
resto-hotel-v2_006229::c002,resto-hotel-v2_006229,place_00126,makanan,train,v2-multilabel-balance,5d255a34ca8590bf4a86fcb9ae1bedac296513e056e44dd9020882f7732929a9
resto-hotel-v2_006229::c003,resto-hotel-v2_006229,place_00126,none,train,v2-multilabel-balance,5d255a34ca8590bf4a86fcb9ae1bedac296513e056e44dd9020882f7732929a9
resto-hotel-v2_006230::c000,resto-hotel-v2_006230,place_00126,kebersihan|toilet|makanan|pemandangan,train,v2-multilabel-balance,5d255a34ca8590bf4a86fcb9ae1bedac296513e056e44dd9020882f7732929a9
resto-hotel-v2_006240::c000,resto-hotel-v2_006240,place_00126,akses_jalan|jam_operasional,train,v2-multilabel-balance,5d255a34ca8590bf4a86fcb9ae1bedac296513e056e44dd9020882f7732929a9
resto-hotel-v2_006255::c000,resto-hotel-v2_006255,place_00126,none,train,v2-multilabel-balance,5d255a34ca8590bf4a86fcb9ae1bedac296513e056e44dd9020882f7732929a9
resto-hotel-v2_006276::c000,resto-hotel-v2_006276,place_00126,makanan|fasilitas_umum|pemandangan,train,v2-multilabel-balance,5d255a34ca8590bf4a86fcb9ae1bedac296513e056e44dd9020882f7732929a9
resto-hotel-v2_006296::c005,resto-hotel-v2_006296,place_00126,makanan,train,v2-multilabel-balance,5d255a34ca8590bf4a86fcb9ae1bedac296513e056e44dd9020882f7732929a9
resto-hotel-v2_006304::c001,resto-hotel-v2_006304,place_00126,pelayanan|makanan|fasilitas_umum,train,v2-multilabel-balance,5d255a34ca8590bf4a86fcb9ae1bedac296513e056e44dd9020882f7732929a9
resto-hotel-v2_006373::c002,resto-hotel-v2_006373,place_00126,fasilitas_umum,train,v2-multilabel-balance,5d255a34ca8590bf4a86fcb9ae1bedac296513e056e44dd9020882f7732929a9
resto-hotel-v2_006403::c001,resto-hotel-v2_006403,place_00126,harga,train,v2-multilabel-balance,5d255a34ca8590bf4a86fcb9ae1bedac296513e056e44dd9020882f7732929a9
resto-hotel-v2_000751::c000,resto-hotel-v2_000751,place_00127,pelayanan,train,v2-multilabel-balance,5d255a34ca8590bf4a86fcb9ae1bedac296513e056e44dd9020882f7732929a9
resto-hotel-v2_000788::c003,resto-hotel-v2_000788,place_00127,none,train,v2-multilabel-balance,5d255a34ca8590bf4a86fcb9ae1bedac296513e056e44dd9020882f7732929a9
resto-hotel-v2_000806::c003,resto-hotel-v2_000806,place_00127,fasilitas_umum,train,v2-multilabel-balance,5d255a34ca8590bf4a86fcb9ae1bedac296513e056e44dd9020882f7732929a9
resto-hotel-v2_000834::c002,resto-hotel-v2_000834,place_00127,makanan,train,v2-multilabel-balance,5d255a34ca8590bf4a86fcb9ae1bedac296513e056e44dd9020882f7732929a9
resto-hotel-v2_000834::c003,resto-hotel-v2_000834,place_00127,kebersihan|akomodasi|pemandangan,train,v2-multilabel-balance,5d255a34ca8590bf4a86fcb9ae1bedac296513e056e44dd9020882f7732929a9
resto-hotel-v2_000843::c000,resto-hotel-v2_000843,place_00127,kebersihan|keamanan,train,v2-multilabel-balance,5d255a34ca8590bf4a86fcb9ae1bedac296513e056e44dd9020882f7732929a9
resto-hotel-v2_000853::c000,resto-hotel-v2_000853,place_00127,kebersihan,train,v2-multilabel-balance,5d255a34ca8590bf4a86fcb9ae1bedac296513e056e44dd9020882f7732929a9
resto-hotel-v2_000903::c000,resto-hotel-v2_000903,place_00127,fasilitas_umum,train,v2-multilabel-balance,5d255a34ca8590bf4a86fcb9ae1bedac296513e056e44dd9020882f7732929a9
wisata-v2_007797::c000,wisata-v2_007797,place_00128,kebersihan|keamanan,train,v2-multilabel-balance,5d255a34ca8590bf4a86fcb9ae1bedac296513e056e44dd9020882f7732929a9
wisata-v2_007798::c000,wisata-v2_007798,place_00128,toilet|pelayanan|keamanan|jam_operasional|fasilitas_umum,train,v2-multilabel-balance,5d255a34ca8590bf4a86fcb9ae1bedac296513e056e44dd9020882f7732929a9
wisata-v2_007806::c000,wisata-v2_007806,place_00128,akses_jalan|kebersihan,train,v2-multilabel-balance,5d255a34ca8590bf4a86fcb9ae1bedac296513e056e44dd9020882f7732929a9
resto-hotel-v2_000953::c002,resto-hotel-v2_000953,place_00129,parkir|pelayanan|akomodasi,train,v2-multilabel-balance,5d255a34ca8590bf4a86fcb9ae1bedac296513e056e44dd9020882f7732929a9
resto-hotel-v2_000957::c000,resto-hotel-v2_000957,place_00129,pelayanan|akomodasi,train,v2-multilabel-balance,5d255a34ca8590bf4a86fcb9ae1bedac296513e056e44dd9020882f7732929a9
resto-hotel-v2_001005::c001,resto-hotel-v2_001005,place_00129,harga|makanan|internet_sinyal,train,v2-multilabel-balance,5d255a34ca8590bf4a86fcb9ae1bedac296513e056e44dd9020882f7732929a9
resto-hotel-v2_001027::c000,resto-hotel-v2_001027,place_00129,akomodasi|pemandangan,train,v2-multilabel-balance,5d255a34ca8590bf4a86fcb9ae1bedac296513e056e44dd9020882f7732929a9
resto-hotel-v2_001037::c001,resto-hotel-v2_001037,place_00129,pelayanan|makanan|akomodasi,train,v2-multilabel-balance,5d255a34ca8590bf4a86fcb9ae1bedac296513e056e44dd9020882f7732929a9
resto-hotel-v2_001044::c000,resto-hotel-v2_001044,place_00129,parkir|pelayanan|makanan|pemandangan,train,v2-multilabel-balance,5d255a34ca8590bf4a86fcb9ae1bedac296513e056e44dd9020882f7732929a9
resto-hotel-v2_001047::c000,resto-hotel-v2_001047,place_00129,pelayanan|pemandangan,train,v2-multilabel-balance,5d255a34ca8590bf4a86fcb9ae1bedac296513e056e44dd9020882f7732929a9
resto-hotel-v2_001114::c001,resto-hotel-v2_001114,place_00129,kebersihan|akomodasi,train,v2-multilabel-balance,5d255a34ca8590bf4a86fcb9ae1bedac296513e056e44dd9020882f7732929a9
resto-hotel-v2_001115::c000,resto-hotel-v2_001115,place_00129,parkir|kebersihan|makanan,train,v2-multilabel-balance,5d255a34ca8590bf4a86fcb9ae1bedac296513e056e44dd9020882f7732929a9
resto-hotel-v2_001123::c001,resto-hotel-v2_001123,place_00129,none,train,v2-multilabel-balance,5d255a34ca8590bf4a86fcb9ae1bedac296513e056e44dd9020882f7732929a9
resto-hotel-v2_001125::c000,resto-hotel-v2_001125,place_00129,kebersihan|toilet|pelayanan|akomodasi|pemandangan|aksesibilitas,train,v2-multilabel-balance,5d255a34ca8590bf4a86fcb9ae1bedac296513e056e44dd9020882f7732929a9
resto-hotel-v2_001133::c000,resto-hotel-v2_001133,place_00129,akomodasi|pemandangan,train,v2-multilabel-balance,5d255a34ca8590bf4a86fcb9ae1bedac296513e056e44dd9020882f7732929a9
wisata-v2_011874::c000,wisata-v2_011874,place_00136,none,train,v2-multilabel-balance,5d255a34ca8590bf4a86fcb9ae1bedac296513e056e44dd9020882f7732929a9
wisata-v2_011914::c000,wisata-v2_011914,place_00136,akses_jalan|aksesibilitas,train,v2-multilabel-balance,5d255a34ca8590bf4a86fcb9ae1bedac296513e056e44dd9020882f7732929a9
wisata-v2_011927::c002,wisata-v2_011927,place_00136,parkir,train,v2-multilabel-balance,5d255a34ca8590bf4a86fcb9ae1bedac296513e056e44dd9020882f7732929a9
wisata-v2_011937::c000,wisata-v2_011937,place_00136,parkir|toilet|keamanan|pemandangan,train,v2-multilabel-balance,5d255a34ca8590bf4a86fcb9ae1bedac296513e056e44dd9020882f7732929a9
wisata-v2_011940::c000,wisata-v2_011940,place_00136,none,train,v2-multilabel-balance,5d255a34ca8590bf4a86fcb9ae1bedac296513e056e44dd9020882f7732929a9
wisata-v2_011940::c002,wisata-v2_011940,place_00136,akses_jalan,train,v2-multilabel-balance,5d255a34ca8590bf4a86fcb9ae1bedac296513e056e44dd9020882f7732929a9
wisata-v2_011945::c001,wisata-v2_011945,place_00136,fasilitas_umum,train,v2-multilabel-balance,5d255a34ca8590bf4a86fcb9ae1bedac296513e056e44dd9020882f7732929a9
wisata-v2_011952::c001,wisata-v2_011952,place_00136,fasilitas_umum|keramaian,train,v2-multilabel-balance,5d255a34ca8590bf4a86fcb9ae1bedac296513e056e44dd9020882f7732929a9
wisata-v2_011960::c000,wisata-v2_011960,place_00136,none,train,v2-multilabel-balance,5d255a34ca8590bf4a86fcb9ae1bedac296513e056e44dd9020882f7732929a9
tempat-wisata-v1_000070::c000,tempat-wisata-v1_000070,place_00140,budaya,train,v2-multilabel-balance,5d255a34ca8590bf4a86fcb9ae1bedac296513e056e44dd9020882f7732929a9
wisata-v2_006790::c000,wisata-v2_006790,place_00142,makanan,train,v2-multilabel-balance,5d255a34ca8590bf4a86fcb9ae1bedac296513e056e44dd9020882f7732929a9
wisata-v2_008553::c002,wisata-v2_008553,place_00145,budaya,train,v2-multilabel-balance,5d255a34ca8590bf4a86fcb9ae1bedac296513e056e44dd9020882f7732929a9
wisata-v2_008561::c000,wisata-v2_008561,place_00145,pemandangan|budaya,train,v2-multilabel-balance,5d255a34ca8590bf4a86fcb9ae1bedac296513e056e44dd9020882f7732929a9
wisata-v2_008562::c004,wisata-v2_008562,place_00145,budaya,train,v2-multilabel-balance,5d255a34ca8590bf4a86fcb9ae1bedac296513e056e44dd9020882f7732929a9
wisata-v2_008562::c006,wisata-v2_008562,place_00145,aksesibilitas|budaya,train,v2-multilabel-balance,5d255a34ca8590bf4a86fcb9ae1bedac296513e056e44dd9020882f7732929a9
wisata-v2_008573::c000,wisata-v2_008573,place_00145,budaya,train,v2-multilabel-balance,5d255a34ca8590bf4a86fcb9ae1bedac296513e056e44dd9020882f7732929a9
wisata-v2_008603::c000,wisata-v2_008603,place_00145,budaya,train,v2-multilabel-balance,5d255a34ca8590bf4a86fcb9ae1bedac296513e056e44dd9020882f7732929a9
wisata-v2_008604::c002,wisata-v2_008604,place_00145,fasilitas_umum,train,v2-multilabel-balance,5d255a34ca8590bf4a86fcb9ae1bedac296513e056e44dd9020882f7732929a9
wisata-v2_008609::c000,wisata-v2_008609,place_00145,budaya,train,v2-multilabel-balance,5d255a34ca8590bf4a86fcb9ae1bedac296513e056e44dd9020882f7732929a9
wisata-v2_008609::c003,wisata-v2_008609,place_00145,pemandangan|budaya,train,v2-multilabel-balance,5d255a34ca8590bf4a86fcb9ae1bedac296513e056e44dd9020882f7732929a9
wisata-v2_008655::c003,wisata-v2_008655,place_00145,akses_jalan|parkir|budaya,train,v2-multilabel-balance,5d255a34ca8590bf4a86fcb9ae1bedac296513e056e44dd9020882f7732929a9
wisata-v2_008666::c001,wisata-v2_008666,place_00145,budaya,train,v2-multilabel-balance,5d255a34ca8590bf4a86fcb9ae1bedac296513e056e44dd9020882f7732929a9
wisata-v2_008668::c003,wisata-v2_008668,place_00145,fasilitas_umum,train,v2-multilabel-balance,5d255a34ca8590bf4a86fcb9ae1bedac296513e056e44dd9020882f7732929a9
resto-hotel-v2_001798::c005,resto-hotel-v2_001798,place_00147,akomodasi,train,v2-multilabel-balance,5d255a34ca8590bf4a86fcb9ae1bedac296513e056e44dd9020882f7732929a9
resto-hotel-v2_001823::c000,resto-hotel-v2_001823,place_00147,akses_jalan|akomodasi|keramaian,train,v2-multilabel-balance,5d255a34ca8590bf4a86fcb9ae1bedac296513e056e44dd9020882f7732929a9
resto-hotel-v2_001825::c004,resto-hotel-v2_001825,place_00147,none,train,v2-multilabel-balance,5d255a34ca8590bf4a86fcb9ae1bedac296513e056e44dd9020882f7732929a9
resto-hotel-v2_001830::c000,resto-hotel-v2_001830,place_00147,akomodasi|keramaian,train,v2-multilabel-balance,5d255a34ca8590bf4a86fcb9ae1bedac296513e056e44dd9020882f7732929a9
resto-hotel-v2_001851::c000,resto-hotel-v2_001851,place_00147,kebersihan|harga|makanan|akomodasi|internet_sinyal,train,v2-multilabel-balance,5d255a34ca8590bf4a86fcb9ae1bedac296513e056e44dd9020882f7732929a9
resto-hotel-v2_001868::c003,resto-hotel-v2_001868,place_00147,kebersihan,train,v2-multilabel-balance,5d255a34ca8590bf4a86fcb9ae1bedac296513e056e44dd9020882f7732929a9
resto-hotel-v2_001878::c000,resto-hotel-v2_001878,place_00147,parkir|pelayanan|akomodasi|keamanan,train,v2-multilabel-balance,5d255a34ca8590bf4a86fcb9ae1bedac296513e056e44dd9020882f7732929a9
resto-hotel-v2_001885::c000,resto-hotel-v2_001885,place_00147,kebersihan|makanan,train,v2-multilabel-balance,5d255a34ca8590bf4a86fcb9ae1bedac296513e056e44dd9020882f7732929a9
resto-hotel-v2_001899::c001,resto-hotel-v2_001899,place_00147,toilet|akomodasi,train,v2-multilabel-balance,5d255a34ca8590bf4a86fcb9ae1bedac296513e056e44dd9020882f7732929a9
resto-hotel-v2_001180::c003,resto-hotel-v2_001180,place_00153,akomodasi,train,v2-multilabel-balance,5d255a34ca8590bf4a86fcb9ae1bedac296513e056e44dd9020882f7732929a9
resto-hotel-v2_001182::c000,resto-hotel-v2_001182,place_00153,none,train,v2-multilabel-balance,5d255a34ca8590bf4a86fcb9ae1bedac296513e056e44dd9020882f7732929a9
resto-hotel-v2_001187::c000,resto-hotel-v2_001187,place_00153,kebersihan|toilet|akomodasi,train,v2-multilabel-balance,5d255a34ca8590bf4a86fcb9ae1bedac296513e056e44dd9020882f7732929a9
resto-hotel-v2_001196::c000,resto-hotel-v2_001196,place_00153,kebersihan|akomodasi|fasilitas_umum,train,v2-multilabel-balance,5d255a34ca8590bf4a86fcb9ae1bedac296513e056e44dd9020882f7732929a9
resto-hotel-v2_001212::c000,resto-hotel-v2_001212,place_00153,none,train,v2-multilabel-balance,5d255a34ca8590bf4a86fcb9ae1bedac296513e056e44dd9020882f7732929a9
resto-hotel-v2_001214::c002,resto-hotel-v2_001214,place_00153,kebersihan|akomodasi,train,v2-multilabel-balance,5d255a34ca8590bf4a86fcb9ae1bedac296513e056e44dd9020882f7732929a9
resto-hotel-v2_001214::c005,resto-hotel-v2_001214,place_00153,toilet|akomodasi,train,v2-multilabel-balance,5d255a34ca8590bf4a86fcb9ae1bedac296513e056e44dd9020882f7732929a9
resto-hotel-v2_008506::c003,resto-hotel-v2_008506,place_00154,parkir,train,v2-multilabel-balance,5d255a34ca8590bf4a86fcb9ae1bedac296513e056e44dd9020882f7732929a9
resto-hotel-v2_008514::c000,resto-hotel-v2_008514,place_00154,kebersihan|pelayanan|akomodasi|fasilitas_umum,train,v2-multilabel-balance,5d255a34ca8590bf4a86fcb9ae1bedac296513e056e44dd9020882f7732929a9
resto-hotel-v2_008516::c000,resto-hotel-v2_008516,place_00154,pelayanan|makanan,train,v2-multilabel-balance,5d255a34ca8590bf4a86fcb9ae1bedac296513e056e44dd9020882f7732929a9
resto-hotel-v2_008520::c000,resto-hotel-v2_008520,place_00154,makanan,train,v2-multilabel-balance,5d255a34ca8590bf4a86fcb9ae1bedac296513e056e44dd9020882f7732929a9
resto-hotel-v2_008529::c000,resto-hotel-v2_008529,place_00154,harga|pelayanan|makanan,train,v2-multilabel-balance,5d255a34ca8590bf4a86fcb9ae1bedac296513e056e44dd9020882f7732929a9
resto-hotel-v2_007358::c003,resto-hotel-v2_007358,place_00155,parkir|harga,train,v2-multilabel-balance,5d255a34ca8590bf4a86fcb9ae1bedac296513e056e44dd9020882f7732929a9
resto-hotel-v2_007363::c000,resto-hotel-v2_007363,place_00155,makanan|pemandangan,train,v2-multilabel-balance,5d255a34ca8590bf4a86fcb9ae1bedac296513e056e44dd9020882f7732929a9
resto-hotel-v2_007371::c000,resto-hotel-v2_007371,place_00155,pelayanan|makanan,train,v2-multilabel-balance,5d255a34ca8590bf4a86fcb9ae1bedac296513e056e44dd9020882f7732929a9
resto-hotel-v2_007387::c001,resto-hotel-v2_007387,place_00155,none,train,v2-multilabel-balance,5d255a34ca8590bf4a86fcb9ae1bedac296513e056e44dd9020882f7732929a9
resto-hotel-v2_007397::c000,resto-hotel-v2_007397,place_00155,keamanan,train,v2-multilabel-balance,5d255a34ca8590bf4a86fcb9ae1bedac296513e056e44dd9020882f7732929a9
wisata-v2_009020::c000,wisata-v2_009020,place_00156,pemandangan,train,v2-multilabel-balance,5d255a34ca8590bf4a86fcb9ae1bedac296513e056e44dd9020882f7732929a9
wisata-v2_009023::c007,wisata-v2_009023,place_00156,fasilitas_umum,train,v2-multilabel-balance,5d255a34ca8590bf4a86fcb9ae1bedac296513e056e44dd9020882f7732929a9
wisata-v2_003285::c000,wisata-v2_003285,place_00158,pemandangan,train,v2-multilabel-balance,5d255a34ca8590bf4a86fcb9ae1bedac296513e056e44dd9020882f7732929a9
wisata-v2_003287::c000,wisata-v2_003287,place_00158,fasilitas_umum,train,v2-multilabel-balance,5d255a34ca8590bf4a86fcb9ae1bedac296513e056e44dd9020882f7732929a9
wisata-v2_010212::c003,wisata-v2_010212,place_00159,pelayanan,train,v2-multilabel-balance,5d255a34ca8590bf4a86fcb9ae1bedac296513e056e44dd9020882f7732929a9
wisata-v2_010220::c003,wisata-v2_010220,place_00159,fasilitas_umum,train,v2-multilabel-balance,5d255a34ca8590bf4a86fcb9ae1bedac296513e056e44dd9020882f7732929a9
wisata-v2_010229::c000,wisata-v2_010229,place_00159,transportasi|keramaian,train,v2-multilabel-balance,5d255a34ca8590bf4a86fcb9ae1bedac296513e056e44dd9020882f7732929a9
wisata-v2_010243::c000,wisata-v2_010243,place_00159,parkir|harga|pelayanan,train,v2-multilabel-balance,5d255a34ca8590bf4a86fcb9ae1bedac296513e056e44dd9020882f7732929a9
wisata-v2_010247::c000,wisata-v2_010247,place_00159,toilet|fasilitas_umum,train,v2-multilabel-balance,5d255a34ca8590bf4a86fcb9ae1bedac296513e056e44dd9020882f7732929a9
wisata-v2_010248::c001,wisata-v2_010248,place_00159,kebersihan|akomodasi|fasilitas_umum,train,v2-multilabel-balance,5d255a34ca8590bf4a86fcb9ae1bedac296513e056e44dd9020882f7732929a9
wisata-v2_010250::c002,wisata-v2_010250,place_00159,fasilitas_umum,train,v2-multilabel-balance,5d255a34ca8590bf4a86fcb9ae1bedac296513e056e44dd9020882f7732929a9
wisata-v2_010253::c000,wisata-v2_010253,place_00159,parkir|kebersihan|harga|fasilitas_umum|pemandangan,train,v2-multilabel-balance,5d255a34ca8590bf4a86fcb9ae1bedac296513e056e44dd9020882f7732929a9
wisata-v2_010332::c001,wisata-v2_010332,place_00159,kebersihan|jam_operasional|pemandangan,train,v2-multilabel-balance,5d255a34ca8590bf4a86fcb9ae1bedac296513e056e44dd9020882f7732929a9
wisata-v2_010355::c000,wisata-v2_010355,place_00159,kebersihan|pelayanan|pemandangan|aksesibilitas,train,v2-multilabel-balance,5d255a34ca8590bf4a86fcb9ae1bedac296513e056e44dd9020882f7732929a9
wisata-v2_010361::c000,wisata-v2_010361,place_00159,parkir|harga|makanan,train,v2-multilabel-balance,5d255a34ca8590bf4a86fcb9ae1bedac296513e056e44dd9020882f7732929a9
wisata-v2_010378::c000,wisata-v2_010378,place_00159,parkir|kebersihan|toilet|harga|makanan|fasilitas_umum,train,v2-multilabel-balance,5d255a34ca8590bf4a86fcb9ae1bedac296513e056e44dd9020882f7732929a9
wisata-v2_009815::c001,wisata-v2_009815,place_00160,parkir|harga,train,v2-multilabel-balance,5d255a34ca8590bf4a86fcb9ae1bedac296513e056e44dd9020882f7732929a9
wisata-v2_009826::c001,wisata-v2_009826,place_00160,keamanan,train,v2-multilabel-balance,5d255a34ca8590bf4a86fcb9ae1bedac296513e056e44dd9020882f7732929a9
wisata-v2_005377::c002,wisata-v2_005377,place_00168,keamanan|fasilitas_umum|pemandangan,train,v2-multilabel-balance,5d255a34ca8590bf4a86fcb9ae1bedac296513e056e44dd9020882f7732929a9
wisata-v2_005397::c001,wisata-v2_005397,place_00168,keramaian,train,v2-multilabel-balance,5d255a34ca8590bf4a86fcb9ae1bedac296513e056e44dd9020882f7732929a9
wisata-v2_005436::c000,wisata-v2_005436,place_00168,none,train,v2-multilabel-balance,5d255a34ca8590bf4a86fcb9ae1bedac296513e056e44dd9020882f7732929a9
wisata-v2_008787::c000,wisata-v2_008787,place_00170,transportasi|harga|jam_operasional,train,v2-multilabel-balance,5d255a34ca8590bf4a86fcb9ae1bedac296513e056e44dd9020882f7732929a9
wisata-v2_008802::c000,wisata-v2_008802,place_00170,akses_jalan,train,v2-multilabel-balance,5d255a34ca8590bf4a86fcb9ae1bedac296513e056e44dd9020882f7732929a9
wisata-v2_008802::c001,wisata-v2_008802,place_00170,akses_jalan,train,v2-multilabel-balance,5d255a34ca8590bf4a86fcb9ae1bedac296513e056e44dd9020882f7732929a9
wisata-v2_008816::c000,wisata-v2_008816,place_00170,akses_jalan|keramaian,train,v2-multilabel-balance,5d255a34ca8590bf4a86fcb9ae1bedac296513e056e44dd9020882f7732929a9
wisata-v2_008827::c000,wisata-v2_008827,place_00170,transportasi|oleh_oleh,train,v2-multilabel-balance,5d255a34ca8590bf4a86fcb9ae1bedac296513e056e44dd9020882f7732929a9
wisata-v2_008842::c000,wisata-v2_008842,place_00170,transportasi|oleh_oleh,train,v2-multilabel-balance,5d255a34ca8590bf4a86fcb9ae1bedac296513e056e44dd9020882f7732929a9
wisata-v2_008891::c000,wisata-v2_008891,place_00170,keramaian,train,v2-multilabel-balance,5d255a34ca8590bf4a86fcb9ae1bedac296513e056e44dd9020882f7732929a9
wisata-v2_008901::c000,wisata-v2_008901,place_00170,keramaian,train,v2-multilabel-balance,5d255a34ca8590bf4a86fcb9ae1bedac296513e056e44dd9020882f7732929a9
wisata-v2_008901::c002,wisata-v2_008901,place_00170,transportasi|pemandangan,train,v2-multilabel-balance,5d255a34ca8590bf4a86fcb9ae1bedac296513e056e44dd9020882f7732929a9
wisata-v2_008929::c000,wisata-v2_008929,place_00170,parkir|harga,train,v2-multilabel-balance,5d255a34ca8590bf4a86fcb9ae1bedac296513e056e44dd9020882f7732929a9
wisata-v2_008932::c000,wisata-v2_008932,place_00170,keramaian,train,v2-multilabel-balance,5d255a34ca8590bf4a86fcb9ae1bedac296513e056e44dd9020882f7732929a9
wisata-v2_008946::c000,wisata-v2_008946,place_00170,keramaian,train,v2-multilabel-balance,5d255a34ca8590bf4a86fcb9ae1bedac296513e056e44dd9020882f7732929a9
wisata-v2_006972::c000,wisata-v2_006972,place_00172,pelayanan|jam_operasional|keramaian,train,v2-multilabel-balance,5d255a34ca8590bf4a86fcb9ae1bedac296513e056e44dd9020882f7732929a9
wisata-v2_006976::c002,wisata-v2_006976,place_00172,parkir,train,v2-multilabel-balance,5d255a34ca8590bf4a86fcb9ae1bedac296513e056e44dd9020882f7732929a9
wisata-v2_007002::c000,wisata-v2_007002,place_00172,harga|budaya|oleh_oleh,train,v2-multilabel-balance,5d255a34ca8590bf4a86fcb9ae1bedac296513e056e44dd9020882f7732929a9
wisata-v2_007005::c002,wisata-v2_007005,place_00172,oleh_oleh,train,v2-multilabel-balance,5d255a34ca8590bf4a86fcb9ae1bedac296513e056e44dd9020882f7732929a9
wisata-v2_007069::c002,wisata-v2_007069,place_00172,oleh_oleh,train,v2-multilabel-balance,5d255a34ca8590bf4a86fcb9ae1bedac296513e056e44dd9020882f7732929a9
wisata-v2_007075::c001,wisata-v2_007075,place_00172,budaya,train,v2-multilabel-balance,5d255a34ca8590bf4a86fcb9ae1bedac296513e056e44dd9020882f7732929a9
wisata-v2_007079::c003,wisata-v2_007079,place_00172,pemandangan,train,v2-multilabel-balance,5d255a34ca8590bf4a86fcb9ae1bedac296513e056e44dd9020882f7732929a9
wisata-v2_007082::c000,wisata-v2_007082,place_00172,pelayanan|budaya,train,v2-multilabel-balance,5d255a34ca8590bf4a86fcb9ae1bedac296513e056e44dd9020882f7732929a9
wisata-v2_007090::c000,wisata-v2_007090,place_00172,pemandangan|keramaian,train,v2-multilabel-balance,5d255a34ca8590bf4a86fcb9ae1bedac296513e056e44dd9020882f7732929a9
wisata-v2_007109::c000,wisata-v2_007109,place_00172,budaya,train,v2-multilabel-balance,5d255a34ca8590bf4a86fcb9ae1bedac296513e056e44dd9020882f7732929a9
wisata-v2_007119::c000,wisata-v2_007119,place_00172,budaya,train,v2-multilabel-balance,5d255a34ca8590bf4a86fcb9ae1bedac296513e056e44dd9020882f7732929a9
wisata-v2_007125::c000,wisata-v2_007125,place_00172,none,train,v2-multilabel-balance,5d255a34ca8590bf4a86fcb9ae1bedac296513e056e44dd9020882f7732929a9
tempat-wisata-v1_000082::c002,tempat-wisata-v1_000082,place_00174,budaya|oleh_oleh,train,v2-multilabel-balance,5d255a34ca8590bf4a86fcb9ae1bedac296513e056e44dd9020882f7732929a9
wisata-v2_007696::c002,wisata-v2_007696,place_00174,budaya|oleh_oleh,train,v2-multilabel-balance,5d255a34ca8590bf4a86fcb9ae1bedac296513e056e44dd9020882f7732929a9
wisata-v2_007697::c001,wisata-v2_007697,place_00174,pelayanan|budaya,train,v2-multilabel-balance,5d255a34ca8590bf4a86fcb9ae1bedac296513e056e44dd9020882f7732929a9
wisata-v2_007708::c003,wisata-v2_007708,place_00174,pemandangan,train,v2-multilabel-balance,5d255a34ca8590bf4a86fcb9ae1bedac296513e056e44dd9020882f7732929a9
wisata-v2_007726::c000,wisata-v2_007726,place_00174,none,train,v2-multilabel-balance,5d255a34ca8590bf4a86fcb9ae1bedac296513e056e44dd9020882f7732929a9
wisata-v2_007748::c003,wisata-v2_007748,place_00174,none,train,v2-multilabel-balance,5d255a34ca8590bf4a86fcb9ae1bedac296513e056e44dd9020882f7732929a9
wisata-v2_011039::c000,wisata-v2_011039,place_00177,aksesibilitas|budaya,train,v2-multilabel-balance,5d255a34ca8590bf4a86fcb9ae1bedac296513e056e44dd9020882f7732929a9
wisata-v2_011041::c000,wisata-v2_011041,place_00177,harga|pemandangan|keramaian,train,v2-multilabel-balance,5d255a34ca8590bf4a86fcb9ae1bedac296513e056e44dd9020882f7732929a9
wisata-v2_011054::c002,wisata-v2_011054,place_00177,parkir|toilet|harga,train,v2-multilabel-balance,5d255a34ca8590bf4a86fcb9ae1bedac296513e056e44dd9020882f7732929a9
wisata-v2_011055::c002,wisata-v2_011055,place_00177,none,train,v2-multilabel-balance,5d255a34ca8590bf4a86fcb9ae1bedac296513e056e44dd9020882f7732929a9
wisata-v2_011082::c002,wisata-v2_011082,place_00177,kebersihan,train,v2-multilabel-balance,5d255a34ca8590bf4a86fcb9ae1bedac296513e056e44dd9020882f7732929a9
wisata-v2_011084::c000,wisata-v2_011084,place_00177,akses_jalan|keamanan|jam_operasional,train,v2-multilabel-balance,5d255a34ca8590bf4a86fcb9ae1bedac296513e056e44dd9020882f7732929a9
wisata-v2_011116::c001,wisata-v2_011116,place_00177,fasilitas_umum,train,v2-multilabel-balance,5d255a34ca8590bf4a86fcb9ae1bedac296513e056e44dd9020882f7732929a9
wisata-v2_011180::c000,wisata-v2_011180,place_00177,makanan|keramaian,train,v2-multilabel-balance,5d255a34ca8590bf4a86fcb9ae1bedac296513e056e44dd9020882f7732929a9
wisata-v2_011187::c000,wisata-v2_011187,place_00177,pelayanan|keamanan,train,v2-multilabel-balance,5d255a34ca8590bf4a86fcb9ae1bedac296513e056e44dd9020882f7732929a9
wisata-v2_011191::c000,wisata-v2_011191,place_00177,pelayanan|keamanan,train,v2-multilabel-balance,5d255a34ca8590bf4a86fcb9ae1bedac296513e056e44dd9020882f7732929a9
wisata-v2_011197::c000,wisata-v2_011197,place_00177,kebersihan|harga,train,v2-multilabel-balance,5d255a34ca8590bf4a86fcb9ae1bedac296513e056e44dd9020882f7732929a9
wisata-v2_011202::c000,wisata-v2_011202,place_00177,parkir|harga,train,v2-multilabel-balance,5d255a34ca8590bf4a86fcb9ae1bedac296513e056e44dd9020882f7732929a9
resto-hotel-v2_007608::c000,resto-hotel-v2_007608,place_00185,akses_jalan|pemandangan,train,v2-multilabel-balance,5d255a34ca8590bf4a86fcb9ae1bedac296513e056e44dd9020882f7732929a9
resto-hotel-v2_008552::c000,resto-hotel-v2_008552,place_00186,pelayanan|makanan,train,v2-multilabel-balance,5d255a34ca8590bf4a86fcb9ae1bedac296513e056e44dd9020882f7732929a9
resto-hotel-v2_006938::c001,resto-hotel-v2_006938,place_00188,makanan,train,v2-multilabel-balance,5d255a34ca8590bf4a86fcb9ae1bedac296513e056e44dd9020882f7732929a9
resto-hotel-v2_006944::c002,resto-hotel-v2_006944,place_00188,harga,train,v2-multilabel-balance,5d255a34ca8590bf4a86fcb9ae1bedac296513e056e44dd9020882f7732929a9
resto-hotel-v2_006957::c004,resto-hotel-v2_006957,place_00188,pemandangan,train,v2-multilabel-balance,5d255a34ca8590bf4a86fcb9ae1bedac296513e056e44dd9020882f7732929a9
resto-hotel-v2_006957::c007,resto-hotel-v2_006957,place_00188,none,train,v2-multilabel-balance,5d255a34ca8590bf4a86fcb9ae1bedac296513e056e44dd9020882f7732929a9
resto-hotel-v2_006964::c002,resto-hotel-v2_006964,place_00188,pemandangan,train,v2-multilabel-balance,5d255a34ca8590bf4a86fcb9ae1bedac296513e056e44dd9020882f7732929a9
tempat-wisata-v1_000020::c000,tempat-wisata-v1_000020,place_00192,pemandangan,train,v2-multilabel-balance,5d255a34ca8590bf4a86fcb9ae1bedac296513e056e44dd9020882f7732929a9
wisata-v2_001666::c014,wisata-v2_001666,place_00192,harga|makanan,train,v2-multilabel-balance,5d255a34ca8590bf4a86fcb9ae1bedac296513e056e44dd9020882f7732929a9
wisata-v2_001666::c015,wisata-v2_001666,place_00192,makanan|jam_operasional,train,v2-multilabel-balance,5d255a34ca8590bf4a86fcb9ae1bedac296513e056e44dd9020882f7732929a9
wisata-v2_001686::c001,wisata-v2_001686,place_00192,parkir,train,v2-multilabel-balance,5d255a34ca8590bf4a86fcb9ae1bedac296513e056e44dd9020882f7732929a9
wisata-v2_001706::c000,wisata-v2_001706,place_00192,pemandangan,train,v2-multilabel-balance,5d255a34ca8590bf4a86fcb9ae1bedac296513e056e44dd9020882f7732929a9
wisata-v2_001706::c008,wisata-v2_001706,place_00192,pelayanan,train,v2-multilabel-balance,5d255a34ca8590bf4a86fcb9ae1bedac296513e056e44dd9020882f7732929a9
wisata-v2_001708::c000,wisata-v2_001708,place_00192,akses_jalan|parkir|pemandangan,train,v2-multilabel-balance,5d255a34ca8590bf4a86fcb9ae1bedac296513e056e44dd9020882f7732929a9
wisata-v2_001784::c000,wisata-v2_001784,place_00192,fasilitas_umum|pemandangan,train,v2-multilabel-balance,5d255a34ca8590bf4a86fcb9ae1bedac296513e056e44dd9020882f7732929a9
wisata-v2_001813::c000,wisata-v2_001813,place_00192,keramaian,train,v2-multilabel-balance,5d255a34ca8590bf4a86fcb9ae1bedac296513e056e44dd9020882f7732929a9
wisata-v2_001827::c000,wisata-v2_001827,place_00192,harga|fasilitas_umum,train,v2-multilabel-balance,5d255a34ca8590bf4a86fcb9ae1bedac296513e056e44dd9020882f7732929a9
wisata-v2_001884::c000,wisata-v2_001884,place_00192,pemandangan,train,v2-multilabel-balance,5d255a34ca8590bf4a86fcb9ae1bedac296513e056e44dd9020882f7732929a9
wisata-v2_001896::c000,wisata-v2_001896,place_00192,akses_jalan|pelayanan|makanan|pemandangan,train,v2-multilabel-balance,5d255a34ca8590bf4a86fcb9ae1bedac296513e056e44dd9020882f7732929a9
tempat-wisata-v1_000006::c000,tempat-wisata-v1_000006,place_00194,akses_jalan,train,v2-multilabel-balance,5d255a34ca8590bf4a86fcb9ae1bedac296513e056e44dd9020882f7732929a9
wisata-v2_000407::c001,wisata-v2_000407,place_00194,akses_jalan|jam_operasional,train,v2-multilabel-balance,5d255a34ca8590bf4a86fcb9ae1bedac296513e056e44dd9020882f7732929a9
wisata-v2_000410::c002,wisata-v2_000410,place_00194,pemandangan,train,v2-multilabel-balance,5d255a34ca8590bf4a86fcb9ae1bedac296513e056e44dd9020882f7732929a9
resto-hotel-v2_001381::c000,resto-hotel-v2_001381,place_00195,kebersihan,train,v2-multilabel-balance,5d255a34ca8590bf4a86fcb9ae1bedac296513e056e44dd9020882f7732929a9
resto-hotel-v2_001382::c003,resto-hotel-v2_001382,place_00195,harga|akomodasi|fasilitas_umum,train,v2-multilabel-balance,5d255a34ca8590bf4a86fcb9ae1bedac296513e056e44dd9020882f7732929a9
resto-hotel-v2_001405::c000,resto-hotel-v2_001405,place_00195,kebersihan|harga|pelayanan|akomodasi,train,v2-multilabel-balance,5d255a34ca8590bf4a86fcb9ae1bedac296513e056e44dd9020882f7732929a9
resto-hotel-v2_001409::c000,resto-hotel-v2_001409,place_00195,akomodasi,train,v2-multilabel-balance,5d255a34ca8590bf4a86fcb9ae1bedac296513e056e44dd9020882f7732929a9
resto-hotel-v2_001424::c001,resto-hotel-v2_001424,place_00195,pelayanan|makanan,train,v2-multilabel-balance,5d255a34ca8590bf4a86fcb9ae1bedac296513e056e44dd9020882f7732929a9
resto-hotel-v2_001436::c002,resto-hotel-v2_001436,place_00195,makanan|pemandangan,train,v2-multilabel-balance,5d255a34ca8590bf4a86fcb9ae1bedac296513e056e44dd9020882f7732929a9
resto-hotel-v2_001441::c000,resto-hotel-v2_001441,place_00195,harga|makanan,train,v2-multilabel-balance,5d255a34ca8590bf4a86fcb9ae1bedac296513e056e44dd9020882f7732929a9
resto-hotel-v2_001446::c000,resto-hotel-v2_001446,place_00195,kebersihan|harga|makanan|akomodasi,train,v2-multilabel-balance,5d255a34ca8590bf4a86fcb9ae1bedac296513e056e44dd9020882f7732929a9
resto-hotel-v2_001448::c001,resto-hotel-v2_001448,place_00195,kebersihan|toilet|akomodasi,train,v2-multilabel-balance,5d255a34ca8590bf4a86fcb9ae1bedac296513e056e44dd9020882f7732929a9
resto-hotel-v2_001489::c000,resto-hotel-v2_001489,place_00195,kebersihan|toilet|akomodasi,train,v2-multilabel-balance,5d255a34ca8590bf4a86fcb9ae1bedac296513e056e44dd9020882f7732929a9
resto-hotel-v2_001518::c002,resto-hotel-v2_001518,place_00195,transportasi|akomodasi|pemandangan,train,v2-multilabel-balance,5d255a34ca8590bf4a86fcb9ae1bedac296513e056e44dd9020882f7732929a9
resto-hotel-v2_001528::c000,resto-hotel-v2_001528,place_00195,harga|pelayanan|makanan|akomodasi,train,v2-multilabel-balance,5d255a34ca8590bf4a86fcb9ae1bedac296513e056e44dd9020882f7732929a9
resto-hotel-v2_008436::c000,resto-hotel-v2_008436,place_00201,none,train,v2-multilabel-balance,5d255a34ca8590bf4a86fcb9ae1bedac296513e056e44dd9020882f7732929a9
resto-hotel-v2_008481::c003,resto-hotel-v2_008481,place_00201,none,train,v2-multilabel-balance,5d255a34ca8590bf4a86fcb9ae1bedac296513e056e44dd9020882f7732929a9
resto-hotel-v2_008482::c003,resto-hotel-v2_008482,place_00201,kebersihan|toilet,train,v2-multilabel-balance,5d255a34ca8590bf4a86fcb9ae1bedac296513e056e44dd9020882f7732929a9
resto-hotel-v2_008498::c000,resto-hotel-v2_008498,place_00201,makanan,train,v2-multilabel-balance,5d255a34ca8590bf4a86fcb9ae1bedac296513e056e44dd9020882f7732929a9
resto-hotel-v2_008499::c000,resto-hotel-v2_008499,place_00201,none,train,v2-multilabel-balance,5d255a34ca8590bf4a86fcb9ae1bedac296513e056e44dd9020882f7732929a9
resto-hotel-v2_004649::c000,resto-hotel-v2_004649,place_00204,makanan,train,v2-multilabel-balance,5d255a34ca8590bf4a86fcb9ae1bedac296513e056e44dd9020882f7732929a9
resto-hotel-v2_004666::c002,resto-hotel-v2_004666,place_00204,makanan,train,v2-multilabel-balance,5d255a34ca8590bf4a86fcb9ae1bedac296513e056e44dd9020882f7732929a9
resto-hotel-v2_004667::c005,resto-hotel-v2_004667,place_00204,pemandangan,train,v2-multilabel-balance,5d255a34ca8590bf4a86fcb9ae1bedac296513e056e44dd9020882f7732929a9
resto-hotel-v2_004669::c003,resto-hotel-v2_004669,place_00204,makanan,train,v2-multilabel-balance,5d255a34ca8590bf4a86fcb9ae1bedac296513e056e44dd9020882f7732929a9
resto-hotel-v2_004673::c004,resto-hotel-v2_004673,place_00204,none,train,v2-multilabel-balance,5d255a34ca8590bf4a86fcb9ae1bedac296513e056e44dd9020882f7732929a9
resto-hotel-v2_004678::c003,resto-hotel-v2_004678,place_00204,pelayanan,train,v2-multilabel-balance,5d255a34ca8590bf4a86fcb9ae1bedac296513e056e44dd9020882f7732929a9
resto-hotel-v2_008243::c000,resto-hotel-v2_008243,place_00205,kebersihan|harga|pelayanan|makanan|internet_sinyal,train,v2-multilabel-balance,5d255a34ca8590bf4a86fcb9ae1bedac296513e056e44dd9020882f7732929a9
resto-hotel-v2_008253::c002,resto-hotel-v2_008253,place_00205,none,train,v2-multilabel-balance,5d255a34ca8590bf4a86fcb9ae1bedac296513e056e44dd9020882f7732929a9
resto-hotel-v2_008270::c002,resto-hotel-v2_008270,place_00205,none,train,v2-multilabel-balance,5d255a34ca8590bf4a86fcb9ae1bedac296513e056e44dd9020882f7732929a9
resto-hotel-v2_009081::c001,resto-hotel-v2_009081,place_00212,pelayanan,train,v2-multilabel-balance,5d255a34ca8590bf4a86fcb9ae1bedac296513e056e44dd9020882f7732929a9
resto-hotel-v2_009089::c000,resto-hotel-v2_009089,place_00212,pelayanan|makanan|keramaian,train,v2-multilabel-balance,5d255a34ca8590bf4a86fcb9ae1bedac296513e056e44dd9020882f7732929a9
resto-hotel-v2_009092::c000,resto-hotel-v2_009092,place_00212,makanan,train,v2-multilabel-balance,5d255a34ca8590bf4a86fcb9ae1bedac296513e056e44dd9020882f7732929a9
resto-hotel-v2_009134::c001,resto-hotel-v2_009134,place_00212,harga|makanan,train,v2-multilabel-balance,5d255a34ca8590bf4a86fcb9ae1bedac296513e056e44dd9020882f7732929a9
resto-hotel-v2_009152::c000,resto-hotel-v2_009152,place_00212,makanan,train,v2-multilabel-balance,5d255a34ca8590bf4a86fcb9ae1bedac296513e056e44dd9020882f7732929a9
resto-hotel-v2_009493::c000,resto-hotel-v2_009493,place_00213,makanan|pemandangan,train,v2-multilabel-balance,5d255a34ca8590bf4a86fcb9ae1bedac296513e056e44dd9020882f7732929a9
resto-hotel-v2_004155::c000,resto-hotel-v2_004155,place_00222,parkir,train,v2-multilabel-balance,5d255a34ca8590bf4a86fcb9ae1bedac296513e056e44dd9020882f7732929a9
resto-hotel-v2_004155::c001,resto-hotel-v2_004155,place_00222,makanan,train,v2-multilabel-balance,5d255a34ca8590bf4a86fcb9ae1bedac296513e056e44dd9020882f7732929a9
resto-hotel-v2_004156::c000,resto-hotel-v2_004156,place_00222,harga|makanan,train,v2-multilabel-balance,5d255a34ca8590bf4a86fcb9ae1bedac296513e056e44dd9020882f7732929a9
resto-hotel-v2_004161::c000,resto-hotel-v2_004161,place_00222,kebersihan|makanan,train,v2-multilabel-balance,5d255a34ca8590bf4a86fcb9ae1bedac296513e056e44dd9020882f7732929a9
resto-hotel-v2_008672::c002,resto-hotel-v2_008672,place_00223,makanan,train,v2-multilabel-balance,5d255a34ca8590bf4a86fcb9ae1bedac296513e056e44dd9020882f7732929a9
resto-hotel-v2_008689::c000,resto-hotel-v2_008689,place_00223,kebersihan|toilet|pelayanan,train,v2-multilabel-balance,5d255a34ca8590bf4a86fcb9ae1bedac296513e056e44dd9020882f7732929a9
resto-hotel-v2_008693::c001,resto-hotel-v2_008693,place_00223,kebersihan|pemandangan,train,v2-multilabel-balance,5d255a34ca8590bf4a86fcb9ae1bedac296513e056e44dd9020882f7732929a9
resto-hotel-v2_008705::c000,resto-hotel-v2_008705,place_00223,harga|makanan,train,v2-multilabel-balance,5d255a34ca8590bf4a86fcb9ae1bedac296513e056e44dd9020882f7732929a9
resto-hotel-v2_008342::c000,resto-hotel-v2_008342,place_00226,makanan|pemandangan|budaya,train,v2-multilabel-balance,5d255a34ca8590bf4a86fcb9ae1bedac296513e056e44dd9020882f7732929a9
resto-hotel-v2_005762::c001,resto-hotel-v2_005762,place_00233,makanan|keramaian,train,v2-multilabel-balance,5d255a34ca8590bf4a86fcb9ae1bedac296513e056e44dd9020882f7732929a9
resto-hotel-v2_005775::c001,resto-hotel-v2_005775,place_00233,harga|makanan,train,v2-multilabel-balance,5d255a34ca8590bf4a86fcb9ae1bedac296513e056e44dd9020882f7732929a9
resto-hotel-v2_005779::c000,resto-hotel-v2_005779,place_00233,parkir|makanan,train,v2-multilabel-balance,5d255a34ca8590bf4a86fcb9ae1bedac296513e056e44dd9020882f7732929a9
resto-hotel-v2_005811::c005,resto-hotel-v2_005811,place_00233,none,train,v2-multilabel-balance,5d255a34ca8590bf4a86fcb9ae1bedac296513e056e44dd9020882f7732929a9
resto-hotel-v2_005819::c001,resto-hotel-v2_005819,place_00233,harga|makanan,train,v2-multilabel-balance,5d255a34ca8590bf4a86fcb9ae1bedac296513e056e44dd9020882f7732929a9
resto-hotel-v2_005829::c003,resto-hotel-v2_005829,place_00233,keramaian,train,v2-multilabel-balance,5d255a34ca8590bf4a86fcb9ae1bedac296513e056e44dd9020882f7732929a9
resto-hotel-v2_005834::c000,resto-hotel-v2_005834,place_00233,pelayanan|makanan,train,v2-multilabel-balance,5d255a34ca8590bf4a86fcb9ae1bedac296513e056e44dd9020882f7732929a9
resto-hotel-v2_005851::c003,resto-hotel-v2_005851,place_00233,makanan,train,v2-multilabel-balance,5d255a34ca8590bf4a86fcb9ae1bedac296513e056e44dd9020882f7732929a9
resto-hotel-v2_005879::c001,resto-hotel-v2_005879,place_00233,makanan,train,v2-multilabel-balance,5d255a34ca8590bf4a86fcb9ae1bedac296513e056e44dd9020882f7732929a9
resto-hotel-v2_005885::c001,resto-hotel-v2_005885,place_00233,makanan,train,v2-multilabel-balance,5d255a34ca8590bf4a86fcb9ae1bedac296513e056e44dd9020882f7732929a9
resto-hotel-v2_005891::c001,resto-hotel-v2_005891,place_00233,none,train,v2-multilabel-balance,5d255a34ca8590bf4a86fcb9ae1bedac296513e056e44dd9020882f7732929a9
resto-hotel-v2_005892::c000,resto-hotel-v2_005892,place_00233,makanan,train,v2-multilabel-balance,5d255a34ca8590bf4a86fcb9ae1bedac296513e056e44dd9020882f7732929a9
resto-hotel-v2_008568::c002,resto-hotel-v2_008568,place_00234,jam_operasional,train,v2-multilabel-balance,5d255a34ca8590bf4a86fcb9ae1bedac296513e056e44dd9020882f7732929a9
resto-hotel-v2_008568::c007,resto-hotel-v2_008568,place_00234,harga|pelayanan,train,v2-multilabel-balance,5d255a34ca8590bf4a86fcb9ae1bedac296513e056e44dd9020882f7732929a9
resto-hotel-v2_008569::c000,resto-hotel-v2_008569,place_00234,transportasi|harga|makanan,train,v2-multilabel-balance,5d255a34ca8590bf4a86fcb9ae1bedac296513e056e44dd9020882f7732929a9
resto-hotel-v2_008595::c000,resto-hotel-v2_008595,place_00234,none,train,v2-multilabel-balance,5d255a34ca8590bf4a86fcb9ae1bedac296513e056e44dd9020882f7732929a9
resto-hotel-v2_008618::c001,resto-hotel-v2_008618,place_00234,harga|pelayanan,train,v2-multilabel-balance,5d255a34ca8590bf4a86fcb9ae1bedac296513e056e44dd9020882f7732929a9
resto-hotel-v2_008628::c001,resto-hotel-v2_008628,place_00234,harga,train,v2-multilabel-balance,5d255a34ca8590bf4a86fcb9ae1bedac296513e056e44dd9020882f7732929a9
resto-hotel-v2_008649::c000,resto-hotel-v2_008649,place_00234,parkir,train,v2-multilabel-balance,5d255a34ca8590bf4a86fcb9ae1bedac296513e056e44dd9020882f7732929a9
resto-hotel-v2_008912::c000,resto-hotel-v2_008912,place_00241,makanan,train,v2-multilabel-balance,5d255a34ca8590bf4a86fcb9ae1bedac296513e056e44dd9020882f7732929a9
resto-hotel-v2_008924::c000,resto-hotel-v2_008924,place_00241,harga,train,v2-multilabel-balance,5d255a34ca8590bf4a86fcb9ae1bedac296513e056e44dd9020882f7732929a9
resto-hotel-v2_003977::c000,resto-hotel-v2_003977,place_00242,pelayanan|makanan|keramaian,train,v2-multilabel-balance,5d255a34ca8590bf4a86fcb9ae1bedac296513e056e44dd9020882f7732929a9
resto-hotel-v2_009038::c001,resto-hotel-v2_009038,place_00247,kebersihan|toilet,train,v2-multilabel-balance,5d255a34ca8590bf4a86fcb9ae1bedac296513e056e44dd9020882f7732929a9
resto-hotel-v2_009040::c000,resto-hotel-v2_009040,place_00247,makanan|pemandangan,train,v2-multilabel-balance,5d255a34ca8590bf4a86fcb9ae1bedac296513e056e44dd9020882f7732929a9
resto-hotel-v2_007668::c000,resto-hotel-v2_007668,place_00250,makanan,train,v2-multilabel-balance,5d255a34ca8590bf4a86fcb9ae1bedac296513e056e44dd9020882f7732929a9
resto-hotel-v2_007783::c001,resto-hotel-v2_007783,place_00250,none,train,v2-multilabel-balance,5d255a34ca8590bf4a86fcb9ae1bedac296513e056e44dd9020882f7732929a9
resto-hotel-v2_007797::c002,resto-hotel-v2_007797,place_00250,harga,train,v2-multilabel-balance,5d255a34ca8590bf4a86fcb9ae1bedac296513e056e44dd9020882f7732929a9
resto-hotel-v2_007833::c000,resto-hotel-v2_007833,place_00250,pelayanan|makanan,train,v2-multilabel-balance,5d255a34ca8590bf4a86fcb9ae1bedac296513e056e44dd9020882f7732929a9
tempat-wisata-v1_000091::c004,tempat-wisata-v1_000091,place_00251,keramaian,train,v2-multilabel-balance,5d255a34ca8590bf4a86fcb9ae1bedac296513e056e44dd9020882f7732929a9
wisata-v2_008102::c004,wisata-v2_008102,place_00251,harga|oleh_oleh,train,v2-multilabel-balance,5d255a34ca8590bf4a86fcb9ae1bedac296513e056e44dd9020882f7732929a9
wisata-v2_008118::c002,wisata-v2_008118,place_00251,budaya,train,v2-multilabel-balance,5d255a34ca8590bf4a86fcb9ae1bedac296513e056e44dd9020882f7732929a9
wisata-v2_008140::c000,wisata-v2_008140,place_00251,akses_jalan|harga|jam_operasional|pemandangan|keramaian,train,v2-multilabel-balance,5d255a34ca8590bf4a86fcb9ae1bedac296513e056e44dd9020882f7732929a9
wisata-v2_008169::c000,wisata-v2_008169,place_00251,kebersihan|pelayanan,train,v2-multilabel-balance,5d255a34ca8590bf4a86fcb9ae1bedac296513e056e44dd9020882f7732929a9
wisata-v2_008181::c001,wisata-v2_008181,place_00251,akses_jalan|parkir,train,v2-multilabel-balance,5d255a34ca8590bf4a86fcb9ae1bedac296513e056e44dd9020882f7732929a9
wisata-v2_008181::c004,wisata-v2_008181,place_00251,fasilitas_umum,train,v2-multilabel-balance,5d255a34ca8590bf4a86fcb9ae1bedac296513e056e44dd9020882f7732929a9
wisata-v2_008225::c002,wisata-v2_008225,place_00251,akomodasi|jam_operasional,train,v2-multilabel-balance,5d255a34ca8590bf4a86fcb9ae1bedac296513e056e44dd9020882f7732929a9
wisata-v2_008251::c000,wisata-v2_008251,place_00251,akses_jalan|parkir|makanan,train,v2-multilabel-balance,5d255a34ca8590bf4a86fcb9ae1bedac296513e056e44dd9020882f7732929a9
wisata-v2_008257::c004,wisata-v2_008257,place_00251,akses_jalan|pemandangan,train,v2-multilabel-balance,5d255a34ca8590bf4a86fcb9ae1bedac296513e056e44dd9020882f7732929a9
wisata-v2_008257::c005,wisata-v2_008257,place_00251,toilet,train,v2-multilabel-balance,5d255a34ca8590bf4a86fcb9ae1bedac296513e056e44dd9020882f7732929a9
wisata-v2_008272::c000,wisata-v2_008272,place_00251,akses_jalan,train,v2-multilabel-balance,5d255a34ca8590bf4a86fcb9ae1bedac296513e056e44dd9020882f7732929a9
resto-hotel-v2_006163::c000,resto-hotel-v2_006163,place_00256,makanan,train,v2-multilabel-balance,5d255a34ca8590bf4a86fcb9ae1bedac296513e056e44dd9020882f7732929a9
resto-hotel-v2_006166::c000,resto-hotel-v2_006166,place_00256,makanan,train,v2-multilabel-balance,5d255a34ca8590bf4a86fcb9ae1bedac296513e056e44dd9020882f7732929a9
resto-hotel-v2_006166::c001,resto-hotel-v2_006166,place_00256,makanan,train,v2-multilabel-balance,5d255a34ca8590bf4a86fcb9ae1bedac296513e056e44dd9020882f7732929a9
resto-hotel-v2_006185::c001,resto-hotel-v2_006185,place_00256,makanan,train,v2-multilabel-balance,5d255a34ca8590bf4a86fcb9ae1bedac296513e056e44dd9020882f7732929a9
resto-hotel-v2_006185::c002,resto-hotel-v2_006185,place_00256,makanan,train,v2-multilabel-balance,5d255a34ca8590bf4a86fcb9ae1bedac296513e056e44dd9020882f7732929a9
resto-hotel-v2_006190::c012,resto-hotel-v2_006190,place_00256,makanan,train,v2-multilabel-balance,5d255a34ca8590bf4a86fcb9ae1bedac296513e056e44dd9020882f7732929a9
resto-hotel-v2_006216::c011,resto-hotel-v2_006216,place_00256,pelayanan|aksesibilitas,train,v2-multilabel-balance,5d255a34ca8590bf4a86fcb9ae1bedac296513e056e44dd9020882f7732929a9
resto-hotel-v2_006217::c000,resto-hotel-v2_006217,place_00256,jam_operasional,train,v2-multilabel-balance,5d255a34ca8590bf4a86fcb9ae1bedac296513e056e44dd9020882f7732929a9
resto-hotel-v2_006217::c001,resto-hotel-v2_006217,place_00256,pelayanan|jam_operasional,train,v2-multilabel-balance,5d255a34ca8590bf4a86fcb9ae1bedac296513e056e44dd9020882f7732929a9
wisata-v2_012027::c001,wisata-v2_012027,place_00259,budaya,train,v2-multilabel-balance,5d255a34ca8590bf4a86fcb9ae1bedac296513e056e44dd9020882f7732929a9
wisata-v2_012030::c001,wisata-v2_012030,place_00259,keramaian,train,v2-multilabel-balance,5d255a34ca8590bf4a86fcb9ae1bedac296513e056e44dd9020882f7732929a9
resto-hotel-v2_000268::c000,resto-hotel-v2_000268,place_00261,pelayanan,train,v2-multilabel-balance,5d255a34ca8590bf4a86fcb9ae1bedac296513e056e44dd9020882f7732929a9
resto-hotel-v2_000278::c006,resto-hotel-v2_000278,place_00261,harga|pelayanan|makanan,train,v2-multilabel-balance,5d255a34ca8590bf4a86fcb9ae1bedac296513e056e44dd9020882f7732929a9
resto-hotel-v2_000291::c001,resto-hotel-v2_000291,place_00261,pelayanan|makanan,train,v2-multilabel-balance,5d255a34ca8590bf4a86fcb9ae1bedac296513e056e44dd9020882f7732929a9
resto-hotel-v2_000372::c000,resto-hotel-v2_000372,place_00261,harga,train,v2-multilabel-balance,5d255a34ca8590bf4a86fcb9ae1bedac296513e056e44dd9020882f7732929a9
resto-hotel-v2_000392::c000,resto-hotel-v2_000392,place_00261,keramaian,train,v2-multilabel-balance,5d255a34ca8590bf4a86fcb9ae1bedac296513e056e44dd9020882f7732929a9
resto-hotel-v2_007254::c001,resto-hotel-v2_007254,place_00263,kebersihan|pelayanan,train,v2-multilabel-balance,5d255a34ca8590bf4a86fcb9ae1bedac296513e056e44dd9020882f7732929a9
resto-hotel-v2_005662::c003,resto-hotel-v2_005662,place_00265,pelayanan|makanan|keramaian,train,v2-multilabel-balance,5d255a34ca8590bf4a86fcb9ae1bedac296513e056e44dd9020882f7732929a9
resto-hotel-v2_005665::c002,resto-hotel-v2_005665,place_00265,pelayanan,train,v2-multilabel-balance,5d255a34ca8590bf4a86fcb9ae1bedac296513e056e44dd9020882f7732929a9
resto-hotel-v2_005667::c001,resto-hotel-v2_005667,place_00265,makanan,train,v2-multilabel-balance,5d255a34ca8590bf4a86fcb9ae1bedac296513e056e44dd9020882f7732929a9
resto-hotel-v2_005700::c000,resto-hotel-v2_005700,place_00265,none,train,v2-multilabel-balance,5d255a34ca8590bf4a86fcb9ae1bedac296513e056e44dd9020882f7732929a9
resto-hotel-v2_005706::c000,resto-hotel-v2_005706,place_00265,pelayanan,train,v2-multilabel-balance,5d255a34ca8590bf4a86fcb9ae1bedac296513e056e44dd9020882f7732929a9
resto-hotel-v2_002068::c002,resto-hotel-v2_002068,place_00270,transportasi,train,v2-multilabel-balance,5d255a34ca8590bf4a86fcb9ae1bedac296513e056e44dd9020882f7732929a9
resto-hotel-v2_002070::c000,resto-hotel-v2_002070,place_00270,none,train,v2-multilabel-balance,5d255a34ca8590bf4a86fcb9ae1bedac296513e056e44dd9020882f7732929a9
resto-hotel-v2_002073::c001,resto-hotel-v2_002073,place_00270,transportasi|akomodasi,train,v2-multilabel-balance,5d255a34ca8590bf4a86fcb9ae1bedac296513e056e44dd9020882f7732929a9
resto-hotel-v2_002100::c001,resto-hotel-v2_002100,place_00270,transportasi,train,v2-multilabel-balance,5d255a34ca8590bf4a86fcb9ae1bedac296513e056e44dd9020882f7732929a9
resto-hotel-v2_002150::c005,resto-hotel-v2_002150,place_00270,transportasi,train,v2-multilabel-balance,5d255a34ca8590bf4a86fcb9ae1bedac296513e056e44dd9020882f7732929a9
resto-hotel-v2_002153::c002,resto-hotel-v2_002153,place_00270,makanan,train,v2-multilabel-balance,5d255a34ca8590bf4a86fcb9ae1bedac296513e056e44dd9020882f7732929a9
resto-hotel-v2_002164::c000,resto-hotel-v2_002164,place_00270,pelayanan|makanan|akomodasi|fasilitas_umum,train,v2-multilabel-balance,5d255a34ca8590bf4a86fcb9ae1bedac296513e056e44dd9020882f7732929a9
resto-hotel-v2_002166::c000,resto-hotel-v2_002166,place_00270,kebersihan|makanan|pemandangan,train,v2-multilabel-balance,5d255a34ca8590bf4a86fcb9ae1bedac296513e056e44dd9020882f7732929a9
resto-hotel-v2_002205::c000,resto-hotel-v2_002205,place_00270,kebersihan|toilet|akomodasi,train,v2-multilabel-balance,5d255a34ca8590bf4a86fcb9ae1bedac296513e056e44dd9020882f7732929a9
resto-hotel-v2_002225::c001,resto-hotel-v2_002225,place_00270,toilet|akomodasi,train,v2-multilabel-balance,5d255a34ca8590bf4a86fcb9ae1bedac296513e056e44dd9020882f7732929a9
resto-hotel-v2_002252::c000,resto-hotel-v2_002252,place_00270,transportasi|jam_operasional,train,v2-multilabel-balance,5d255a34ca8590bf4a86fcb9ae1bedac296513e056e44dd9020882f7732929a9
resto-hotel-v2_002265::c001,resto-hotel-v2_002265,place_00270,pelayanan,train,v2-multilabel-balance,5d255a34ca8590bf4a86fcb9ae1bedac296513e056e44dd9020882f7732929a9
wisata-v2_011328::c000,wisata-v2_011328,place_00276,fasilitas_umum,train,v2-multilabel-balance,5d255a34ca8590bf4a86fcb9ae1bedac296513e056e44dd9020882f7732929a9
resto-hotel-v2_001646::c000,resto-hotel-v2_001646,place_00279,keamanan,train,v2-multilabel-balance,5d255a34ca8590bf4a86fcb9ae1bedac296513e056e44dd9020882f7732929a9
resto-hotel-v2_006558::c013,resto-hotel-v2_006558,place_00280,none,train,v2-multilabel-balance,5d255a34ca8590bf4a86fcb9ae1bedac296513e056e44dd9020882f7732929a9
resto-hotel-v2_006559::c005,resto-hotel-v2_006559,place_00280,pelayanan|keramaian,train,v2-multilabel-balance,5d255a34ca8590bf4a86fcb9ae1bedac296513e056e44dd9020882f7732929a9
resto-hotel-v2_006579::c000,resto-hotel-v2_006579,place_00280,makanan,train,v2-multilabel-balance,5d255a34ca8590bf4a86fcb9ae1bedac296513e056e44dd9020882f7732929a9
resto-hotel-v2_006610::c000,resto-hotel-v2_006610,place_00280,makanan,train,v2-multilabel-balance,5d255a34ca8590bf4a86fcb9ae1bedac296513e056e44dd9020882f7732929a9
resto-hotel-v2_006630::c001,resto-hotel-v2_006630,place_00280,none,train,v2-multilabel-balance,5d255a34ca8590bf4a86fcb9ae1bedac296513e056e44dd9020882f7732929a9
resto-hotel-v2_006648::c000,resto-hotel-v2_006648,place_00280,makanan,train,v2-multilabel-balance,5d255a34ca8590bf4a86fcb9ae1bedac296513e056e44dd9020882f7732929a9
resto-hotel-v2_006657::c000,resto-hotel-v2_006657,place_00280,makanan,train,v2-multilabel-balance,5d255a34ca8590bf4a86fcb9ae1bedac296513e056e44dd9020882f7732929a9
resto-hotel-v2_006686::c003,resto-hotel-v2_006686,place_00280,makanan|jam_operasional|internet_sinyal,train,v2-multilabel-balance,5d255a34ca8590bf4a86fcb9ae1bedac296513e056e44dd9020882f7732929a9
resto-hotel-v2_006687::c000,resto-hotel-v2_006687,place_00280,none,train,v2-multilabel-balance,5d255a34ca8590bf4a86fcb9ae1bedac296513e056e44dd9020882f7732929a9
resto-hotel-v2_006722::c007,resto-hotel-v2_006722,place_00280,makanan,train,v2-multilabel-balance,5d255a34ca8590bf4a86fcb9ae1bedac296513e056e44dd9020882f7732929a9
resto-hotel-v2_001641::c000,resto-hotel-v2_001641,place_00282,kebersihan|akomodasi|keamanan,train,v2-multilabel-balance,5d255a34ca8590bf4a86fcb9ae1bedac296513e056e44dd9020882f7732929a9
resto-hotel-v2_001924::c006,resto-hotel-v2_001924,place_00284,transportasi,train,v2-multilabel-balance,5d255a34ca8590bf4a86fcb9ae1bedac296513e056e44dd9020882f7732929a9
resto-hotel-v2_001930::c015,resto-hotel-v2_001930,place_00284,akomodasi,train,v2-multilabel-balance,5d255a34ca8590bf4a86fcb9ae1bedac296513e056e44dd9020882f7732929a9
resto-hotel-v2_001930::c019,resto-hotel-v2_001930,place_00284,transportasi,train,v2-multilabel-balance,5d255a34ca8590bf4a86fcb9ae1bedac296513e056e44dd9020882f7732929a9
resto-hotel-v2_001933::c001,resto-hotel-v2_001933,place_00284,akses_jalan|toilet|makanan|akomodasi|aksesibilitas,train,v2-multilabel-balance,5d255a34ca8590bf4a86fcb9ae1bedac296513e056e44dd9020882f7732929a9
resto-hotel-v2_004358::c005,resto-hotel-v2_004358,place_00285,none,train,v2-multilabel-balance,5d255a34ca8590bf4a86fcb9ae1bedac296513e056e44dd9020882f7732929a9
resto-hotel-v2_004358::c006,resto-hotel-v2_004358,place_00285,pelayanan,train,v2-multilabel-balance,5d255a34ca8590bf4a86fcb9ae1bedac296513e056e44dd9020882f7732929a9
resto-hotel-v2_004361::c001,resto-hotel-v2_004361,place_00285,harga|makanan,train,v2-multilabel-balance,5d255a34ca8590bf4a86fcb9ae1bedac296513e056e44dd9020882f7732929a9
resto-hotel-v2_003159::c000,resto-hotel-v2_003159,place_00286,akses_jalan|kebersihan|makanan|akomodasi|fasilitas_umum|pemandangan,train,v2-multilabel-balance,5d255a34ca8590bf4a86fcb9ae1bedac296513e056e44dd9020882f7732929a9
resto-hotel-v2_003188::c001,resto-hotel-v2_003188,place_00286,transportasi,train,v2-multilabel-balance,5d255a34ca8590bf4a86fcb9ae1bedac296513e056e44dd9020882f7732929a9
resto-hotel-v2_003224::c003,resto-hotel-v2_003224,place_00286,toilet,train,v2-multilabel-balance,5d255a34ca8590bf4a86fcb9ae1bedac296513e056e44dd9020882f7732929a9
resto-hotel-v2_003226::c001,resto-hotel-v2_003226,place_00286,pelayanan,train,v2-multilabel-balance,5d255a34ca8590bf4a86fcb9ae1bedac296513e056e44dd9020882f7732929a9
resto-hotel-v2_003228::c001,resto-hotel-v2_003228,place_00286,pelayanan,train,v2-multilabel-balance,5d255a34ca8590bf4a86fcb9ae1bedac296513e056e44dd9020882f7732929a9
resto-hotel-v2_003237::c000,resto-hotel-v2_003237,place_00286,akomodasi,train,v2-multilabel-balance,5d255a34ca8590bf4a86fcb9ae1bedac296513e056e44dd9020882f7732929a9
resto-hotel-v2_003238::c003,resto-hotel-v2_003238,place_00286,kebersihan|akomodasi,train,v2-multilabel-balance,5d255a34ca8590bf4a86fcb9ae1bedac296513e056e44dd9020882f7732929a9
resto-hotel-v2_003242::c000,resto-hotel-v2_003242,place_00286,pelayanan|akomodasi,train,v2-multilabel-balance,5d255a34ca8590bf4a86fcb9ae1bedac296513e056e44dd9020882f7732929a9
resto-hotel-v2_003243::c000,resto-hotel-v2_003243,place_00286,akomodasi,train,v2-multilabel-balance,5d255a34ca8590bf4a86fcb9ae1bedac296513e056e44dd9020882f7732929a9
resto-hotel-v2_003259::c000,resto-hotel-v2_003259,place_00286,akomodasi|fasilitas_umum,train,v2-multilabel-balance,5d255a34ca8590bf4a86fcb9ae1bedac296513e056e44dd9020882f7732929a9
resto-hotel-v2_003290::c003,resto-hotel-v2_003290,place_00286,kebersihan|akomodasi,train,v2-multilabel-balance,5d255a34ca8590bf4a86fcb9ae1bedac296513e056e44dd9020882f7732929a9
resto-hotel-v2_003328::c000,resto-hotel-v2_003328,place_00286,toilet|akomodasi|fasilitas_umum|aksesibilitas,train,v2-multilabel-balance,5d255a34ca8590bf4a86fcb9ae1bedac296513e056e44dd9020882f7732929a9
resto-hotel-v2_000008::c003,resto-hotel-v2_000008,place_00287,harga|akomodasi|fasilitas_umum,train,v2-multilabel-balance,5d255a34ca8590bf4a86fcb9ae1bedac296513e056e44dd9020882f7732929a9
resto-hotel-v2_000008::c005,resto-hotel-v2_000008,place_00287,akomodasi|internet_sinyal,train,v2-multilabel-balance,5d255a34ca8590bf4a86fcb9ae1bedac296513e056e44dd9020882f7732929a9
resto-hotel-v2_000008::c006,resto-hotel-v2_000008,place_00287,transportasi|akomodasi,train,v2-multilabel-balance,5d255a34ca8590bf4a86fcb9ae1bedac296513e056e44dd9020882f7732929a9
resto-hotel-v2_000008::c008,resto-hotel-v2_000008,place_00287,transportasi|jam_operasional,train,v2-multilabel-balance,5d255a34ca8590bf4a86fcb9ae1bedac296513e056e44dd9020882f7732929a9
resto-hotel-v2_000020::c007,resto-hotel-v2_000020,place_00287,transportasi|akomodasi|jam_operasional,train,v2-multilabel-balance,5d255a34ca8590bf4a86fcb9ae1bedac296513e056e44dd9020882f7732929a9
resto-hotel-v2_000021::c002,resto-hotel-v2_000021,place_00287,toilet|akomodasi,train,v2-multilabel-balance,5d255a34ca8590bf4a86fcb9ae1bedac296513e056e44dd9020882f7732929a9
resto-hotel-v2_000021::c006,resto-hotel-v2_000021,place_00287,fasilitas_umum|pemandangan,train,v2-multilabel-balance,5d255a34ca8590bf4a86fcb9ae1bedac296513e056e44dd9020882f7732929a9
resto-hotel-v2_000022::c003,resto-hotel-v2_000022,place_00287,pelayanan|makanan|akomodasi|pemandangan,train,v2-multilabel-balance,5d255a34ca8590bf4a86fcb9ae1bedac296513e056e44dd9020882f7732929a9
resto-hotel-v2_000023::c001,resto-hotel-v2_000023,place_00287,toilet|harga|akomodasi|fasilitas_umum,train,v2-multilabel-balance,5d255a34ca8590bf4a86fcb9ae1bedac296513e056e44dd9020882f7732929a9
resto-hotel-v2_000026::c000,resto-hotel-v2_000026,place_00287,transportasi|pelayanan,train,v2-multilabel-balance,5d255a34ca8590bf4a86fcb9ae1bedac296513e056e44dd9020882f7732929a9
resto-hotel-v2_000033::c000,resto-hotel-v2_000033,place_00287,pelayanan|akomodasi,train,v2-multilabel-balance,5d255a34ca8590bf4a86fcb9ae1bedac296513e056e44dd9020882f7732929a9
resto-hotel-v2_000036::c005,resto-hotel-v2_000036,place_00287,akomodasi,train,v2-multilabel-balance,5d255a34ca8590bf4a86fcb9ae1bedac296513e056e44dd9020882f7732929a9
wisata-v2_005157::c000,wisata-v2_005157,place_00291,pemandangan,train,v2-multilabel-balance,5d255a34ca8590bf4a86fcb9ae1bedac296513e056e44dd9020882f7732929a9
wisata-v2_005167::c001,wisata-v2_005167,place_00291,pelayanan,train,v2-multilabel-balance,5d255a34ca8590bf4a86fcb9ae1bedac296513e056e44dd9020882f7732929a9
wisata-v2_005172::c003,wisata-v2_005172,place_00291,makanan|fasilitas_umum,train,v2-multilabel-balance,5d255a34ca8590bf4a86fcb9ae1bedac296513e056e44dd9020882f7732929a9
wisata-v2_005180::c006,wisata-v2_005180,place_00291,akses_jalan|kebersihan|pelayanan,train,v2-multilabel-balance,5d255a34ca8590bf4a86fcb9ae1bedac296513e056e44dd9020882f7732929a9
wisata-v2_005183::c000,wisata-v2_005183,place_00291,pemandangan,train,v2-multilabel-balance,5d255a34ca8590bf4a86fcb9ae1bedac296513e056e44dd9020882f7732929a9
wisata-v2_005198::c000,wisata-v2_005198,place_00291,akses_jalan|parkir|toilet|harga|pelayanan|akomodasi|aksesibilitas,train,v2-multilabel-balance,5d255a34ca8590bf4a86fcb9ae1bedac296513e056e44dd9020882f7732929a9
wisata-v2_005213::c000,wisata-v2_005213,place_00291,akses_jalan,train,v2-multilabel-balance,5d255a34ca8590bf4a86fcb9ae1bedac296513e056e44dd9020882f7732929a9
wisata-v2_005214::c003,wisata-v2_005214,place_00291,fasilitas_umum,train,v2-multilabel-balance,5d255a34ca8590bf4a86fcb9ae1bedac296513e056e44dd9020882f7732929a9
wisata-v2_005232::c000,wisata-v2_005232,place_00291,pemandangan,train,v2-multilabel-balance,5d255a34ca8590bf4a86fcb9ae1bedac296513e056e44dd9020882f7732929a9
wisata-v2_005234::c002,wisata-v2_005234,place_00291,akses_jalan,train,v2-multilabel-balance,5d255a34ca8590bf4a86fcb9ae1bedac296513e056e44dd9020882f7732929a9
wisata-v2_005239::c000,wisata-v2_005239,place_00291,jam_operasional|pemandangan|keramaian,train,v2-multilabel-balance,5d255a34ca8590bf4a86fcb9ae1bedac296513e056e44dd9020882f7732929a9
wisata-v2_005244::c010,wisata-v2_005244,place_00291,toilet,train,v2-multilabel-balance,5d255a34ca8590bf4a86fcb9ae1bedac296513e056e44dd9020882f7732929a9
resto-hotel-v2_003101::c000,resto-hotel-v2_003101,place_00293,akomodasi|keamanan|aksesibilitas,train,v2-multilabel-balance,5d255a34ca8590bf4a86fcb9ae1bedac296513e056e44dd9020882f7732929a9
resto-hotel-v2_008838::c001,resto-hotel-v2_008838,place_00293,pelayanan,train,v2-multilabel-balance,5d255a34ca8590bf4a86fcb9ae1bedac296513e056e44dd9020882f7732929a9
resto-hotel-v2_008840::c000,resto-hotel-v2_008840,place_00293,kebersihan|pemandangan,train,v2-multilabel-balance,5d255a34ca8590bf4a86fcb9ae1bedac296513e056e44dd9020882f7732929a9
wisata-v2_007649::c000,wisata-v2_007649,place_00295,budaya,train,v2-multilabel-balance,5d255a34ca8590bf4a86fcb9ae1bedac296513e056e44dd9020882f7732929a9
wisata-v2_007666::c004,wisata-v2_007666,place_00295,akses_jalan,train,v2-multilabel-balance,5d255a34ca8590bf4a86fcb9ae1bedac296513e056e44dd9020882f7732929a9
wisata-v2_007689::c000,wisata-v2_007689,place_00295,keramaian,train,v2-multilabel-balance,5d255a34ca8590bf4a86fcb9ae1bedac296513e056e44dd9020882f7732929a9
wisata-v2_007692::c000,wisata-v2_007692,place_00295,pemandangan,train,v2-multilabel-balance,5d255a34ca8590bf4a86fcb9ae1bedac296513e056e44dd9020882f7732929a9
resto-hotel-v2_005633::c000,resto-hotel-v2_005633,place_00299,makanan,train,v2-multilabel-balance,5d255a34ca8590bf4a86fcb9ae1bedac296513e056e44dd9020882f7732929a9
resto-hotel-v2_005636::c002,resto-hotel-v2_005636,place_00299,none,train,v2-multilabel-balance,5d255a34ca8590bf4a86fcb9ae1bedac296513e056e44dd9020882f7732929a9
resto-hotel-v2_005642::c000,resto-hotel-v2_005642,place_00299,kebersihan|pemandangan,train,v2-multilabel-balance,5d255a34ca8590bf4a86fcb9ae1bedac296513e056e44dd9020882f7732929a9
resto-hotel-v2_005651::c000,resto-hotel-v2_005651,place_00299,makanan,train,v2-multilabel-balance,5d255a34ca8590bf4a86fcb9ae1bedac296513e056e44dd9020882f7732929a9
resto-hotel-v2_005657::c000,resto-hotel-v2_005657,place_00299,akomodasi,train,v2-multilabel-balance,5d255a34ca8590bf4a86fcb9ae1bedac296513e056e44dd9020882f7732929a9
wisata-v2_002873::c000,wisata-v2_002873,place_00308,keamanan,train,v2-multilabel-balance,5d255a34ca8590bf4a86fcb9ae1bedac296513e056e44dd9020882f7732929a9
wisata-v2_002881::c000,wisata-v2_002881,place_00308,keamanan|pemandangan,train,v2-multilabel-balance,5d255a34ca8590bf4a86fcb9ae1bedac296513e056e44dd9020882f7732929a9
wisata-v2_002895::c000,wisata-v2_002895,place_00308,akses_jalan|toilet|pemandangan,train,v2-multilabel-balance,5d255a34ca8590bf4a86fcb9ae1bedac296513e056e44dd9020882f7732929a9
wisata-v2_002899::c000,wisata-v2_002899,place_00308,pelayanan|keamanan|keramaian,train,v2-multilabel-balance,5d255a34ca8590bf4a86fcb9ae1bedac296513e056e44dd9020882f7732929a9
wisata-v2_011674::c008,wisata-v2_011674,place_00309,akses_jalan|fasilitas_umum,train,v2-multilabel-balance,5d255a34ca8590bf4a86fcb9ae1bedac296513e056e44dd9020882f7732929a9
wisata-v2_011735::c000,wisata-v2_011735,place_00309,parkir|harga,train,v2-multilabel-balance,5d255a34ca8590bf4a86fcb9ae1bedac296513e056e44dd9020882f7732929a9
wisata-v2_011765::c000,wisata-v2_011765,place_00309,kebersihan|harga|fasilitas_umum,train,v2-multilabel-balance,5d255a34ca8590bf4a86fcb9ae1bedac296513e056e44dd9020882f7732929a9
wisata-v2_011800::c000,wisata-v2_011800,place_00309,harga|pemandangan,train,v2-multilabel-balance,5d255a34ca8590bf4a86fcb9ae1bedac296513e056e44dd9020882f7732929a9
wisata-v2_011829::c000,wisata-v2_011829,place_00309,harga|makanan,train,v2-multilabel-balance,5d255a34ca8590bf4a86fcb9ae1bedac296513e056e44dd9020882f7732929a9
wisata-v2_011840::c000,wisata-v2_011840,place_00309,parkir|toilet|harga|pelayanan|makanan|fasilitas_umum,train,v2-multilabel-balance,5d255a34ca8590bf4a86fcb9ae1bedac296513e056e44dd9020882f7732929a9
wisata-v2_011841::c004,wisata-v2_011841,place_00309,fasilitas_umum|pemandangan,train,v2-multilabel-balance,5d255a34ca8590bf4a86fcb9ae1bedac296513e056e44dd9020882f7732929a9
wisata-v2_011860::c001,wisata-v2_011860,place_00309,harga,train,v2-multilabel-balance,5d255a34ca8590bf4a86fcb9ae1bedac296513e056e44dd9020882f7732929a9
wisata-v2_000477::c002,wisata-v2_000477,place_00311,akomodasi,train,v2-multilabel-balance,5d255a34ca8590bf4a86fcb9ae1bedac296513e056e44dd9020882f7732929a9
wisata-v2_000495::c002,wisata-v2_000495,place_00311,harga,train,v2-multilabel-balance,5d255a34ca8590bf4a86fcb9ae1bedac296513e056e44dd9020882f7732929a9
resto-hotel-v2_006119::c001,resto-hotel-v2_006119,place_00315,transportasi|pelayanan,train,v2-multilabel-balance,5d255a34ca8590bf4a86fcb9ae1bedac296513e056e44dd9020882f7732929a9
resto-hotel-v2_006146::c001,resto-hotel-v2_006146,place_00315,pemandangan,train,v2-multilabel-balance,5d255a34ca8590bf4a86fcb9ae1bedac296513e056e44dd9020882f7732929a9
resto-hotel-v2_006148::c000,resto-hotel-v2_006148,place_00315,pemandangan,train,v2-multilabel-balance,5d255a34ca8590bf4a86fcb9ae1bedac296513e056e44dd9020882f7732929a9
wisata-v2_012104::c000,wisata-v2_012104,place_00316,kebersihan|fasilitas_umum,train,v2-multilabel-balance,5d255a34ca8590bf4a86fcb9ae1bedac296513e056e44dd9020882f7732929a9
wisata-v2_012118::c001,wisata-v2_012118,place_00316,pelayanan,train,v2-multilabel-balance,5d255a34ca8590bf4a86fcb9ae1bedac296513e056e44dd9020882f7732929a9
wisata-v2_012154::c000,wisata-v2_012154,place_00316,fasilitas_umum|keramaian,train,v2-multilabel-balance,5d255a34ca8590bf4a86fcb9ae1bedac296513e056e44dd9020882f7732929a9
wisata-v2_012171::c002,wisata-v2_012171,place_00316,akses_jalan|kebersihan|toilet|fasilitas_umum,train,v2-multilabel-balance,5d255a34ca8590bf4a86fcb9ae1bedac296513e056e44dd9020882f7732929a9
wisata-v2_012185::c001,wisata-v2_012185,place_00316,kebersihan,train,v2-multilabel-balance,5d255a34ca8590bf4a86fcb9ae1bedac296513e056e44dd9020882f7732929a9
wisata-v2_012195::c001,wisata-v2_012195,place_00316,parkir|harga,train,v2-multilabel-balance,5d255a34ca8590bf4a86fcb9ae1bedac296513e056e44dd9020882f7732929a9
wisata-v2_012205::c003,wisata-v2_012205,place_00316,none,train,v2-multilabel-balance,5d255a34ca8590bf4a86fcb9ae1bedac296513e056e44dd9020882f7732929a9
wisata-v2_012218::c002,wisata-v2_012218,place_00316,akses_jalan|kebersihan|toilet|keamanan|fasilitas_umum,train,v2-multilabel-balance,5d255a34ca8590bf4a86fcb9ae1bedac296513e056e44dd9020882f7732929a9
wisata-v2_012220::c000,wisata-v2_012220,place_00316,none,train,v2-multilabel-balance,5d255a34ca8590bf4a86fcb9ae1bedac296513e056e44dd9020882f7732929a9
wisata-v2_002911::c000,wisata-v2_002911,place_00319,none,train,v2-multilabel-balance,5d255a34ca8590bf4a86fcb9ae1bedac296513e056e44dd9020882f7732929a9
wisata-v2_002921::c000,wisata-v2_002921,place_00319,pemandangan,train,v2-multilabel-balance,5d255a34ca8590bf4a86fcb9ae1bedac296513e056e44dd9020882f7732929a9
wisata-v2_002927::c004,wisata-v2_002927,place_00319,toilet,train,v2-multilabel-balance,5d255a34ca8590bf4a86fcb9ae1bedac296513e056e44dd9020882f7732929a9
wisata-v2_002978::c001,wisata-v2_002978,place_00319,akses_jalan|pemandangan,train,v2-multilabel-balance,5d255a34ca8590bf4a86fcb9ae1bedac296513e056e44dd9020882f7732929a9
wisata-v2_002683::c000,wisata-v2_002683,place_00320,none,train,v2-multilabel-balance,5d255a34ca8590bf4a86fcb9ae1bedac296513e056e44dd9020882f7732929a9
wisata-v2_003820::c001,wisata-v2_003820,place_00321,akses_jalan,train,v2-multilabel-balance,5d255a34ca8590bf4a86fcb9ae1bedac296513e056e44dd9020882f7732929a9
wisata-v2_003939::c002,wisata-v2_003939,place_00321,akses_jalan|parkir|pemandangan,train,v2-multilabel-balance,5d255a34ca8590bf4a86fcb9ae1bedac296513e056e44dd9020882f7732929a9
wisata-v2_004020::c002,wisata-v2_004020,place_00321,toilet|fasilitas_umum,train,v2-multilabel-balance,5d255a34ca8590bf4a86fcb9ae1bedac296513e056e44dd9020882f7732929a9
wisata-v2_004216::c001,wisata-v2_004216,place_00321,makanan,train,v2-multilabel-balance,5d255a34ca8590bf4a86fcb9ae1bedac296513e056e44dd9020882f7732929a9
wisata-v2_004331::c002,wisata-v2_004331,place_00321,parkir|harga,train,v2-multilabel-balance,5d255a34ca8590bf4a86fcb9ae1bedac296513e056e44dd9020882f7732929a9
wisata-v2_004447::c000,wisata-v2_004447,place_00321,transportasi,train,v2-multilabel-balance,5d255a34ca8590bf4a86fcb9ae1bedac296513e056e44dd9020882f7732929a9
wisata-v2_004451::c001,wisata-v2_004451,place_00321,none,train,v2-multilabel-balance,5d255a34ca8590bf4a86fcb9ae1bedac296513e056e44dd9020882f7732929a9
wisata-v2_004675::c000,wisata-v2_004675,place_00321,kebersihan,train,v2-multilabel-balance,5d255a34ca8590bf4a86fcb9ae1bedac296513e056e44dd9020882f7732929a9
wisata-v2_004796::c000,wisata-v2_004796,place_00321,akses_jalan|keamanan|pemandangan,train,v2-multilabel-balance,5d255a34ca8590bf4a86fcb9ae1bedac296513e056e44dd9020882f7732929a9
wisata-v2_004855::c000,wisata-v2_004855,place_00321,keamanan|pemandangan,train,v2-multilabel-balance,5d255a34ca8590bf4a86fcb9ae1bedac296513e056e44dd9020882f7732929a9
wisata-v2_004966::c000,wisata-v2_004966,place_00321,parkir,train,v2-multilabel-balance,5d255a34ca8590bf4a86fcb9ae1bedac296513e056e44dd9020882f7732929a9
wisata-v2_005015::c001,wisata-v2_005015,place_00321,akses_jalan,train,v2-multilabel-balance,5d255a34ca8590bf4a86fcb9ae1bedac296513e056e44dd9020882f7732929a9
resto-hotel-v2_008325::c004,resto-hotel-v2_008325,place_00327,akses_jalan|pemandangan,train,v2-multilabel-balance,5d255a34ca8590bf4a86fcb9ae1bedac296513e056e44dd9020882f7732929a9
wisata-v2_010846::c000,wisata-v2_010846,place_00328,keamanan|pemandangan,train,v2-multilabel-balance,5d255a34ca8590bf4a86fcb9ae1bedac296513e056e44dd9020882f7732929a9
wisata-v2_010859::c000,wisata-v2_010859,place_00328,fasilitas_umum,train,v2-multilabel-balance,5d255a34ca8590bf4a86fcb9ae1bedac296513e056e44dd9020882f7732929a9
wisata-v2_010863::c000,wisata-v2_010863,place_00328,pemandangan,train,v2-multilabel-balance,5d255a34ca8590bf4a86fcb9ae1bedac296513e056e44dd9020882f7732929a9
wisata-v2_010891::c002,wisata-v2_010891,place_00328,parkir|harga|pemandangan|oleh_oleh,train,v2-multilabel-balance,5d255a34ca8590bf4a86fcb9ae1bedac296513e056e44dd9020882f7732929a9
wisata-v2_010938::c001,wisata-v2_010938,place_00328,akses_jalan|harga|makanan|akomodasi|jam_operasional,train,v2-multilabel-balance,5d255a34ca8590bf4a86fcb9ae1bedac296513e056e44dd9020882f7732929a9
wisata-v2_010947::c000,wisata-v2_010947,place_00328,pemandangan,train,v2-multilabel-balance,5d255a34ca8590bf4a86fcb9ae1bedac296513e056e44dd9020882f7732929a9
wisata-v2_010950::c000,wisata-v2_010950,place_00328,makanan,train,v2-multilabel-balance,5d255a34ca8590bf4a86fcb9ae1bedac296513e056e44dd9020882f7732929a9
wisata-v2_010989::c000,wisata-v2_010989,place_00328,keamanan|pemandangan,train,v2-multilabel-balance,5d255a34ca8590bf4a86fcb9ae1bedac296513e056e44dd9020882f7732929a9
wisata-v2_010990::c000,wisata-v2_010990,place_00328,makanan|fasilitas_umum,train,v2-multilabel-balance,5d255a34ca8590bf4a86fcb9ae1bedac296513e056e44dd9020882f7732929a9
wisata-v2_011003::c000,wisata-v2_011003,place_00328,toilet|makanan,train,v2-multilabel-balance,5d255a34ca8590bf4a86fcb9ae1bedac296513e056e44dd9020882f7732929a9
wisata-v2_011020::c001,wisata-v2_011020,place_00328,none,train,v2-multilabel-balance,5d255a34ca8590bf4a86fcb9ae1bedac296513e056e44dd9020882f7732929a9
wisata-v2_011035::c000,wisata-v2_011035,place_00328,harga|keamanan,train,v2-multilabel-balance,5d255a34ca8590bf4a86fcb9ae1bedac296513e056e44dd9020882f7732929a9
resto-hotel-v2_004101::c006,resto-hotel-v2_004101,place_00329,none,train,v2-multilabel-balance,5d255a34ca8590bf4a86fcb9ae1bedac296513e056e44dd9020882f7732929a9
wisata-v2_011371::c001,wisata-v2_011371,place_00342,harga|pemandangan,train,v2-multilabel-balance,5d255a34ca8590bf4a86fcb9ae1bedac296513e056e44dd9020882f7732929a9
wisata-v2_011389::c000,wisata-v2_011389,place_00342,kebersihan|pemandangan|aksesibilitas,train,v2-multilabel-balance,5d255a34ca8590bf4a86fcb9ae1bedac296513e056e44dd9020882f7732929a9
wisata-v2_011392::c000,wisata-v2_011392,place_00342,harga|akomodasi,train,v2-multilabel-balance,5d255a34ca8590bf4a86fcb9ae1bedac296513e056e44dd9020882f7732929a9
wisata-v2_011430::c000,wisata-v2_011430,place_00342,none,train,v2-multilabel-balance,5d255a34ca8590bf4a86fcb9ae1bedac296513e056e44dd9020882f7732929a9
wisata-v2_011475::c000,wisata-v2_011475,place_00342,none,train,v2-multilabel-balance,5d255a34ca8590bf4a86fcb9ae1bedac296513e056e44dd9020882f7732929a9
wisata-v2_011483::c000,wisata-v2_011483,place_00342,akses_jalan|parkir|harga|aksesibilitas,train,v2-multilabel-balance,5d255a34ca8590bf4a86fcb9ae1bedac296513e056e44dd9020882f7732929a9
wisata-v2_011499::c000,wisata-v2_011499,place_00342,makanan|akomodasi,train,v2-multilabel-balance,5d255a34ca8590bf4a86fcb9ae1bedac296513e056e44dd9020882f7732929a9
wisata-v2_011525::c000,wisata-v2_011525,place_00342,keamanan|keramaian,train,v2-multilabel-balance,5d255a34ca8590bf4a86fcb9ae1bedac296513e056e44dd9020882f7732929a9
wisata-v2_011526::c001,wisata-v2_011526,place_00342,akses_jalan,train,v2-multilabel-balance,5d255a34ca8590bf4a86fcb9ae1bedac296513e056e44dd9020882f7732929a9
wisata-v2_011544::c001,wisata-v2_011544,place_00342,transportasi|fasilitas_umum,train,v2-multilabel-balance,5d255a34ca8590bf4a86fcb9ae1bedac296513e056e44dd9020882f7732929a9
wisata-v2_012253::c000,wisata-v2_012253,place_00347,pelayanan|makanan,train,v2-multilabel-balance,5d255a34ca8590bf4a86fcb9ae1bedac296513e056e44dd9020882f7732929a9
wisata-v2_012350::c000,wisata-v2_012350,place_00347,jam_operasional,train,v2-multilabel-balance,5d255a34ca8590bf4a86fcb9ae1bedac296513e056e44dd9020882f7732929a9
wisata-v2_006858::c000,wisata-v2_006858,place_00349,none,train,v2-multilabel-balance,5d255a34ca8590bf4a86fcb9ae1bedac296513e056e44dd9020882f7732929a9
wisata-v2_006858::c004,wisata-v2_006858,place_00349,none,train,v2-multilabel-balance,5d255a34ca8590bf4a86fcb9ae1bedac296513e056e44dd9020882f7732929a9
wisata-v2_006881::c000,wisata-v2_006881,place_00349,parkir|harga|oleh_oleh,train,v2-multilabel-balance,5d255a34ca8590bf4a86fcb9ae1bedac296513e056e44dd9020882f7732929a9
wisata-v2_006884::c004,wisata-v2_006884,place_00349,oleh_oleh,train,v2-multilabel-balance,5d255a34ca8590bf4a86fcb9ae1bedac296513e056e44dd9020882f7732929a9
wisata-v2_006885::c003,wisata-v2_006885,place_00349,oleh_oleh,train,v2-multilabel-balance,5d255a34ca8590bf4a86fcb9ae1bedac296513e056e44dd9020882f7732929a9
wisata-v2_006905::c000,wisata-v2_006905,place_00349,budaya,train,v2-multilabel-balance,5d255a34ca8590bf4a86fcb9ae1bedac296513e056e44dd9020882f7732929a9
wisata-v2_006905::c001,wisata-v2_006905,place_00349,budaya|oleh_oleh,train,v2-multilabel-balance,5d255a34ca8590bf4a86fcb9ae1bedac296513e056e44dd9020882f7732929a9
wisata-v2_006907::c000,wisata-v2_006907,place_00349,budaya,train,v2-multilabel-balance,5d255a34ca8590bf4a86fcb9ae1bedac296513e056e44dd9020882f7732929a9
wisata-v2_006916::c000,wisata-v2_006916,place_00349,budaya,train,v2-multilabel-balance,5d255a34ca8590bf4a86fcb9ae1bedac296513e056e44dd9020882f7732929a9
wisata-v2_006919::c000,wisata-v2_006919,place_00349,toilet,train,v2-multilabel-balance,5d255a34ca8590bf4a86fcb9ae1bedac296513e056e44dd9020882f7732929a9
wisata-v2_006944::c000,wisata-v2_006944,place_00349,none,train,v2-multilabel-balance,5d255a34ca8590bf4a86fcb9ae1bedac296513e056e44dd9020882f7732929a9
wisata-v2_006947::c000,wisata-v2_006947,place_00349,budaya,train,v2-multilabel-balance,5d255a34ca8590bf4a86fcb9ae1bedac296513e056e44dd9020882f7732929a9
wisata-v2_002616::c000,wisata-v2_002616,place_00353,none,train,v2-multilabel-balance,5d255a34ca8590bf4a86fcb9ae1bedac296513e056e44dd9020882f7732929a9
wisata-v2_002632::c000,wisata-v2_002632,place_00353,none,train,v2-multilabel-balance,5d255a34ca8590bf4a86fcb9ae1bedac296513e056e44dd9020882f7732929a9
wisata-v2_011977::c000,wisata-v2_011977,place_00355,budaya,train,v2-multilabel-balance,5d255a34ca8590bf4a86fcb9ae1bedac296513e056e44dd9020882f7732929a9
resto-hotel-v2_009410::c005,resto-hotel-v2_009410,place_00360,harga,train,v2-multilabel-balance,5d255a34ca8590bf4a86fcb9ae1bedac296513e056e44dd9020882f7732929a9
resto-hotel-v2_009417::c004,resto-hotel-v2_009417,place_00360,kebersihan|harga|pelayanan,train,v2-multilabel-balance,5d255a34ca8590bf4a86fcb9ae1bedac296513e056e44dd9020882f7732929a9
resto-hotel-v2_009426::c001,resto-hotel-v2_009426,place_00360,makanan,train,v2-multilabel-balance,5d255a34ca8590bf4a86fcb9ae1bedac296513e056e44dd9020882f7732929a9
resto-hotel-v2_009439::c000,resto-hotel-v2_009439,place_00360,harga|makanan,train,v2-multilabel-balance,5d255a34ca8590bf4a86fcb9ae1bedac296513e056e44dd9020882f7732929a9
resto-hotel-v2_008304::c000,resto-hotel-v2_008304,place_00365,none,train,v2-multilabel-balance,5d255a34ca8590bf4a86fcb9ae1bedac296513e056e44dd9020882f7732929a9
wisata-v2_003340::c000,wisata-v2_003340,place_00368,akses_jalan,train,v2-multilabel-balance,5d255a34ca8590bf4a86fcb9ae1bedac296513e056e44dd9020882f7732929a9
wisata-v2_007324::c002,wisata-v2_007324,place_00370,fasilitas_umum,train,v2-multilabel-balance,5d255a34ca8590bf4a86fcb9ae1bedac296513e056e44dd9020882f7732929a9
wisata-v2_007324::c003,wisata-v2_007324,place_00370,fasilitas_umum|pemandangan,train,v2-multilabel-balance,5d255a34ca8590bf4a86fcb9ae1bedac296513e056e44dd9020882f7732929a9
wisata-v2_007324::c004,wisata-v2_007324,place_00370,parkir|harga,train,v2-multilabel-balance,5d255a34ca8590bf4a86fcb9ae1bedac296513e056e44dd9020882f7732929a9
wisata-v2_007361::c000,wisata-v2_007361,place_00370,budaya,train,v2-multilabel-balance,5d255a34ca8590bf4a86fcb9ae1bedac296513e056e44dd9020882f7732929a9
wisata-v2_007364::c000,wisata-v2_007364,place_00370,keramaian,train,v2-multilabel-balance,5d255a34ca8590bf4a86fcb9ae1bedac296513e056e44dd9020882f7732929a9
wisata-v2_007374::c000,wisata-v2_007374,place_00370,pemandangan|keramaian,train,v2-multilabel-balance,5d255a34ca8590bf4a86fcb9ae1bedac296513e056e44dd9020882f7732929a9
wisata-v2_007374::c001,wisata-v2_007374,place_00370,keramaian,train,v2-multilabel-balance,5d255a34ca8590bf4a86fcb9ae1bedac296513e056e44dd9020882f7732929a9
wisata-v2_007386::c000,wisata-v2_007386,place_00370,pelayanan|budaya,train,v2-multilabel-balance,5d255a34ca8590bf4a86fcb9ae1bedac296513e056e44dd9020882f7732929a9
wisata-v2_007386::c001,wisata-v2_007386,place_00370,parkir|harga|budaya,train,v2-multilabel-balance,5d255a34ca8590bf4a86fcb9ae1bedac296513e056e44dd9020882f7732929a9
wisata-v2_007386::c004,wisata-v2_007386,place_00370,fasilitas_umum|pemandangan,train,v2-multilabel-balance,5d255a34ca8590bf4a86fcb9ae1bedac296513e056e44dd9020882f7732929a9
wisata-v2_007387::c000,wisata-v2_007387,place_00370,pemandangan|budaya,train,v2-multilabel-balance,5d255a34ca8590bf4a86fcb9ae1bedac296513e056e44dd9020882f7732929a9
wisata-v2_007409::c007,wisata-v2_007409,place_00370,parkir|harga,train,v2-multilabel-balance,5d255a34ca8590bf4a86fcb9ae1bedac296513e056e44dd9020882f7732929a9
wisata-v2_009068::c000,wisata-v2_009068,place_00371,pemandangan,train,v2-multilabel-balance,5d255a34ca8590bf4a86fcb9ae1bedac296513e056e44dd9020882f7732929a9
wisata-v2_011590::c003,wisata-v2_011590,place_00373,harga,train,v2-multilabel-balance,5d255a34ca8590bf4a86fcb9ae1bedac296513e056e44dd9020882f7732929a9
wisata-v2_011604::c000,wisata-v2_011604,place_00373,none,train,v2-multilabel-balance,5d255a34ca8590bf4a86fcb9ae1bedac296513e056e44dd9020882f7732929a9
wisata-v2_011639::c000,wisata-v2_011639,place_00373,fasilitas_umum,train,v2-multilabel-balance,5d255a34ca8590bf4a86fcb9ae1bedac296513e056e44dd9020882f7732929a9
wisata-v2_010816::c000,wisata-v2_010816,place_00021,keamanan|pemandangan,validation,v2-multilabel-balance,5d255a34ca8590bf4a86fcb9ae1bedac296513e056e44dd9020882f7732929a9
wisata-v2_010821::c003,wisata-v2_010821,place_00021,keamanan,validation,v2-multilabel-balance,5d255a34ca8590bf4a86fcb9ae1bedac296513e056e44dd9020882f7732929a9
wisata-v2_010828::c000,wisata-v2_010828,place_00021,pemandangan,validation,v2-multilabel-balance,5d255a34ca8590bf4a86fcb9ae1bedac296513e056e44dd9020882f7732929a9
wisata-v2_006015::c000,wisata-v2_006015,place_00039,akses_jalan|transportasi|pemandangan,validation,v2-multilabel-balance,5d255a34ca8590bf4a86fcb9ae1bedac296513e056e44dd9020882f7732929a9
wisata-v2_006083::c000,wisata-v2_006083,place_00039,pemandangan,validation,v2-multilabel-balance,5d255a34ca8590bf4a86fcb9ae1bedac296513e056e44dd9020882f7732929a9
wisata-v2_006116::c000,wisata-v2_006116,place_00039,pemandangan,validation,v2-multilabel-balance,5d255a34ca8590bf4a86fcb9ae1bedac296513e056e44dd9020882f7732929a9
wisata-v2_006156::c000,wisata-v2_006156,place_00039,pemandangan,validation,v2-multilabel-balance,5d255a34ca8590bf4a86fcb9ae1bedac296513e056e44dd9020882f7732929a9
wisata-v2_006225::c000,wisata-v2_006225,place_00039,transportasi|parkir,validation,v2-multilabel-balance,5d255a34ca8590bf4a86fcb9ae1bedac296513e056e44dd9020882f7732929a9
wisata-v2_006252::c001,wisata-v2_006252,place_00039,keamanan,validation,v2-multilabel-balance,5d255a34ca8590bf4a86fcb9ae1bedac296513e056e44dd9020882f7732929a9
wisata-v2_006254::c000,wisata-v2_006254,place_00039,pemandangan,validation,v2-multilabel-balance,5d255a34ca8590bf4a86fcb9ae1bedac296513e056e44dd9020882f7732929a9
wisata-v2_006271::c000,wisata-v2_006271,place_00039,pemandangan|budaya,validation,v2-multilabel-balance,5d255a34ca8590bf4a86fcb9ae1bedac296513e056e44dd9020882f7732929a9
wisata-v2_001967::c001,wisata-v2_001967,place_00049,none,validation,v2-multilabel-balance,5d255a34ca8590bf4a86fcb9ae1bedac296513e056e44dd9020882f7732929a9
wisata-v2_002002::c000,wisata-v2_002002,place_00049,parkir|akomodasi|fasilitas_umum,validation,v2-multilabel-balance,5d255a34ca8590bf4a86fcb9ae1bedac296513e056e44dd9020882f7732929a9
wisata-v2_002061::c000,wisata-v2_002061,place_00049,toilet|makanan|akomodasi|jam_operasional|fasilitas_umum,validation,v2-multilabel-balance,5d255a34ca8590bf4a86fcb9ae1bedac296513e056e44dd9020882f7732929a9
wisata-v2_002128::c000,wisata-v2_002128,place_00049,kebersihan|keamanan|pemandangan,validation,v2-multilabel-balance,5d255a34ca8590bf4a86fcb9ae1bedac296513e056e44dd9020882f7732929a9
wisata-v2_002144::c001,wisata-v2_002144,place_00049,kebersihan|keamanan,validation,v2-multilabel-balance,5d255a34ca8590bf4a86fcb9ae1bedac296513e056e44dd9020882f7732929a9
wisata-v2_002144::c003,wisata-v2_002144,place_00049,kebersihan|keamanan,validation,v2-multilabel-balance,5d255a34ca8590bf4a86fcb9ae1bedac296513e056e44dd9020882f7732929a9
wisata-v2_002154::c000,wisata-v2_002154,place_00049,fasilitas_umum,validation,v2-multilabel-balance,5d255a34ca8590bf4a86fcb9ae1bedac296513e056e44dd9020882f7732929a9
wisata-v2_002159::c002,wisata-v2_002159,place_00049,none,validation,v2-multilabel-balance,5d255a34ca8590bf4a86fcb9ae1bedac296513e056e44dd9020882f7732929a9
wisata-v2_002169::c001,wisata-v2_002169,place_00049,makanan|akomodasi|fasilitas_umum|keramaian,validation,v2-multilabel-balance,5d255a34ca8590bf4a86fcb9ae1bedac296513e056e44dd9020882f7732929a9
tempat-wisata-v1_000042::c005,tempat-wisata-v1_000042,place_00067,keramaian,validation,v2-multilabel-balance,5d255a34ca8590bf4a86fcb9ae1bedac296513e056e44dd9020882f7732929a9
wisata-v2_006400::c001,wisata-v2_006400,place_00068,parkir|harga,validation,v2-multilabel-balance,5d255a34ca8590bf4a86fcb9ae1bedac296513e056e44dd9020882f7732929a9
wisata-v2_006426::c000,wisata-v2_006426,place_00068,akses_jalan|pemandangan,validation,v2-multilabel-balance,5d255a34ca8590bf4a86fcb9ae1bedac296513e056e44dd9020882f7732929a9
wisata-v2_006443::c004,wisata-v2_006443,place_00068,keamanan,validation,v2-multilabel-balance,5d255a34ca8590bf4a86fcb9ae1bedac296513e056e44dd9020882f7732929a9
wisata-v2_006443::c005,wisata-v2_006443,place_00068,fasilitas_umum|pemandangan,validation,v2-multilabel-balance,5d255a34ca8590bf4a86fcb9ae1bedac296513e056e44dd9020882f7732929a9
wisata-v2_006458::c000,wisata-v2_006458,place_00068,akomodasi|pemandangan,validation,v2-multilabel-balance,5d255a34ca8590bf4a86fcb9ae1bedac296513e056e44dd9020882f7732929a9
resto-hotel-v2_005732::c000,resto-hotel-v2_005732,place_00076,kebersihan|makanan|keramaian,validation,v2-multilabel-balance,5d255a34ca8590bf4a86fcb9ae1bedac296513e056e44dd9020882f7732929a9
resto-hotel-v2_005737::c000,resto-hotel-v2_005737,place_00076,pelayanan|makanan|pemandangan,validation,v2-multilabel-balance,5d255a34ca8590bf4a86fcb9ae1bedac296513e056e44dd9020882f7732929a9
wisata-v2_006807::c000,wisata-v2_006807,place_00080,none,validation,v2-multilabel-balance,5d255a34ca8590bf4a86fcb9ae1bedac296513e056e44dd9020882f7732929a9
wisata-v2_006323::c000,wisata-v2_006323,place_00097,akses_jalan,validation,v2-multilabel-balance,5d255a34ca8590bf4a86fcb9ae1bedac296513e056e44dd9020882f7732929a9
wisata-v2_006326::c000,wisata-v2_006326,place_00097,none,validation,v2-multilabel-balance,5d255a34ca8590bf4a86fcb9ae1bedac296513e056e44dd9020882f7732929a9
wisata-v2_006335::c002,wisata-v2_006335,place_00097,pelayanan,validation,v2-multilabel-balance,5d255a34ca8590bf4a86fcb9ae1bedac296513e056e44dd9020882f7732929a9
wisata-v2_006335::c003,wisata-v2_006335,place_00097,akses_jalan|parkir,validation,v2-multilabel-balance,5d255a34ca8590bf4a86fcb9ae1bedac296513e056e44dd9020882f7732929a9
wisata-v2_006353::c000,wisata-v2_006353,place_00097,none,validation,v2-multilabel-balance,5d255a34ca8590bf4a86fcb9ae1bedac296513e056e44dd9020882f7732929a9
resto-hotel-v2_001663::c000,resto-hotel-v2_001663,place_00105,kebersihan|akomodasi,validation,v2-multilabel-balance,5d255a34ca8590bf4a86fcb9ae1bedac296513e056e44dd9020882f7732929a9
resto-hotel-v2_001669::c003,resto-hotel-v2_001669,place_00105,pelayanan|akomodasi,validation,v2-multilabel-balance,5d255a34ca8590bf4a86fcb9ae1bedac296513e056e44dd9020882f7732929a9
resto-hotel-v2_001672::c000,resto-hotel-v2_001672,place_00105,transportasi|akomodasi|pemandangan,validation,v2-multilabel-balance,5d255a34ca8590bf4a86fcb9ae1bedac296513e056e44dd9020882f7732929a9
resto-hotel-v2_001672::c002,resto-hotel-v2_001672,place_00105,toilet|akomodasi,validation,v2-multilabel-balance,5d255a34ca8590bf4a86fcb9ae1bedac296513e056e44dd9020882f7732929a9
resto-hotel-v2_001672::c004,resto-hotel-v2_001672,place_00105,makanan|pemandangan,validation,v2-multilabel-balance,5d255a34ca8590bf4a86fcb9ae1bedac296513e056e44dd9020882f7732929a9
resto-hotel-v2_001687::c001,resto-hotel-v2_001687,place_00105,akomodasi|pemandangan,validation,v2-multilabel-balance,5d255a34ca8590bf4a86fcb9ae1bedac296513e056e44dd9020882f7732929a9
resto-hotel-v2_001690::c000,resto-hotel-v2_001690,place_00105,akomodasi|pemandangan,validation,v2-multilabel-balance,5d255a34ca8590bf4a86fcb9ae1bedac296513e056e44dd9020882f7732929a9
resto-hotel-v2_001714::c001,resto-hotel-v2_001714,place_00105,kebersihan|toilet|pelayanan|makanan|akomodasi,validation,v2-multilabel-balance,5d255a34ca8590bf4a86fcb9ae1bedac296513e056e44dd9020882f7732929a9
resto-hotel-v2_001716::c000,resto-hotel-v2_001716,place_00105,kebersihan|pelayanan|akomodasi|pemandangan,validation,v2-multilabel-balance,5d255a34ca8590bf4a86fcb9ae1bedac296513e056e44dd9020882f7732929a9
resto-hotel-v2_001721::c001,resto-hotel-v2_001721,place_00105,harga|akomodasi,validation,v2-multilabel-balance,5d255a34ca8590bf4a86fcb9ae1bedac296513e056e44dd9020882f7732929a9
resto-hotel-v2_001747::c001,resto-hotel-v2_001747,place_00105,harga|akomodasi|pemandangan,validation,v2-multilabel-balance,5d255a34ca8590bf4a86fcb9ae1bedac296513e056e44dd9020882f7732929a9
resto-hotel-v2_001793::c000,resto-hotel-v2_001793,place_00105,toilet,validation,v2-multilabel-balance,5d255a34ca8590bf4a86fcb9ae1bedac296513e056e44dd9020882f7732929a9
resto-hotel-v2_005023::c006,resto-hotel-v2_005023,place_00137,makanan,validation,v2-multilabel-balance,5d255a34ca8590bf4a86fcb9ae1bedac296513e056e44dd9020882f7732929a9
resto-hotel-v2_005039::c003,resto-hotel-v2_005039,place_00137,makanan,validation,v2-multilabel-balance,5d255a34ca8590bf4a86fcb9ae1bedac296513e056e44dd9020882f7732929a9
resto-hotel-v2_005045::c000,resto-hotel-v2_005045,place_00137,makanan,validation,v2-multilabel-balance,5d255a34ca8590bf4a86fcb9ae1bedac296513e056e44dd9020882f7732929a9
resto-hotel-v2_005058::c003,resto-hotel-v2_005058,place_00137,transportasi,validation,v2-multilabel-balance,5d255a34ca8590bf4a86fcb9ae1bedac296513e056e44dd9020882f7732929a9
resto-hotel-v2_005070::c001,resto-hotel-v2_005070,place_00137,makanan,validation,v2-multilabel-balance,5d255a34ca8590bf4a86fcb9ae1bedac296513e056e44dd9020882f7732929a9
resto-hotel-v2_005079::c002,resto-hotel-v2_005079,place_00137,makanan,validation,v2-multilabel-balance,5d255a34ca8590bf4a86fcb9ae1bedac296513e056e44dd9020882f7732929a9
resto-hotel-v2_006452::c004,resto-hotel-v2_006452,place_00138,akomodasi,validation,v2-multilabel-balance,5d255a34ca8590bf4a86fcb9ae1bedac296513e056e44dd9020882f7732929a9
resto-hotel-v2_006456::c001,resto-hotel-v2_006456,place_00138,pelayanan|makanan,validation,v2-multilabel-balance,5d255a34ca8590bf4a86fcb9ae1bedac296513e056e44dd9020882f7732929a9
resto-hotel-v2_006457::c001,resto-hotel-v2_006457,place_00138,toilet|akomodasi,validation,v2-multilabel-balance,5d255a34ca8590bf4a86fcb9ae1bedac296513e056e44dd9020882f7732929a9
tempat-wisata-v1_000055::c000,tempat-wisata-v1_000055,place_00139,akses_jalan|parkir|jam_operasional|budaya,validation,v2-multilabel-balance,5d255a34ca8590bf4a86fcb9ae1bedac296513e056e44dd9020882f7732929a9
wisata-v2_005281::c000,wisata-v2_005281,place_00139,akses_jalan|parkir|jam_operasional|budaya,validation,v2-multilabel-balance,5d255a34ca8590bf4a86fcb9ae1bedac296513e056e44dd9020882f7732929a9
wisata-v2_005285::c001,wisata-v2_005285,place_00139,fasilitas_umum,validation,v2-multilabel-balance,5d255a34ca8590bf4a86fcb9ae1bedac296513e056e44dd9020882f7732929a9
wisata-v2_005285::c002,wisata-v2_005285,place_00139,akses_jalan|parkir,validation,v2-multilabel-balance,5d255a34ca8590bf4a86fcb9ae1bedac296513e056e44dd9020882f7732929a9
wisata-v2_005286::c000,wisata-v2_005286,place_00139,pemandangan,validation,v2-multilabel-balance,5d255a34ca8590bf4a86fcb9ae1bedac296513e056e44dd9020882f7732929a9
resto-hotel-v2_000141::c000,resto-hotel-v2_000141,place_00148,kebersihan|akomodasi,validation,v2-multilabel-balance,5d255a34ca8590bf4a86fcb9ae1bedac296513e056e44dd9020882f7732929a9
wisata-v2_000027::c007,wisata-v2_000027,place_00165,makanan|oleh_oleh,validation,v2-multilabel-balance,5d255a34ca8590bf4a86fcb9ae1bedac296513e056e44dd9020882f7732929a9
wisata-v2_000056::c000,wisata-v2_000056,place_00165,none,validation,v2-multilabel-balance,5d255a34ca8590bf4a86fcb9ae1bedac296513e056e44dd9020882f7732929a9
wisata-v2_000133::c000,wisata-v2_000133,place_00165,kebersihan|toilet,validation,v2-multilabel-balance,5d255a34ca8590bf4a86fcb9ae1bedac296513e056e44dd9020882f7732929a9
wisata-v2_000140::c000,wisata-v2_000140,place_00165,keramaian,validation,v2-multilabel-balance,5d255a34ca8590bf4a86fcb9ae1bedac296513e056e44dd9020882f7732929a9
wisata-v2_000150::c000,wisata-v2_000150,place_00165,transportasi|keamanan|pemandangan|aksesibilitas,validation,v2-multilabel-balance,5d255a34ca8590bf4a86fcb9ae1bedac296513e056e44dd9020882f7732929a9
wisata-v2_000208::c005,wisata-v2_000208,place_00165,fasilitas_umum,validation,v2-multilabel-balance,5d255a34ca8590bf4a86fcb9ae1bedac296513e056e44dd9020882f7732929a9
wisata-v2_000210::c000,wisata-v2_000210,place_00165,kebersihan|pemandangan,validation,v2-multilabel-balance,5d255a34ca8590bf4a86fcb9ae1bedac296513e056e44dd9020882f7732929a9
wisata-v2_000223::c008,wisata-v2_000223,place_00165,makanan|jam_operasional|keramaian,validation,v2-multilabel-balance,5d255a34ca8590bf4a86fcb9ae1bedac296513e056e44dd9020882f7732929a9
wisata-v2_000223::c009,wisata-v2_000223,place_00165,toilet|harga,validation,v2-multilabel-balance,5d255a34ca8590bf4a86fcb9ae1bedac296513e056e44dd9020882f7732929a9
wisata-v2_000233::c001,wisata-v2_000233,place_00165,transportasi|pelayanan,validation,v2-multilabel-balance,5d255a34ca8590bf4a86fcb9ae1bedac296513e056e44dd9020882f7732929a9
wisata-v2_008315::c002,wisata-v2_008315,place_00173,parkir|kebersihan|toilet|harga,validation,v2-multilabel-balance,5d255a34ca8590bf4a86fcb9ae1bedac296513e056e44dd9020882f7732929a9
wisata-v2_008329::c000,wisata-v2_008329,place_00173,none,validation,v2-multilabel-balance,5d255a34ca8590bf4a86fcb9ae1bedac296513e056e44dd9020882f7732929a9
wisata-v2_008365::c000,wisata-v2_008365,place_00173,kebersihan|toilet,validation,v2-multilabel-balance,5d255a34ca8590bf4a86fcb9ae1bedac296513e056e44dd9020882f7732929a9
wisata-v2_008381::c000,wisata-v2_008381,place_00173,jam_operasional|keramaian,validation,v2-multilabel-balance,5d255a34ca8590bf4a86fcb9ae1bedac296513e056e44dd9020882f7732929a9
wisata-v2_008397::c004,wisata-v2_008397,place_00173,akses_jalan|parkir|harga,validation,v2-multilabel-balance,5d255a34ca8590bf4a86fcb9ae1bedac296513e056e44dd9020882f7732929a9
wisata-v2_008403::c000,wisata-v2_008403,place_00173,pemandangan,validation,v2-multilabel-balance,5d255a34ca8590bf4a86fcb9ae1bedac296513e056e44dd9020882f7732929a9
wisata-v2_008410::c000,wisata-v2_008410,place_00173,transportasi|harga|pemandangan,validation,v2-multilabel-balance,5d255a34ca8590bf4a86fcb9ae1bedac296513e056e44dd9020882f7732929a9
wisata-v2_008451::c001,wisata-v2_008451,place_00173,keamanan,validation,v2-multilabel-balance,5d255a34ca8590bf4a86fcb9ae1bedac296513e056e44dd9020882f7732929a9
wisata-v2_008457::c000,wisata-v2_008457,place_00173,akses_jalan|transportasi|kebersihan|pemandangan|budaya,validation,v2-multilabel-balance,5d255a34ca8590bf4a86fcb9ae1bedac296513e056e44dd9020882f7732929a9
wisata-v2_008458::c001,wisata-v2_008458,place_00173,pemandangan|budaya,validation,v2-multilabel-balance,5d255a34ca8590bf4a86fcb9ae1bedac296513e056e44dd9020882f7732929a9
wisata-v2_008459::c004,wisata-v2_008459,place_00173,parkir|harga,validation,v2-multilabel-balance,5d255a34ca8590bf4a86fcb9ae1bedac296513e056e44dd9020882f7732929a9
wisata-v2_008479::c000,wisata-v2_008479,place_00173,harga|fasilitas_umum,validation,v2-multilabel-balance,5d255a34ca8590bf4a86fcb9ae1bedac296513e056e44dd9020882f7732929a9
wisata-v2_010460::c000,wisata-v2_010460,place_00178,kebersihan,validation,v2-multilabel-balance,5d255a34ca8590bf4a86fcb9ae1bedac296513e056e44dd9020882f7732929a9
wisata-v2_010463::c000,wisata-v2_010463,place_00178,keamanan|aksesibilitas,validation,v2-multilabel-balance,5d255a34ca8590bf4a86fcb9ae1bedac296513e056e44dd9020882f7732929a9
wisata-v2_010471::c001,wisata-v2_010471,place_00178,harga|akomodasi,validation,v2-multilabel-balance,5d255a34ca8590bf4a86fcb9ae1bedac296513e056e44dd9020882f7732929a9
wisata-v2_010518::c000,wisata-v2_010518,place_00178,parkir|harga,validation,v2-multilabel-balance,5d255a34ca8590bf4a86fcb9ae1bedac296513e056e44dd9020882f7732929a9
wisata-v2_010526::c000,wisata-v2_010526,place_00178,kebersihan|keamanan|pemandangan,validation,v2-multilabel-balance,5d255a34ca8590bf4a86fcb9ae1bedac296513e056e44dd9020882f7732929a9
wisata-v2_010526::c001,wisata-v2_010526,place_00178,none,validation,v2-multilabel-balance,5d255a34ca8590bf4a86fcb9ae1bedac296513e056e44dd9020882f7732929a9
wisata-v2_010545::c000,wisata-v2_010545,place_00178,kebersihan|keamanan,validation,v2-multilabel-balance,5d255a34ca8590bf4a86fcb9ae1bedac296513e056e44dd9020882f7732929a9
wisata-v2_010585::c000,wisata-v2_010585,place_00178,parkir|kebersihan|harga|keamanan,validation,v2-multilabel-balance,5d255a34ca8590bf4a86fcb9ae1bedac296513e056e44dd9020882f7732929a9
wisata-v2_005871::c000,wisata-v2_005871,place_00180,pemandangan,validation,v2-multilabel-balance,5d255a34ca8590bf4a86fcb9ae1bedac296513e056e44dd9020882f7732929a9
wisata-v2_005880::c006,wisata-v2_005880,place_00180,none,validation,v2-multilabel-balance,5d255a34ca8590bf4a86fcb9ae1bedac296513e056e44dd9020882f7732929a9
wisata-v2_005940::c000,wisata-v2_005940,place_00180,akses_jalan|pelayanan|makanan|pemandangan,validation,v2-multilabel-balance,5d255a34ca8590bf4a86fcb9ae1bedac296513e056e44dd9020882f7732929a9
wisata-v2_005945::c002,wisata-v2_005945,place_00180,internet_sinyal,validation,v2-multilabel-balance,5d255a34ca8590bf4a86fcb9ae1bedac296513e056e44dd9020882f7732929a9
wisata-v2_005956::c000,wisata-v2_005956,place_00180,pelayanan|makanan|pemandangan,validation,v2-multilabel-balance,5d255a34ca8590bf4a86fcb9ae1bedac296513e056e44dd9020882f7732929a9
wisata-v2_005957::c000,wisata-v2_005957,place_00180,harga|pelayanan|makanan|pemandangan,validation,v2-multilabel-balance,5d255a34ca8590bf4a86fcb9ae1bedac296513e056e44dd9020882f7732929a9
wisata-v2_005961::c000,wisata-v2_005961,place_00180,pemandangan,validation,v2-multilabel-balance,5d255a34ca8590bf4a86fcb9ae1bedac296513e056e44dd9020882f7732929a9
wisata-v2_005984::c007,wisata-v2_005984,place_00180,pemandangan,validation,v2-multilabel-balance,5d255a34ca8590bf4a86fcb9ae1bedac296513e056e44dd9020882f7732929a9
wisata-v2_006009::c000,wisata-v2_006009,place_00180,parkir|toilet|makanan|pemandangan,validation,v2-multilabel-balance,5d255a34ca8590bf4a86fcb9ae1bedac296513e056e44dd9020882f7732929a9
resto-hotel-v2_008764::c000,resto-hotel-v2_008764,place_00184,transportasi|makanan,validation,v2-multilabel-balance,5d255a34ca8590bf4a86fcb9ae1bedac296513e056e44dd9020882f7732929a9
resto-hotel-v2_008769::c000,resto-hotel-v2_008769,place_00184,harga|pelayanan|makanan,validation,v2-multilabel-balance,5d255a34ca8590bf4a86fcb9ae1bedac296513e056e44dd9020882f7732929a9
resto-hotel-v2_008787::c000,resto-hotel-v2_008787,place_00184,kebersihan|toilet,validation,v2-multilabel-balance,5d255a34ca8590bf4a86fcb9ae1bedac296513e056e44dd9020882f7732929a9
resto-hotel-v2_000167::c001,resto-hotel-v2_000167,place_00189,none,validation,v2-multilabel-balance,5d255a34ca8590bf4a86fcb9ae1bedac296513e056e44dd9020882f7732929a9
resto-hotel-v2_000168::c002,resto-hotel-v2_000168,place_00189,akses_jalan|pelayanan|akomodasi|jam_operasional,validation,v2-multilabel-balance,5d255a34ca8590bf4a86fcb9ae1bedac296513e056e44dd9020882f7732929a9
resto-hotel-v2_000168::c003,resto-hotel-v2_000168,place_00189,none,validation,v2-multilabel-balance,5d255a34ca8590bf4a86fcb9ae1bedac296513e056e44dd9020882f7732929a9
resto-hotel-v2_000169::c003,resto-hotel-v2_000169,place_00189,akomodasi,validation,v2-multilabel-balance,5d255a34ca8590bf4a86fcb9ae1bedac296513e056e44dd9020882f7732929a9
resto-hotel-v2_000171::c003,resto-hotel-v2_000171,place_00189,transportasi|harga|akomodasi|pemandangan|keramaian,validation,v2-multilabel-balance,5d255a34ca8590bf4a86fcb9ae1bedac296513e056e44dd9020882f7732929a9
resto-hotel-v2_000183::c001,resto-hotel-v2_000183,place_00189,harga|akomodasi,validation,v2-multilabel-balance,5d255a34ca8590bf4a86fcb9ae1bedac296513e056e44dd9020882f7732929a9
tempat-wisata-v1_000047::c003,tempat-wisata-v1_000047,place_00196,akses_jalan,validation,v2-multilabel-balance,5d255a34ca8590bf4a86fcb9ae1bedac296513e056e44dd9020882f7732929a9
wisata-v2_003360::c002,wisata-v2_003360,place_00196,none,validation,v2-multilabel-balance,5d255a34ca8590bf4a86fcb9ae1bedac296513e056e44dd9020882f7732929a9
wisata-v2_003365::c000,wisata-v2_003365,place_00196,parkir|pemandangan|budaya,validation,v2-multilabel-balance,5d255a34ca8590bf4a86fcb9ae1bedac296513e056e44dd9020882f7732929a9
wisata-v2_003371::c000,wisata-v2_003371,place_00196,budaya,validation,v2-multilabel-balance,5d255a34ca8590bf4a86fcb9ae1bedac296513e056e44dd9020882f7732929a9
wisata-v2_003372::c000,wisata-v2_003372,place_00196,pemandangan|keramaian,validation,v2-multilabel-balance,5d255a34ca8590bf4a86fcb9ae1bedac296513e056e44dd9020882f7732929a9
wisata-v2_003376::c001,wisata-v2_003376,place_00196,akses_jalan,validation,v2-multilabel-balance,5d255a34ca8590bf4a86fcb9ae1bedac296513e056e44dd9020882f7732929a9
wisata-v2_003385::c000,wisata-v2_003385,place_00196,akses_jalan|parkir|pemandangan,validation,v2-multilabel-balance,5d255a34ca8590bf4a86fcb9ae1bedac296513e056e44dd9020882f7732929a9
wisata-v2_003455::c000,wisata-v2_003455,place_00196,none,validation,v2-multilabel-balance,5d255a34ca8590bf4a86fcb9ae1bedac296513e056e44dd9020882f7732929a9
resto-hotel-v2_000214::c001,resto-hotel-v2_000214,place_00199,makanan,validation,v2-multilabel-balance,5d255a34ca8590bf4a86fcb9ae1bedac296513e056e44dd9020882f7732929a9
resto-hotel-v2_000217::c005,resto-hotel-v2_000217,place_00199,kebersihan|toilet|akomodasi,validation,v2-multilabel-balance,5d255a34ca8590bf4a86fcb9ae1bedac296513e056e44dd9020882f7732929a9
resto-hotel-v2_000217::c007,resto-hotel-v2_000217,place_00199,keramaian|internet_sinyal,validation,v2-multilabel-balance,5d255a34ca8590bf4a86fcb9ae1bedac296513e056e44dd9020882f7732929a9
resto-hotel-v2_000217::c009,resto-hotel-v2_000217,place_00199,akomodasi|jam_operasional,validation,v2-multilabel-balance,5d255a34ca8590bf4a86fcb9ae1bedac296513e056e44dd9020882f7732929a9
resto-hotel-v2_000217::c014,resto-hotel-v2_000217,place_00199,kebersihan|pelayanan|akomodasi,validation,v2-multilabel-balance,5d255a34ca8590bf4a86fcb9ae1bedac296513e056e44dd9020882f7732929a9
resto-hotel-v2_000218::c002,resto-hotel-v2_000218,place_00199,akomodasi|keramaian,validation,v2-multilabel-balance,5d255a34ca8590bf4a86fcb9ae1bedac296513e056e44dd9020882f7732929a9
resto-hotel-v2_000218::c008,resto-hotel-v2_000218,place_00199,makanan|akomodasi,validation,v2-multilabel-balance,5d255a34ca8590bf4a86fcb9ae1bedac296513e056e44dd9020882f7732929a9
resto-hotel-v2_000219::c004,resto-hotel-v2_000219,place_00199,internet_sinyal,validation,v2-multilabel-balance,5d255a34ca8590bf4a86fcb9ae1bedac296513e056e44dd9020882f7732929a9
resto-hotel-v2_000219::c013,resto-hotel-v2_000219,place_00199,akomodasi,validation,v2-multilabel-balance,5d255a34ca8590bf4a86fcb9ae1bedac296513e056e44dd9020882f7732929a9
resto-hotel-v2_000229::c002,resto-hotel-v2_000229,place_00199,akses_jalan,validation,v2-multilabel-balance,5d255a34ca8590bf4a86fcb9ae1bedac296513e056e44dd9020882f7732929a9
resto-hotel-v2_008367::c001,resto-hotel-v2_008367,place_00203,harga,validation,v2-multilabel-balance,5d255a34ca8590bf4a86fcb9ae1bedac296513e056e44dd9020882f7732929a9
resto-hotel-v2_008377::c000,resto-hotel-v2_008377,place_00203,harga|makanan,validation,v2-multilabel-balance,5d255a34ca8590bf4a86fcb9ae1bedac296513e056e44dd9020882f7732929a9
resto-hotel-v2_008379::c000,resto-hotel-v2_008379,place_00203,kebersihan|pelayanan|makanan,validation,v2-multilabel-balance,5d255a34ca8590bf4a86fcb9ae1bedac296513e056e44dd9020882f7732929a9
resto-hotel-v2_008392::c000,resto-hotel-v2_008392,place_00203,kebersihan|pelayanan|makanan|jam_operasional,validation,v2-multilabel-balance,5d255a34ca8590bf4a86fcb9ae1bedac296513e056e44dd9020882f7732929a9
resto-hotel-v2_008398::c000,resto-hotel-v2_008398,place_00203,none,validation,v2-multilabel-balance,5d255a34ca8590bf4a86fcb9ae1bedac296513e056e44dd9020882f7732929a9
resto-hotel-v2_008404::c005,resto-hotel-v2_008404,place_00203,makanan,validation,v2-multilabel-balance,5d255a34ca8590bf4a86fcb9ae1bedac296513e056e44dd9020882f7732929a9
resto-hotel-v2_004421::c000,resto-hotel-v2_004421,place_00207,transportasi|makanan,validation,v2-multilabel-balance,5d255a34ca8590bf4a86fcb9ae1bedac296513e056e44dd9020882f7732929a9
resto-hotel-v2_002684::c001,resto-hotel-v2_002684,place_00217,transportasi|harga|pelayanan|makanan|akomodasi|pemandangan,validation,v2-multilabel-balance,5d255a34ca8590bf4a86fcb9ae1bedac296513e056e44dd9020882f7732929a9
resto-hotel-v2_002699::c002,resto-hotel-v2_002699,place_00217,transportasi|akomodasi,validation,v2-multilabel-balance,5d255a34ca8590bf4a86fcb9ae1bedac296513e056e44dd9020882f7732929a9
resto-hotel-v2_002731::c000,resto-hotel-v2_002731,place_00217,pelayanan|akomodasi,validation,v2-multilabel-balance,5d255a34ca8590bf4a86fcb9ae1bedac296513e056e44dd9020882f7732929a9
resto-hotel-v2_002748::c001,resto-hotel-v2_002748,place_00217,kebersihan|makanan|pemandangan,validation,v2-multilabel-balance,5d255a34ca8590bf4a86fcb9ae1bedac296513e056e44dd9020882f7732929a9
resto-hotel-v2_002750::c003,resto-hotel-v2_002750,place_00217,akses_jalan,validation,v2-multilabel-balance,5d255a34ca8590bf4a86fcb9ae1bedac296513e056e44dd9020882f7732929a9
resto-hotel-v2_002760::c001,resto-hotel-v2_002760,place_00217,pelayanan,validation,v2-multilabel-balance,5d255a34ca8590bf4a86fcb9ae1bedac296513e056e44dd9020882f7732929a9
resto-hotel-v2_002765::c001,resto-hotel-v2_002765,place_00217,transportasi|parkir,validation,v2-multilabel-balance,5d255a34ca8590bf4a86fcb9ae1bedac296513e056e44dd9020882f7732929a9
resto-hotel-v2_002766::c001,resto-hotel-v2_002766,place_00217,transportasi|parkir,validation,v2-multilabel-balance,5d255a34ca8590bf4a86fcb9ae1bedac296513e056e44dd9020882f7732929a9
resto-hotel-v2_002794::c000,resto-hotel-v2_002794,place_00217,toilet|harga|akomodasi,validation,v2-multilabel-balance,5d255a34ca8590bf4a86fcb9ae1bedac296513e056e44dd9020882f7732929a9
resto-hotel-v2_002804::c007,resto-hotel-v2_002804,place_00217,toilet|harga|akomodasi|pemandangan,validation,v2-multilabel-balance,5d255a34ca8590bf4a86fcb9ae1bedac296513e056e44dd9020882f7732929a9
resto-hotel-v2_002818::c003,resto-hotel-v2_002818,place_00217,pelayanan|makanan|akomodasi,validation,v2-multilabel-balance,5d255a34ca8590bf4a86fcb9ae1bedac296513e056e44dd9020882f7732929a9
resto-hotel-v2_002833::c000,resto-hotel-v2_002833,place_00217,harga|akomodasi,validation,v2-multilabel-balance,5d255a34ca8590bf4a86fcb9ae1bedac296513e056e44dd9020882f7732929a9
resto-hotel-v2_005558::c000,resto-hotel-v2_005558,place_00218,makanan|pemandangan,validation,v2-multilabel-balance,5d255a34ca8590bf4a86fcb9ae1bedac296513e056e44dd9020882f7732929a9
resto-hotel-v2_005561::c003,resto-hotel-v2_005561,place_00218,makanan,validation,v2-multilabel-balance,5d255a34ca8590bf4a86fcb9ae1bedac296513e056e44dd9020882f7732929a9
resto-hotel-v2_005564::c000,resto-hotel-v2_005564,place_00218,makanan,validation,v2-multilabel-balance,5d255a34ca8590bf4a86fcb9ae1bedac296513e056e44dd9020882f7732929a9
resto-hotel-v2_005598::c002,resto-hotel-v2_005598,place_00218,makanan,validation,v2-multilabel-balance,5d255a34ca8590bf4a86fcb9ae1bedac296513e056e44dd9020882f7732929a9
resto-hotel-v2_005598::c004,resto-hotel-v2_005598,place_00218,makanan|keramaian,validation,v2-multilabel-balance,5d255a34ca8590bf4a86fcb9ae1bedac296513e056e44dd9020882f7732929a9
resto-hotel-v2_005613::c002,resto-hotel-v2_005613,place_00218,pemandangan|keramaian,validation,v2-multilabel-balance,5d255a34ca8590bf4a86fcb9ae1bedac296513e056e44dd9020882f7732929a9
resto-hotel-v2_005624::c002,resto-hotel-v2_005624,place_00218,makanan,validation,v2-multilabel-balance,5d255a34ca8590bf4a86fcb9ae1bedac296513e056e44dd9020882f7732929a9
resto-hotel-v2_005534::c000,resto-hotel-v2_005534,place_00224,pelayanan,validation,v2-multilabel-balance,5d255a34ca8590bf4a86fcb9ae1bedac296513e056e44dd9020882f7732929a9
resto-hotel-v2_005539::c001,resto-hotel-v2_005539,place_00224,pelayanan,validation,v2-multilabel-balance,5d255a34ca8590bf4a86fcb9ae1bedac296513e056e44dd9020882f7732929a9
resto-hotel-v2_005548::c000,resto-hotel-v2_005548,place_00224,makanan,validation,v2-multilabel-balance,5d255a34ca8590bf4a86fcb9ae1bedac296513e056e44dd9020882f7732929a9
resto-hotel-v2_005551::c000,resto-hotel-v2_005551,place_00224,harga|makanan,validation,v2-multilabel-balance,5d255a34ca8590bf4a86fcb9ae1bedac296513e056e44dd9020882f7732929a9
resto-hotel-v2_007633::c001,resto-hotel-v2_007633,place_00229,makanan|jam_operasional|keramaian,validation,v2-multilabel-balance,5d255a34ca8590bf4a86fcb9ae1bedac296513e056e44dd9020882f7732929a9
resto-hotel-v2_007639::c001,resto-hotel-v2_007639,place_00229,keramaian,validation,v2-multilabel-balance,5d255a34ca8590bf4a86fcb9ae1bedac296513e056e44dd9020882f7732929a9
resto-hotel-v2_004245::c000,resto-hotel-v2_004245,place_00232,makanan,validation,v2-multilabel-balance,5d255a34ca8590bf4a86fcb9ae1bedac296513e056e44dd9020882f7732929a9
resto-hotel-v2_009587::c000,resto-hotel-v2_009587,place_00239,pelayanan|makanan,validation,v2-multilabel-balance,5d255a34ca8590bf4a86fcb9ae1bedac296513e056e44dd9020882f7732929a9
resto-hotel-v2_003489::c000,resto-hotel-v2_003489,place_00240,makanan,validation,v2-multilabel-balance,5d255a34ca8590bf4a86fcb9ae1bedac296513e056e44dd9020882f7732929a9
resto-hotel-v2_003532::c000,resto-hotel-v2_003532,place_00240,makanan,validation,v2-multilabel-balance,5d255a34ca8590bf4a86fcb9ae1bedac296513e056e44dd9020882f7732929a9
resto-hotel-v2_003561::c000,resto-hotel-v2_003561,place_00240,pelayanan|makanan,validation,v2-multilabel-balance,5d255a34ca8590bf4a86fcb9ae1bedac296513e056e44dd9020882f7732929a9
resto-hotel-v2_003589::c005,resto-hotel-v2_003589,place_00240,kebersihan|toilet,validation,v2-multilabel-balance,5d255a34ca8590bf4a86fcb9ae1bedac296513e056e44dd9020882f7732929a9
resto-hotel-v2_003598::c002,resto-hotel-v2_003598,place_00240,keramaian,validation,v2-multilabel-balance,5d255a34ca8590bf4a86fcb9ae1bedac296513e056e44dd9020882f7732929a9
resto-hotel-v2_000428::c000,resto-hotel-v2_000428,place_00254,akses_jalan|kebersihan|makanan|akomodasi|aksesibilitas,validation,v2-multilabel-balance,5d255a34ca8590bf4a86fcb9ae1bedac296513e056e44dd9020882f7732929a9
wisata-v2_007864::c001,wisata-v2_007864,place_00271,akses_jalan|aksesibilitas,validation,v2-multilabel-balance,5d255a34ca8590bf4a86fcb9ae1bedac296513e056e44dd9020882f7732929a9
wisata-v2_007877::c000,wisata-v2_007877,place_00271,lainnya,validation,v2-multilabel-balance,5d255a34ca8590bf4a86fcb9ae1bedac296513e056e44dd9020882f7732929a9
wisata-v2_007878::c001,wisata-v2_007878,place_00271,fasilitas_umum,validation,v2-multilabel-balance,5d255a34ca8590bf4a86fcb9ae1bedac296513e056e44dd9020882f7732929a9
wisata-v2_007896::c000,wisata-v2_007896,place_00271,none,validation,v2-multilabel-balance,5d255a34ca8590bf4a86fcb9ae1bedac296513e056e44dd9020882f7732929a9
wisata-v2_007898::c000,wisata-v2_007898,place_00271,none,validation,v2-multilabel-balance,5d255a34ca8590bf4a86fcb9ae1bedac296513e056e44dd9020882f7732929a9
resto-hotel-v2_003704::c001,resto-hotel-v2_003704,place_00283,pelayanan|keramaian,validation,v2-multilabel-balance,5d255a34ca8590bf4a86fcb9ae1bedac296513e056e44dd9020882f7732929a9
resto-hotel-v2_003727::c001,resto-hotel-v2_003727,place_00283,makanan|pemandangan|keramaian,validation,v2-multilabel-balance,5d255a34ca8590bf4a86fcb9ae1bedac296513e056e44dd9020882f7732929a9
resto-hotel-v2_003736::c000,resto-hotel-v2_003736,place_00283,pelayanan|makanan|keramaian,validation,v2-multilabel-balance,5d255a34ca8590bf4a86fcb9ae1bedac296513e056e44dd9020882f7732929a9
resto-hotel-v2_003743::c001,resto-hotel-v2_003743,place_00283,pelayanan|makanan,validation,v2-multilabel-balance,5d255a34ca8590bf4a86fcb9ae1bedac296513e056e44dd9020882f7732929a9
resto-hotel-v2_003753::c000,resto-hotel-v2_003753,place_00283,pelayanan|makanan,validation,v2-multilabel-balance,5d255a34ca8590bf4a86fcb9ae1bedac296513e056e44dd9020882f7732929a9
resto-hotel-v2_003755::c000,resto-hotel-v2_003755,place_00283,kebersihan|harga|makanan|keamanan|aksesibilitas,validation,v2-multilabel-balance,5d255a34ca8590bf4a86fcb9ae1bedac296513e056e44dd9020882f7732929a9
resto-hotel-v2_003757::c009,resto-hotel-v2_003757,place_00283,pelayanan,validation,v2-multilabel-balance,5d255a34ca8590bf4a86fcb9ae1bedac296513e056e44dd9020882f7732929a9
resto-hotel-v2_003760::c000,resto-hotel-v2_003760,place_00283,makanan|aksesibilitas,validation,v2-multilabel-balance,5d255a34ca8590bf4a86fcb9ae1bedac296513e056e44dd9020882f7732929a9
resto-hotel-v2_003793::c000,resto-hotel-v2_003793,place_00283,pelayanan|makanan,validation,v2-multilabel-balance,5d255a34ca8590bf4a86fcb9ae1bedac296513e056e44dd9020882f7732929a9
resto-hotel-v2_003798::c000,resto-hotel-v2_003798,place_00283,none,validation,v2-multilabel-balance,5d255a34ca8590bf4a86fcb9ae1bedac296513e056e44dd9020882f7732929a9
resto-hotel-v2_003826::c003,resto-hotel-v2_003826,place_00283,kebersihan|toilet,validation,v2-multilabel-balance,5d255a34ca8590bf4a86fcb9ae1bedac296513e056e44dd9020882f7732929a9
resto-hotel-v2_003855::c000,resto-hotel-v2_003855,place_00283,pelayanan|keramaian,validation,v2-multilabel-balance,5d255a34ca8590bf4a86fcb9ae1bedac296513e056e44dd9020882f7732929a9
resto-hotel-v2_002373::c000,resto-hotel-v2_002373,place_00289,kebersihan|pelayanan|makanan|akomodasi,validation,v2-multilabel-balance,5d255a34ca8590bf4a86fcb9ae1bedac296513e056e44dd9020882f7732929a9
resto-hotel-v2_002439::c000,resto-hotel-v2_002439,place_00289,kebersihan,validation,v2-multilabel-balance,5d255a34ca8590bf4a86fcb9ae1bedac296513e056e44dd9020882f7732929a9
resto-hotel-v2_002455::c005,resto-hotel-v2_002455,place_00289,transportasi,validation,v2-multilabel-balance,5d255a34ca8590bf4a86fcb9ae1bedac296513e056e44dd9020882f7732929a9
resto-hotel-v2_002471::c003,resto-hotel-v2_002471,place_00289,harga,validation,v2-multilabel-balance,5d255a34ca8590bf4a86fcb9ae1bedac296513e056e44dd9020882f7732929a9
resto-hotel-v2_002483::c001,resto-hotel-v2_002483,place_00289,pelayanan,validation,v2-multilabel-balance,5d255a34ca8590bf4a86fcb9ae1bedac296513e056e44dd9020882f7732929a9
resto-hotel-v2_002570::c000,resto-hotel-v2_002570,place_00289,kebersihan,validation,v2-multilabel-balance,5d255a34ca8590bf4a86fcb9ae1bedac296513e056e44dd9020882f7732929a9
resto-hotel-v2_002577::c001,resto-hotel-v2_002577,place_00289,parkir,validation,v2-multilabel-balance,5d255a34ca8590bf4a86fcb9ae1bedac296513e056e44dd9020882f7732929a9
resto-hotel-v2_002608::c000,resto-hotel-v2_002608,place_00289,harga|pemandangan,validation,v2-multilabel-balance,5d255a34ca8590bf4a86fcb9ae1bedac296513e056e44dd9020882f7732929a9
resto-hotel-v2_002616::c002,resto-hotel-v2_002616,place_00289,pelayanan,validation,v2-multilabel-balance,5d255a34ca8590bf4a86fcb9ae1bedac296513e056e44dd9020882f7732929a9
resto-hotel-v2_002650::c000,resto-hotel-v2_002650,place_00289,parkir,validation,v2-multilabel-balance,5d255a34ca8590bf4a86fcb9ae1bedac296513e056e44dd9020882f7732929a9
resto-hotel-v2_002656::c002,resto-hotel-v2_002656,place_00289,makanan,validation,v2-multilabel-balance,5d255a34ca8590bf4a86fcb9ae1bedac296513e056e44dd9020882f7732929a9
resto-hotel-v2_002658::c000,resto-hotel-v2_002658,place_00289,kebersihan|pelayanan|keramaian,validation,v2-multilabel-balance,5d255a34ca8590bf4a86fcb9ae1bedac296513e056e44dd9020882f7732929a9
resto-hotel-v2_008964::c000,resto-hotel-v2_008964,place_00298,harga|makanan,validation,v2-multilabel-balance,5d255a34ca8590bf4a86fcb9ae1bedac296513e056e44dd9020882f7732929a9
resto-hotel-v2_009001::c000,resto-hotel-v2_009001,place_00298,parkir|kebersihan|makanan|aksesibilitas,validation,v2-multilabel-balance,5d255a34ca8590bf4a86fcb9ae1bedac296513e056e44dd9020882f7732929a9
resto-hotel-v2_009018::c000,resto-hotel-v2_009018,place_00298,makanan,validation,v2-multilabel-balance,5d255a34ca8590bf4a86fcb9ae1bedac296513e056e44dd9020882f7732929a9
resto-hotel-v2_001138::c002,resto-hotel-v2_001138,place_00306,kebersihan|harga|internet_sinyal,validation,v2-multilabel-balance,5d255a34ca8590bf4a86fcb9ae1bedac296513e056e44dd9020882f7732929a9
resto-hotel-v2_006760::c000,resto-hotel-v2_006760,place_00307,makanan,validation,v2-multilabel-balance,5d255a34ca8590bf4a86fcb9ae1bedac296513e056e44dd9020882f7732929a9
resto-hotel-v2_006763::c004,resto-hotel-v2_006763,place_00307,akses_jalan|akomodasi,validation,v2-multilabel-balance,5d255a34ca8590bf4a86fcb9ae1bedac296513e056e44dd9020882f7732929a9
resto-hotel-v2_006768::c001,resto-hotel-v2_006768,place_00307,none,validation,v2-multilabel-balance,5d255a34ca8590bf4a86fcb9ae1bedac296513e056e44dd9020882f7732929a9
resto-hotel-v2_006770::c000,resto-hotel-v2_006770,place_00307,none,validation,v2-multilabel-balance,5d255a34ca8590bf4a86fcb9ae1bedac296513e056e44dd9020882f7732929a9
resto-hotel-v2_006771::c002,resto-hotel-v2_006771,place_00307,makanan|fasilitas_umum,validation,v2-multilabel-balance,5d255a34ca8590bf4a86fcb9ae1bedac296513e056e44dd9020882f7732929a9
resto-hotel-v2_006807::c000,resto-hotel-v2_006807,place_00307,makanan,validation,v2-multilabel-balance,5d255a34ca8590bf4a86fcb9ae1bedac296513e056e44dd9020882f7732929a9
resto-hotel-v2_006825::c000,resto-hotel-v2_006825,place_00307,makanan,validation,v2-multilabel-balance,5d255a34ca8590bf4a86fcb9ae1bedac296513e056e44dd9020882f7732929a9
resto-hotel-v2_006836::c000,resto-hotel-v2_006836,place_00307,makanan|jam_operasional,validation,v2-multilabel-balance,5d255a34ca8590bf4a86fcb9ae1bedac296513e056e44dd9020882f7732929a9
resto-hotel-v2_006849::c004,resto-hotel-v2_006849,place_00307,pelayanan|makanan|keramaian,validation,v2-multilabel-balance,5d255a34ca8590bf4a86fcb9ae1bedac296513e056e44dd9020882f7732929a9
resto-hotel-v2_006851::c001,resto-hotel-v2_006851,place_00307,parkir,validation,v2-multilabel-balance,5d255a34ca8590bf4a86fcb9ae1bedac296513e056e44dd9020882f7732929a9
resto-hotel-v2_006854::c003,resto-hotel-v2_006854,place_00307,harga,validation,v2-multilabel-balance,5d255a34ca8590bf4a86fcb9ae1bedac296513e056e44dd9020882f7732929a9
resto-hotel-v2_006920::c007,resto-hotel-v2_006920,place_00307,makanan,validation,v2-multilabel-balance,5d255a34ca8590bf4a86fcb9ae1bedac296513e056e44dd9020882f7732929a9
wisata-v2_001453::c000,wisata-v2_001453,place_00313,pemandangan,validation,v2-multilabel-balance,5d255a34ca8590bf4a86fcb9ae1bedac296513e056e44dd9020882f7732929a9
wisata-v2_008021::c008,wisata-v2_008021,place_00325,none,validation,v2-multilabel-balance,5d255a34ca8590bf4a86fcb9ae1bedac296513e056e44dd9020882f7732929a9
hotel-resto-v1_000005::c000,hotel-resto-v1_000005,place_00326,parkir,validation,v2-multilabel-balance,5d255a34ca8590bf4a86fcb9ae1bedac296513e056e44dd9020882f7732929a9
wisata-v2_007989::c003,wisata-v2_007989,place_00331,akses_jalan,validation,v2-multilabel-balance,5d255a34ca8590bf4a86fcb9ae1bedac296513e056e44dd9020882f7732929a9
wisata-v2_007452::c004,wisata-v2_007452,place_00334,parkir|harga,validation,v2-multilabel-balance,5d255a34ca8590bf4a86fcb9ae1bedac296513e056e44dd9020882f7732929a9
wisata-v2_007512::c002,wisata-v2_007512,place_00334,parkir|harga,validation,v2-multilabel-balance,5d255a34ca8590bf4a86fcb9ae1bedac296513e056e44dd9020882f7732929a9
wisata-v2_007522::c000,wisata-v2_007522,place_00334,transportasi|fasilitas_umum|budaya,validation,v2-multilabel-balance,5d255a34ca8590bf4a86fcb9ae1bedac296513e056e44dd9020882f7732929a9
wisata-v2_007525::c000,wisata-v2_007525,place_00334,none,validation,v2-multilabel-balance,5d255a34ca8590bf4a86fcb9ae1bedac296513e056e44dd9020882f7732929a9
wisata-v2_007534::c001,wisata-v2_007534,place_00334,pemandangan|budaya,validation,v2-multilabel-balance,5d255a34ca8590bf4a86fcb9ae1bedac296513e056e44dd9020882f7732929a9
wisata-v2_007544::c000,wisata-v2_007544,place_00334,pemandangan|budaya,validation,v2-multilabel-balance,5d255a34ca8590bf4a86fcb9ae1bedac296513e056e44dd9020882f7732929a9
resto-hotel-v2_007889::c001,resto-hotel-v2_007889,place_00358,makanan,validation,v2-multilabel-balance,5d255a34ca8590bf4a86fcb9ae1bedac296513e056e44dd9020882f7732929a9
resto-hotel-v2_007904::c001,resto-hotel-v2_007904,place_00358,makanan|keamanan,validation,v2-multilabel-balance,5d255a34ca8590bf4a86fcb9ae1bedac296513e056e44dd9020882f7732929a9
resto-hotel-v2_007920::c003,resto-hotel-v2_007920,place_00358,makanan,validation,v2-multilabel-balance,5d255a34ca8590bf4a86fcb9ae1bedac296513e056e44dd9020882f7732929a9
resto-hotel-v2_007927::c004,resto-hotel-v2_007927,place_00358,keamanan,validation,v2-multilabel-balance,5d255a34ca8590bf4a86fcb9ae1bedac296513e056e44dd9020882f7732929a9
wisata-v2_008030::c000,wisata-v2_008030,place_00372,kebersihan|fasilitas_umum,validation,v2-multilabel-balance,5d255a34ca8590bf4a86fcb9ae1bedac296513e056e44dd9020882f7732929a9
wisata-v2_008038::c007,wisata-v2_008038,place_00372,kebersihan|makanan|jam_operasional|fasilitas_umum|keramaian|oleh_oleh,validation,v2-multilabel-balance,5d255a34ca8590bf4a86fcb9ae1bedac296513e056e44dd9020882f7732929a9
wisata-v2_008039::c000,wisata-v2_008039,place_00372,kebersihan|fasilitas_umum|keramaian,validation,v2-multilabel-balance,5d255a34ca8590bf4a86fcb9ae1bedac296513e056e44dd9020882f7732929a9
wisata-v2_008040::c000,wisata-v2_008040,place_00372,none,validation,v2-multilabel-balance,5d255a34ca8590bf4a86fcb9ae1bedac296513e056e44dd9020882f7732929a9
wisata-v2_008044::c002,wisata-v2_008044,place_00372,fasilitas_umum|pemandangan,validation,v2-multilabel-balance,5d255a34ca8590bf4a86fcb9ae1bedac296513e056e44dd9020882f7732929a9
wisata-v2_008077::c004,wisata-v2_008077,place_00372,jam_operasional|oleh_oleh,validation,v2-multilabel-balance,5d255a34ca8590bf4a86fcb9ae1bedac296513e056e44dd9020882f7732929a9
