clause_id,review_id,canonical_place_id,place_name,place_category,clause_index,clause_text,weak_aspects,manual_aspects,annotator_id,human_approved,annotation_notes
hotel-resto-v1_000005::c000,hotel-resto-v1_000005,place_00326,Hotel Ompu Herti,hotel_resto,0,"""Parkirnya luas",lainnya,parkir,A01,yes,Parkir luas = parkir
resto-hotel-v2_000008::c003,resto-hotel-v2_000008,place_00287,Tiara Bunga Hotel,hotel,3,Channel tv buram semua di setiap kamar,akomodasi,harga|akomodasi|fasilitas_umum,A01,yes,'keluarga' konteks umum; air panas (fasilitas) + budget (harga)
resto-hotel-v2_000008::c005,resto-hotel-v2_000008,place_00287,Tiara Bunga Hotel,hotel,5,Tidak ada wifi di kamar,akomodasi|harga|internet_sinyal,akomodasi|internet_sinyal,A01,yes,
resto-hotel-v2_000008::c006,resto-hotel-v2_000008,place_00287,Tiara Bunga Hotel,hotel,6,Lokasi hotel ditempuh pakai kapal,akomodasi|transportasi,transportasi|akomodasi,A01,yes,
resto-hotel-v2_000008::c008,resto-hotel-v2_000008,place_00287,Tiara Bunga Hotel,hotel,8,terpencil dengan jadwal kapal yang terbatas,transportasi,transportasi|jam_operasional,A01,yes,
resto-hotel-v2_000020::c007,resto-hotel-v2_000020,place_00287,Tiara Bunga Hotel,hotel,7,Ke hotel mesti nyebrang nunggu kapal.sebrang jadwal jam 2 berangkat nya ga ontime,akomodasi|transportasi,transportasi|akomodasi|jam_operasional,A01,yes,Jadwal jam 2 = jam operasional
resto-hotel-v2_000021::c002,resto-hotel-v2_000021,place_00287,Tiara Bunga Hotel,hotel,2,kamar mandi sebaiknya ada air panas,akomodasi|toilet,toilet|akomodasi,A01,yes,
resto-hotel-v2_000021::c006,resto-hotel-v2_000021,place_00287,Tiara Bunga Hotel,hotel,6,kondisi kapel sebaiknya diperbaiki agar pengunjung nyaman menikmati pemandangan dan dapat juga berdoa,pemandangan,fasilitas_umum|pemandangan,A01,yes,Kondisi kapel = fasilitas
resto-hotel-v2_000022::c003,resto-hotel-v2_000022,place_00287,Tiara Bunga Hotel,hotel,3,"The room service is great, food is good, view is superb",akomodasi|makanan|pelayanan|pemandangan,pelayanan|makanan|akomodasi|pemandangan,A01,yes,
resto-hotel-v2_000023::c001,resto-hotel-v2_000023,place_00287,Tiara Bunga Hotel,hotel,1,"kecewa banget dengan kondisi villa nya : kaca pecah, selimut koyak, lampu toilet rusak (ktnya dipakai utk siang hari saja 😅) banyak fasilitas rusak, tidak pantas dijual dengan harga segitu",fasilitas_umum|harga|toilet,toilet|harga|akomodasi|fasilitas_umum,A01,yes,"Kaca pecah, selimut koyak = akomodasi"
resto-hotel-v2_000026::c000,resto-hotel-v2_000026,place_00287,Tiara Bunga Hotel,hotel,0,"Layanan baik, lokasi hanya diakses menggunakan kapal",transportasi,transportasi|pelayanan,A01,yes,Layanan baik = pelayanan
resto-hotel-v2_000033::c000,resto-hotel-v2_000033,place_00287,Tiara Bunga Hotel,hotel,0,"i'm so sorry late to review, ^_^ 1st time holidaying here, remind me of a location in Central Java, so far this location makes me reminisce, and calms the soul, the hotel service is very good and perfect",akomodasi|pelayanan,pelayanan|akomodasi,A01,yes,
resto-hotel-v2_000036::c005,resto-hotel-v2_000036,place_00287,Tiara Bunga Hotel,hotel,5,"Ubin bepecahan, pintu kamar yang tidak ada beresnya",akomodasi|harga,akomodasi,A01,yes,
resto-hotel-v2_000121::c004,resto-hotel-v2_000121,place_00107,Hotel Santo Djaya,hotel,4,"Tapi modelan 20 tahun yg lalu dan ga ada remote nya ✓ harga super murah, ya pasti ga ada sarapan dong ✓ ga ada AC / kipas angin",harga,harga|akomodasi,A01,yes,
resto-hotel-v2_000141::c000,resto-hotel-v2_000141,place_00148,Nauli Inn,hotel,0,Menurut saya tolong kebersihan kamar hotel jg kmr mandinya diperhatikn kebersihannya krn smlm saya cek in kmrnya kotor dan berdebu juga kamar mandinya dan klosetnya kotor dan berbau,akomodasi|harga|kebersihan,kebersihan|akomodasi,A01,yes,
resto-hotel-v2_000146::c001,resto-hotel-v2_000146,place_00095,Grand Mareda Hotel,hotel,1,"kalo dari segi ekstetik hotel, kemantapan bangunan, dll.nya ya kurang",akomodasi,akomodasi,A01,yes,
resto-hotel-v2_000147::c001,resto-hotel-v2_000147,place_00095,Grand Mareda Hotel,hotel,1,Hmmm,lainnya,none,A01,yes,
resto-hotel-v2_000149::c002,resto-hotel-v2_000149,place_00095,Grand Mareda Hotel,hotel,2,"Saran.tolong beri tanda arah kiblat,krn wifi/internet ga terhubung.sulit mencari tanda kiblat",internet_sinyal,internet_sinyal,A01,yes,
resto-hotel-v2_000167::c001,resto-hotel-v2_000167,place_00189,Pudan Residence,hotel,1,cocok untuk beristirahat,lainnya,none,A01,yes,
resto-hotel-v2_000168::c002,resto-hotel-v2_000168,place_00189,Pudan Residence,hotel,2,Aku udh booking dari *god4 pas sampai penjaga nya blg Kok abg booking dri aplikasi Agoda pula Udh tutup kamar kami Refund aja bg Ya aku jg gk tau kalian udh tutup kamar Yg kutau di apliksi itu terbuka dan aku bisa pesan,akomodasi|jam_operasional,akses_jalan|pelayanan|akomodasi|jam_operasional,A01,yes,
resto-hotel-v2_000168::c003,resto-hotel-v2_000168,place_00189,Pudan Residence,hotel,3,Sumpah kecewa x,lainnya,none,A01,yes,
resto-hotel-v2_000169::c003,resto-hotel-v2_000169,place_00189,Pudan Residence,hotel,3,Dr jam 8 mlm sampe pagi jam 9 air tidak hidup,lainnya,akomodasi,A01,yes,"Air mati di kamar = akomodasi, bukan jam operasional"
resto-hotel-v2_000171::c003,resto-hotel-v2_000171,place_00189,Pudan Residence,hotel,3,ada ya hotel seperti ini,akomodasi,transportasi|harga|akomodasi|pemandangan|keramaian,A01,yes,Over-annotated; hotel + sewa motor + pemandangan + sepi + harga tiket
resto-hotel-v2_000183::c001,resto-hotel-v2_000183,place_00189,Pudan Residence,hotel,1,Harga yang murah menjadi nilai plus bagi hotel ini,akomodasi|harga,harga|akomodasi,A01,yes,
resto-hotel-v2_000214::c001,resto-hotel-v2_000214,place_00199,RAP Hotel Balige,hotel,1,"Sarapan, biasa aja",lainnya,makanan,A01,yes,Sarapan biasa aja = membahas makanan
resto-hotel-v2_000217::c005,resto-hotel-v2_000217,place_00199,RAP Hotel Balige,hotel,5,"Pokoknya semua yang ada di kamar dan toilet dll kotor, seperti tidak ada yang bersihkan, cat kamar sudah kotor, perlu dicat ulang",akomodasi|harga|kebersihan|toilet,kebersihan|toilet|akomodasi,A01,yes,Tidak ada harga
resto-hotel-v2_000217::c007,resto-hotel-v2_000217,place_00199,RAP Hotel Balige,hotel,7,Internet: bandwidth minimal/ tidak kuat - Di luar di koridor TERTULIS bahwa Anda diharap todak berisik,internet_sinyal|keramaian,keramaian|internet_sinyal,A01,yes,
resto-hotel-v2_000217::c009,resto-hotel-v2_000217,place_00199,RAP Hotel Balige,hotel,9,"Dari jam 4.30 pagi, ada seekor ayam jantan berkokok dengan keras di sebelah hotel",akomodasi,akomodasi|jam_operasional,A01,yes,
resto-hotel-v2_000217::c014,resto-hotel-v2_000217,place_00199,RAP Hotel Balige,hotel,14,"di booking.com saat ini 6,6 (silahkan lihat di Booking.com) Untuk kondisi saat ini masih terlalu tinggi menurut saya, karena kondisi hotel kotor, ribut, dan tidak ramah staffs-nya",akomodasi|kebersihan|pelayanan,kebersihan|pelayanan|akomodasi,A01,yes,
resto-hotel-v2_000218::c002,resto-hotel-v2_000218,place_00199,RAP Hotel Balige,hotel,2,I can't break anything in this room,akomodasi,akomodasi|keramaian,A01,yes,"'pagi' konteks; ayam berkokok = keramaian/kebisingan, bukan jam operasional"
resto-hotel-v2_000218::c008,resto-hotel-v2_000218,place_00199,RAP Hotel Balige,hotel,8,Breakfast is supposed to be nasi goreng with the coffee powder in the room,akomodasi,makanan|akomodasi,A01,yes,
resto-hotel-v2_000219::c004,resto-hotel-v2_000219,place_00199,RAP Hotel Balige,hotel,4,"Raum / Bad schmuddelig (siehe Bilder) - Internet: wenig Bandbreite - Draußen im Gang steht, dass man sich ruhig verhalten soll",internet_sinyal,internet_sinyal,A01,yes,
resto-hotel-v2_000219::c013,resto-hotel-v2_000219,place_00199,RAP Hotel Balige,hotel,13,"Dies ist kein Hotel, eher ein Boarding House",akomodasi,akomodasi,A01,yes,
resto-hotel-v2_000229::c002,resto-hotel-v2_000229,place_00199,RAP Hotel Balige,hotel,2,Lokasi tidak terlalu jauh dari kota,lainnya,akses_jalan,A01,yes,Lokasi tidak jauh dari kota = membahas akses/jarak
resto-hotel-v2_000268::c000,resto-hotel-v2_000268,place_00261,Sinar Minang Restaurant & Convention Hall,restoran,0,"Bad Service, kami datang, bolak balek datangi pelayan",pelayanan,pelayanan,A01,yes,
resto-hotel-v2_000278::c006,resto-hotel-v2_000278,place_00261,Sinar Minang Restaurant & Convention Hall,restoran,6,"dengan cara yang fair harga disesuaikan dengan potongan/porsi makanan,pelayanan nya juga harus bagus setiap tamu yang datang minimal disambut",harga|makanan|pelayanan,harga|pelayanan|makanan,A01,yes,
resto-hotel-v2_000291::c001,resto-hotel-v2_000291,place_00261,Sinar Minang Restaurant & Convention Hall,restoran,1,"Karinya pas, suasananya sejuk, pekerjanya jugak ramah2",lainnya,pelayanan|makanan,A01,yes,"Kari (makanan) + pekerja ramah (pelayanan), bukan pemandangan"
resto-hotel-v2_000372::c000,resto-hotel-v2_000372,place_00261,Sinar Minang Restaurant & Convention Hall,restoran,0,Terlalu mahal,harga,harga,A01,yes,
resto-hotel-v2_000392::c000,resto-hotel-v2_000392,place_00261,Sinar Minang Restaurant & Convention Hall,restoran,0,Karena ramai jadi sepertinya kurang memperhatikan pesanan pelanggan,keramaian,keramaian,A01,yes,
resto-hotel-v2_000423::c001,resto-hotel-v2_000423,place_00057,Brussels Homestay,hotel,1,"However, there wasn't a fan in the room, which would have helped keep things cooler",akomodasi,toilet|pelayanan,A01,yes,"Menunggu kamar mandi = toilet + pelayanan, bukan jam operasional/akomodasi"
resto-hotel-v2_000428::c000,resto-hotel-v2_000428,place_00254,SAPADIA VILLA BALIGE II,hotel,0,"Bersih, kamar lebar, cocok untuk bawa keluarga, dekat ke kota, gampang bisa jalan kaki untuk cari makanan di luar",akomodasi|akses_jalan|kebersihan|makanan,akses_jalan|kebersihan|makanan|akomodasi|aksesibilitas,A01,yes,
resto-hotel-v2_000438::c000,resto-hotel-v2_000438,place_00101,Hotel Adela,hotel,0,"Pelayanannya bagus tp masih minus fasilitas terutama WiFi, masih pilih kasih klau kamar harga mahal bisa WiFi nya klau kamar harga murah GK bisa pake WiFi",akomodasi|harga|internet_sinyal,harga|akomodasi|fasilitas_umum|internet_sinyal,A01,yes,
resto-hotel-v2_000440::c000,resto-hotel-v2_000440,place_00101,Hotel Adela,hotel,0,Hotel termurah klo ke balige,akomodasi,akomodasi,A01,yes,
resto-hotel-v2_000444::c000,resto-hotel-v2_000444,place_00101,Hotel Adela,hotel,0,"Paten, tempat yang bagus dengan pelayanan yang Ramah",pelayanan,pelayanan,A01,yes,
resto-hotel-v2_000468::c001,resto-hotel-v2_000468,place_00077,Damar Toba ~ Lakeside Eatery & Stay,restoran,1,👌,lainnya,none,A01,yes,
resto-hotel-v2_000470::c000,resto-hotel-v2_000470,place_00077,Damar Toba ~ Lakeside Eatery & Stay,restoran,0,GOOD EXPERIENCE,lainnya,none,A01,yes,
resto-hotel-v2_000532::c000,resto-hotel-v2_000532,place_00077,Damar Toba ~ Lakeside Eatery & Stay,restoran,0,Nice view and good food,makanan|pemandangan,makanan|pemandangan,A01,yes,
resto-hotel-v2_000559::c001,resto-hotel-v2_000559,place_00077,Damar Toba ~ Lakeside Eatery & Stay,restoran,1,"byk tempat duduk, pelayanan ramahh, tempatnya bersih",fasilitas_umum|kebersihan|pelayanan,kebersihan|pelayanan|fasilitas_umum,A01,yes,
resto-hotel-v2_000560::c000,resto-hotel-v2_000560,place_00077,Damar Toba ~ Lakeside Eatery & Stay,restoran,0,Hotel yg cukup nyaman buat mencari ketenangan,akomodasi,akomodasi,A01,yes,
resto-hotel-v2_000587::c015,resto-hotel-v2_000587,place_00077,Damar Toba ~ Lakeside Eatery & Stay,restoran,15,membuat betah berlama2 di kamar!,akomodasi,akomodasi,A01,yes,
resto-hotel-v2_000594::c000,resto-hotel-v2_000594,place_00077,Damar Toba ~ Lakeside Eatery & Stay,restoran,0,Cozy hotel with amazing view by the lake of Danau Toba,akomodasi|pemandangan,akomodasi|pemandangan,A01,yes,
resto-hotel-v2_000677::c001,resto-hotel-v2_000677,place_00296,Vany Villa Balige,hotel,1,"Kamar nya bersih dan nyaman, kolam nya juga bersih dan bisa utk anak anak",akomodasi|kebersihan,kebersihan|akomodasi|fasilitas_umum|aksesibilitas,A01,yes,
resto-hotel-v2_000681::c005,resto-hotel-v2_000681,place_00296,Vany Villa Balige,hotel,5,Lantai kamar mandi juga licin,akomodasi|keamanan|toilet,toilet|akomodasi|keamanan,A01,yes,
resto-hotel-v2_000682::c000,resto-hotel-v2_000682,place_00296,Vany Villa Balige,hotel,0,"makananya kurang enak, dan pelayananya tidak ramah padahal harganya tinggi diluar ekspetasi saya",pelayanan,harga|pelayanan|makanan,A01,yes,Harganya tinggi = harga
resto-hotel-v2_000686::c003,resto-hotel-v2_000686,place_00296,Vany Villa Balige,hotel,3,TV dan internet berfungsi dgn baik,lainnya,internet_sinyal,A01,yes,
resto-hotel-v2_000686::c009,resto-hotel-v2_000686,place_00296,Vany Villa Balige,hotel,9,"Kalau tamu >70% dri kapasitas maka menu prasmanan, kalau tidak maka menu ala carte",harga|keramaian|makanan,makanan,A01,yes,
resto-hotel-v2_000688::c002,resto-hotel-v2_000688,place_00296,Vany Villa Balige,hotel,2,Kebetulan di rumah opung tidak ada sinyal,internet_sinyal,internet_sinyal,A01,yes,
resto-hotel-v2_000692::c000,resto-hotel-v2_000692,place_00296,Vany Villa Balige,hotel,0,"Bagus........, hanya lokasi parkir kurang, mungkin sedikit agak mahal",akses_jalan|harga|parkir,parkir|harga,A01,yes,
resto-hotel-v2_000695::c000,resto-hotel-v2_000695,place_00296,Vany Villa Balige,hotel,0,"The room was nice, clean and very comfortable",akomodasi|kebersihan,kebersihan|akomodasi,A01,yes,
resto-hotel-v2_000712::c001,resto-hotel-v2_000712,place_00296,Vany Villa Balige,hotel,1,"Fasilitas lengkap, dan makanannya enak banget",fasilitas_umum,makanan|fasilitas_umum,A01,yes,
resto-hotel-v2_000722::c000,resto-hotel-v2_000722,place_00296,Vany Villa Balige,hotel,0,Villa dengan nuansa clasik dan identik dgn budaya bataknya Keren mantap rekomendasi untuk ajak keluarga berlibur disini,budaya|pemandangan,pelayanan|akomodasi|aksesibilitas|budaya,A01,yes,
resto-hotel-v2_000729::c000,resto-hotel-v2_000729,place_00296,Vany Villa Balige,hotel,0,Inilah yang namanya reinventing budaya lokal sesungguhnya,budaya,budaya,A01,yes,
resto-hotel-v2_000729::c002,resto-hotel-v2_000729,place_00296,Vany Villa Balige,hotel,2,Tempat indah dengan budaya Lokal,budaya,pemandangan|budaya,A01,yes,
resto-hotel-v2_000751::c000,resto-hotel-v2_000751,place_00127,"Labersa Hotel and Convention Center Toba, Balige",hotel,0,Kami sudah 3 kali menginap di sini dan sangat memuaskan layanannya,lainnya,pelayanan,A01,yes,"Pujian pelayanan, bukan akomodasi"
resto-hotel-v2_000788::c003,resto-hotel-v2_000788,place_00127,"Labersa Hotel and Convention Center Toba, Balige",hotel,3,Akhirnya dibantu dikirim via ekspedisi ke Jakarta Mantap pokoknya,lainnya,none,A01,yes,
resto-hotel-v2_000806::c003,resto-hotel-v2_000806,place_00127,"Labersa Hotel and Convention Center Toba, Balige",hotel,3,One thing that could be improved is the addition of a fitness facility,lainnya,fasilitas_umum,A01,yes,
resto-hotel-v2_000834::c002,resto-hotel-v2_000834,place_00127,"Labersa Hotel and Convention Center Toba, Balige",hotel,2,A lot of breakfast menu and have any other meal packages 3,lainnya,makanan,A01,yes,
resto-hotel-v2_000834::c003,resto-hotel-v2_000834,place_00127,"Labersa Hotel and Convention Center Toba, Balige",hotel,3,"The view of toba lake its good 4.The room is clean and comfortable,some rooms have a balcony",akomodasi|kebersihan|pemandangan,kebersihan|akomodasi|pemandangan,A01,yes,
resto-hotel-v2_000843::c000,resto-hotel-v2_000843,place_00127,"Labersa Hotel and Convention Center Toba, Balige",hotel,0,Aman bersih dan rapi,keamanan|kebersihan,kebersihan|keamanan,A01,yes,
resto-hotel-v2_000853::c000,resto-hotel-v2_000853,place_00127,"Labersa Hotel and Convention Center Toba, Balige",hotel,0,Ballroom bagus dan bersih,kebersihan,kebersihan,A01,yes,
resto-hotel-v2_000903::c000,resto-hotel-v2_000903,place_00127,"Labersa Hotel and Convention Center Toba, Balige",hotel,0,Acara kantor di ballroomnya,lainnya,fasilitas_umum,A01,yes,Ballroom = fasilitas
resto-hotel-v2_000953::c002,resto-hotel-v2_000953,place_00129,Lago Hotel & Resto,hotel,2,Pemilik hotel marga Simanjuntak membantu menelepon rekannya yg punya mobil tsb,akomodasi|pelayanan,parkir|pelayanan|akomodasi,A01,yes,
resto-hotel-v2_000957::c000,resto-hotel-v2_000957,place_00129,Lago Hotel & Resto,hotel,0,"Hotel yang bersih , nyaman dan memiliki spot pantai yang bagus di seberang hotel nya 👍",akomodasi|kebersihan,pelayanan|akomodasi,A01,yes,"Membantu panggil pemilik mobil = pelayanan, bukan parkir"
resto-hotel-v2_001005::c001,resto-hotel-v2_001005,place_00129,Lago Hotel & Resto,hotel,1,Free wifi dan breakfast variatif,internet_sinyal,harga|makanan|internet_sinyal,A01,yes,
resto-hotel-v2_001027::c000,resto-hotel-v2_001027,place_00129,Lago Hotel & Resto,hotel,0,"Hotel paling mantap di balige, ruangan, pelayanannya, sarapan gratisnya, pasti nginap disini lagi kalok ke balige, ke pantai bul bul 2 menit, ke pakkodian 30 menit",akomodasi,akomodasi|pemandangan,A01,yes,
resto-hotel-v2_001037::c001,resto-hotel-v2_001037,place_00129,Lago Hotel & Resto,hotel,1,"Dengan harga yg relatif kompetitif dengan hotel lainnya di sekitaran Balige, udah dapat kamar dan lokasi yang bagus",akomodasi|harga,pelayanan|makanan|akomodasi,A01,yes,"Kamar, pelayanan, sarapan; bukan pemandangan"
resto-hotel-v2_001044::c000,resto-hotel-v2_001044,place_00129,Lago Hotel & Resto,hotel,0,"Resepsionisnya ramah, tempat parkir lumayan banyak, makanan enak, pemandangan cantik",makanan|parkir|pelayanan|pemandangan,parkir|pelayanan|makanan|pemandangan,A01,yes,
resto-hotel-v2_001047::c000,resto-hotel-v2_001047,place_00129,Lago Hotel & Resto,hotel,0,"Ga rekomen buat yg dtg dlm kondisi laper, krna pesanannya lama bgt datangnya, lebih sejam buat nunggu doang, tpi lokasi dan view nya ok",pemandangan,pelayanan|pemandangan,A01,yes,
resto-hotel-v2_001114::c001,resto-hotel-v2_001114,place_00129,Lago Hotel & Resto,hotel,1,"Kamar bersih, wangi",akomodasi|kebersihan,kebersihan|akomodasi,A01,yes,
resto-hotel-v2_001115::c000,resto-hotel-v2_001115,place_00129,Lago Hotel & Resto,hotel,0,"Bersih, parkir kiss, makanan ok",kebersihan|makanan|parkir,parkir|kebersihan|makanan,A01,yes,
resto-hotel-v2_001123::c001,resto-hotel-v2_001123,place_00129,Lago Hotel & Resto,hotel,1,Keren,pemandangan,none,A01,yes,
resto-hotel-v2_001125::c000,resto-hotel-v2_001125,place_00129,Lago Hotel & Resto,hotel,0,Kelebihan Kamar family gede pelayanan ramah Kamar bersih View persawahan nya indah Kekurangan Sayang gk ada lift dan family room hanya di lantai 2 jadi buat lansia agak susah Toilet di lantai 1 gk ada toilet duduk jadi agak susah buat lansia,akomodasi|harga|kebersihan|pelayanan|pemandangan|toilet,kebersihan|toilet|pelayanan|akomodasi|pemandangan|aksesibilitas,A01,yes,Lansia = aksesibilitas; tidak ada harga
resto-hotel-v2_001133::c000,resto-hotel-v2_001133,place_00129,Lago Hotel & Resto,hotel,0,Hotel termegah di Pantai Bulbul Balige,akomodasi,akomodasi|pemandangan,A01,yes,
resto-hotel-v2_001138::c002,resto-hotel-v2_001138,place_00306,Warunk Friendzone,restoran,2,"Harga murah meriah, tempat bersih dan wifi kencang",harga|internet_sinyal|kebersihan,kebersihan|harga|internet_sinyal,A01,yes,
resto-hotel-v2_001180::c003,resto-hotel-v2_001180,place_00153,OYO 90645 Karisma Residence,hotel,3,Air nya kecil banget dan sering mati,lainnya,akomodasi,A01,yes,Air mati = masalah fasilitas kamar/akomodasi
resto-hotel-v2_001182::c000,resto-hotel-v2_001182,place_00153,OYO 90645 Karisma Residence,hotel,0,Ga sesuai expetasi,lainnya,none,A01,yes,
resto-hotel-v2_001187::c000,resto-hotel-v2_001187,place_00153,OYO 90645 Karisma Residence,hotel,0,"Kamar sempit dan bau, airnyaa bermasalah kurangtau jg alasannya apaa",akomodasi|harga|kebersihan,kebersihan|toilet|akomodasi,A01,yes,Kebersihan kamar + kamar mandi = akomodasi + toilet + kebersihan
resto-hotel-v2_001196::c000,resto-hotel-v2_001196,place_00153,OYO 90645 Karisma Residence,hotel,0,Kamar terlalu sempit dan kurang bersih dan air kalau malam terbatas,akomodasi|harga|kebersihan,kebersihan|akomodasi|fasilitas_umum,A01,yes,Kamar sempit/bau + masalah air = akomodasi + kebersihan + fasilitas
resto-hotel-v2_001212::c000,resto-hotel-v2_001212,place_00153,OYO 90645 Karisma Residence,hotel,0,Letaknya strategis,lainnya,none,A01,yes,
resto-hotel-v2_001214::c002,resto-hotel-v2_001214,place_00153,OYO 90645 Karisma Residence,hotel,2,"The room is clean, and smells gòod",akomodasi|kebersihan,kebersihan|akomodasi,A01,yes,
resto-hotel-v2_001214::c005,resto-hotel-v2_001214,place_00153,OYO 90645 Karisma Residence,hotel,5,"And no condiments like shampoo, toilet paper, toothbrush, toothpaste, and stuff u usually find in hotels",toilet,toilet|akomodasi,A01,yes,Amenity hotel = akomodasi
resto-hotel-v2_001220::c000,resto-hotel-v2_001220,place_00108,Hotel Sere Nauli,hotel,0,"Ada tikus di kamar 216, di samping Ac ada lubang tikus tempat keluar masuk tikus",akomodasi,harga|makanan|fasilitas_umum,A01,yes,"Anak tidak bisa mandi = fasilitas, bukan aksesibilitas"
resto-hotel-v2_001222::c002,resto-hotel-v2_001222,place_00108,Hotel Sere Nauli,hotel,2,penuh dengan kerak air putih,keramaian,keramaian,A01,yes,
resto-hotel-v2_001245::c004,resto-hotel-v2_001245,place_00108,Hotel Sere Nauli,hotel,4,Ada wifi tp sinyal jg busuk,internet_sinyal,internet_sinyal,A01,yes,
resto-hotel-v2_001245::c010,resto-hotel-v2_001245,place_00108,Hotel Sere Nauli,hotel,10,"Untuk variasi makanan hanya ada 5-6menu (sudah trmasuk nasi putih) Dibandingin sm hotel dijakarta, lebih murah hotel dijakarta sih dengan fasilitas dan menu sarapan yg lebih banyak varian",akomodasi|harga|makanan,kebersihan|akomodasi,A01,yes,"Tikus di kamar = kebersihan/higienitas, bukan keamanan"
resto-hotel-v2_001256::c000,resto-hotel-v2_001256,place_00108,Hotel Sere Nauli,hotel,0,"Hotel asri dan nyaman Fasilitas lengkap, kamar luas parkir luas Lokasi strategis Recommended wilayah parapat balige",akomodasi|fasilitas_umum|parkir,parkir|akomodasi|fasilitas_umum|pemandangan,A01,yes,
resto-hotel-v2_001258::c003,resto-hotel-v2_001258,place_00108,Hotel Sere Nauli,hotel,3,"Tidak ada WiFi di kamar saya, dan WiFi di resepsionis sangat lambat sehingga saya tidak menggunakannya",akomodasi|harga|internet_sinyal|pelayanan,pelayanan|akomodasi|internet_sinyal,A01,yes,
resto-hotel-v2_001261::c000,resto-hotel-v2_001261,place_00108,Hotel Sere Nauli,hotel,0,"Saran bagi pemilik hotel agar meng ""hire"" SDM di bidangnya sehingga hotel dapat di manage dgn bagus",akomodasi,pelayanan|akomodasi,A01,yes,
resto-hotel-v2_001301::c000,resto-hotel-v2_001301,place_00108,Hotel Sere Nauli,hotel,0,Hotel yg keren,akomodasi|pemandangan,akomodasi,A01,yes,
resto-hotel-v2_001311::c002,resto-hotel-v2_001311,place_00108,Hotel Sere Nauli,hotel,2,Agar tamu selalu bisa merasa aman dan nyaman,keamanan,keamanan,A01,yes,
resto-hotel-v2_001373::c000,resto-hotel-v2_001373,place_00098,"""Happy"" Noodle Restaurant",restoran,0,Mantap,lainnya,none,A01,yes,
resto-hotel-v2_001381::c000,resto-hotel-v2_001381,place_00195,Purnama Balige Hotel,hotel,0,Nyaman dan bersih,kebersihan,kebersihan,A01,yes,
resto-hotel-v2_001382::c003,resto-hotel-v2_001382,place_00195,Purnama Balige Hotel,hotel,3,"Harga kamar terlalu mahal untuk fasilitas yang sangat standar, bahkan cenderung di bawah ekspektasi",akomodasi|harga,harga|akomodasi|fasilitas_umum,A01,yes,
resto-hotel-v2_001405::c000,resto-hotel-v2_001405,place_00195,Purnama Balige Hotel,hotel,0,"sangat suka menginap di Hotel Purnama Balige Sangat bersih,Nyaman,dan pelayanannya sangat ramah, Kebetulan ada juga Free Speatboadnya bikin gagal move on dari Hotel ini",akomodasi|kebersihan|pelayanan,kebersihan|harga|pelayanan|akomodasi,A01,yes,
resto-hotel-v2_001409::c000,resto-hotel-v2_001409,place_00195,Purnama Balige Hotel,hotel,0,We booked this hotel after seeing a travel influencer’s YouTube video,akomodasi|transportasi,akomodasi,A01,yes,'travel influencer' bukan transportasi
resto-hotel-v2_001424::c001,resto-hotel-v2_001424,place_00195,Purnama Balige Hotel,hotel,1,"dikasi terpisah padahal sudah deal untuk 1 lantai Restaurant nya sangat buruk service nya, makannya sangat lama sudah lebih dari 1",makanan|pelayanan,pelayanan|makanan,A01,yes,
resto-hotel-v2_001436::c002,resto-hotel-v2_001436,place_00195,Purnama Balige Hotel,hotel,2,The food and lake view was decent,makanan|pemandangan,makanan|pemandangan,A01,yes,
resto-hotel-v2_001441::c000,resto-hotel-v2_001441,place_00195,Purnama Balige Hotel,hotel,0,The hotel ambience of guest areas facilities were tidy and clean,akomodasi|kebersihan,harga|makanan,A01,yes,Makanan murah = makanan + harga
resto-hotel-v2_001446::c000,resto-hotel-v2_001446,place_00195,Purnama Balige Hotel,hotel,0,Strategic HotelDelicious breakfast Affordable price Clean hotelComfortable hotel,akomodasi|harga|kebersihan,kebersihan|harga|makanan|akomodasi,A01,yes,
resto-hotel-v2_001448::c001,resto-hotel-v2_001448,place_00195,Purnama Balige Hotel,hotel,1,"Very disappointed with the room it was wet toilet wet room, very tiny room, small television",akomodasi|toilet,kebersihan|toilet|akomodasi,A01,yes,Wet = kebersihan
resto-hotel-v2_001489::c000,resto-hotel-v2_001489,place_00195,Purnama Balige Hotel,hotel,0,"Di seprainya masih ada rambut, exhaust kamar mandi mati",akomodasi|toilet,kebersihan|toilet|akomodasi,A01,yes,Rambut di seprai = kebersihan
resto-hotel-v2_001518::c002,resto-hotel-v2_001518,place_00195,Purnama Balige Hotel,hotel,2,"area hotel sangat nyaman dan krn dekat dgn pelabuhan, jadi bisa lihat kapal-kapal",akomodasi|transportasi,transportasi|akomodasi|pemandangan,A01,yes,Lihat kapal = pemandangan
resto-hotel-v2_001528::c000,resto-hotel-v2_001528,place_00195,Purnama Balige Hotel,hotel,0,"Room over price, breakfast standard, Lainnya dapat direkomendasikan",akomodasi|harga,harga|pelayanan|makanan|akomodasi,A01,yes,
resto-hotel-v2_001561::c000,resto-hotel-v2_001561,place_00110,ijabu Coffee & Roastery,restoran,0,"Suasana serasa di rumah sendiri, pelayanan nya cepat,ramah dan asik",pelayanan,pelayanan,A01,yes,
resto-hotel-v2_001577::c000,resto-hotel-v2_001577,place_00182,Point Coffee Balige,restoran,0,Ramai,keramaian,keramaian,A01,yes,
resto-hotel-v2_001580::c001,resto-hotel-v2_001580,place_00182,Point Coffee Balige,restoran,1,Seatnya luas dan aesthetic.Viewnya jalan raya Balige,akses_jalan,akses_jalan,A01,yes,
resto-hotel-v2_001631::c000,resto-hotel-v2_001631,place_00264,SIPPIN,restoran,0,Enak dan murah,harga,harga|makanan,A01,yes,
resto-hotel-v2_001641::c000,resto-hotel-v2_001641,place_00282,Tendy Guest House,hotel,0,"Tempat strategis ,aman , kamar bersih",akomodasi|keamanan|kebersihan,kebersihan|akomodasi|keamanan,A01,yes,
resto-hotel-v2_001646::c000,resto-hotel-v2_001646,place_00279,TASYA HOMESTAY,hotel,0,Aman nyaman menyenangkan,keamanan,keamanan,A01,yes,
resto-hotel-v2_001663::c000,resto-hotel-v2_001663,place_00105,Hotel Nabasa,hotel,0,Great room clean and good bed,akomodasi|kebersihan,kebersihan|akomodasi,A01,yes,
resto-hotel-v2_001669::c003,resto-hotel-v2_001669,place_00105,Hotel Nabasa,hotel,3,Minusnya hotel ini hanya 1 menurut saya,akomodasi,pelayanan|akomodasi,A01,yes,Hotel + sikap staf buruk = akomodasi + pelayanan
resto-hotel-v2_001672::c000,resto-hotel-v2_001672,place_00105,Hotel Nabasa,hotel,0,Hotel sederhana di tepi Danau Toba dekat pelabuhan Balige,akomodasi,transportasi|akomodasi|pemandangan,A01,yes,
resto-hotel-v2_001672::c002,resto-hotel-v2_001672,place_00105,Hotel Nabasa,hotel,2,"sempit, kamar mandi sempit",akomodasi|harga|toilet,toilet|akomodasi,A01,yes,Tidak ada harga
resto-hotel-v2_001672::c004,resto-hotel-v2_001672,place_00105,Hotel Nabasa,hotel,4,Plus: sarapan pagi sambil menikmati danau dan kapal-kapal yg berlayar,transportasi,makanan|pemandangan,A01,yes,Kapal berlayar = pemandangan; sarapan = makanan; bukan transportasi
resto-hotel-v2_001687::c001,resto-hotel-v2_001687,place_00105,Hotel Nabasa,hotel,1,"Untuk keamanan kamar kurang saat ada orang yang mau masuk, tidak ada door viewer saat",akomodasi|harga,akomodasi|pemandangan,A01,yes,"Pelabuhan hanya referensi lokasi, bukan evaluasi transportasi"
resto-hotel-v2_001690::c000,resto-hotel-v2_001690,place_00105,Hotel Nabasa,hotel,0,Hotel low budget with a view,akomodasi|pemandangan,akomodasi|pemandangan,A01,yes,
resto-hotel-v2_001714::c001,resto-hotel-v2_001714,place_00105,Hotel Nabasa,hotel,1,"sayang kamar mandi bau dan service sangat tidak memuaskan, air panas untuk minum tidak ada, harus diminta dulu sampai beberapa kali, lalu gelas di kamar tidak ada, dan ketika diminta kata pelayannya “nanti gelasnya dibalikin lagi ya” sungguh bad service👎🏻 harga tidak sebanding dengan pelayanannya👎🏻",akomodasi|harga|kebersihan|pelayanan|toilet,kebersihan|toilet|pelayanan|makanan|akomodasi,A01,yes,Air minum = makanan; tidak ada harga
resto-hotel-v2_001716::c000,resto-hotel-v2_001716,place_00105,Hotel Nabasa,hotel,0,Pelayanan baik dan ramah Kamar nya bersih dan terawat Pemandangan kamar bagus bisa melihat langsung Danau Toba,akomodasi|kebersihan|pelayanan|pemandangan,kebersihan|pelayanan|akomodasi|pemandangan,A01,yes,
resto-hotel-v2_001721::c001,resto-hotel-v2_001721,place_00105,Hotel Nabasa,hotel,1,Tidak sesuai dgn harga kamar nya rp 480 rb,akomodasi|harga,harga|akomodasi,A01,yes,
resto-hotel-v2_001747::c001,resto-hotel-v2_001747,place_00105,Hotel Nabasa,hotel,1,"anak anak gak bisa mandi, makanan lumayan, tarif hotel standar",akomodasi|makanan,harga|akomodasi|pemandangan,A01,yes,'low budget' = evaluasi harga
resto-hotel-v2_001793::c000,resto-hotel-v2_001793,place_00105,Hotel Nabasa,hotel,0,Kamar mandi terlalu kecil,akomodasi|toilet,toilet,A01,yes,Resto; kamar mandi bukan akomodasi
resto-hotel-v2_001798::c005,resto-hotel-v2_001798,place_00147,Mutiara Balige Hotel,hotel,5,Walpaper kamar membutuhkan sedikit peremajaan,akomodasi,akomodasi,A01,yes,
resto-hotel-v2_001823::c000,resto-hotel-v2_001823,place_00147,Mutiara Balige Hotel,hotel,0,"Sebenarnya hotelnya bagus, cuma pas nginep disini dapet kamar yang paling dekat dengan tangga dan itu bising suara tamu + suara kendaraan",akomodasi,akses_jalan|akomodasi|keramaian,A01,yes,
resto-hotel-v2_001825::c004,resto-hotel-v2_001825,place_00147,Mutiara Balige Hotel,hotel,4,Sangat dekat dengan Museum T.B Silalahi Center,budaya,none,A01,yes,Hanya menyebut lokasi dekat museum
resto-hotel-v2_001830::c000,resto-hotel-v2_001830,place_00147,Mutiara Balige Hotel,hotel,0,Lokasi hotel Mutiara Balige sekitar 30 menit berkendara dari Bandara Silangit,akomodasi,akomodasi|keramaian,A01,yes,"Kebisingan tamu/kendaraan = keramaian, bukan akses jalan"
resto-hotel-v2_001851::c000,resto-hotel-v2_001851,place_00147,Mutiara Balige Hotel,hotel,0,"Hotel bagus dan bersih, wifi kencang, lokasi dijalan lintas, sarapan enak, harga terlalu mahal buat hotel spt itu",akomodasi|harga|internet_sinyal|kebersihan|makanan,kebersihan|harga|makanan|akomodasi|internet_sinyal,A01,yes,
resto-hotel-v2_001868::c003,resto-hotel-v2_001868,place_00147,Mutiara Balige Hotel,hotel,3,The beds and the pillows are clean,kebersihan,kebersihan,A01,yes,
resto-hotel-v2_001878::c000,resto-hotel-v2_001878,place_00147,Mutiara Balige Hotel,hotel,0,"Salah satu hotel terbaik balige,parkir aman,lokasi pinggir jalinsum.water hiter berkeja ,walau agak lama nunggunya",akomodasi|keamanan|parkir,parkir|pelayanan|akomodasi|keamanan,A01,yes,
resto-hotel-v2_001885::c000,resto-hotel-v2_001885,place_00147,Mutiara Balige Hotel,hotel,0,Nyaman bersih dan menyediakan makan sahur pada saat bulan ramadhan untuk yang berpuasa,kebersihan|makanan,kebersihan|makanan,A01,yes,
resto-hotel-v2_001899::c001,resto-hotel-v2_001899,place_00147,Mutiara Balige Hotel,hotel,1,Selain itu beberapa peralatan di kamar mandi juga sudah mulai rusak,akomodasi|harga|toilet,toilet|akomodasi,A01,yes,Tidak ada harga
resto-hotel-v2_001924::c006,resto-hotel-v2_001924,place_00284,The Boat Homestay and Spa,hotel,6,Pemiliknya bisa membantu Anda dengan transportasi ke bandara,pelayanan|transportasi,transportasi,A01,yes,
resto-hotel-v2_001930::c015,resto-hotel-v2_001930,place_00284,The Boat Homestay and Spa,hotel,15,Suatu saat Anda menginginkan sebuah hotel dan membiarkan mereka senang dengan 20% yang dicuri,akomodasi,akomodasi,A01,yes,
resto-hotel-v2_001930::c019,resto-hotel-v2_001930,place_00284,The Boat Homestay and Spa,hotel,19,Bukan tidak profesional seperti di Boat,lainnya,transportasi,A01,yes,
resto-hotel-v2_001933::c001,resto-hotel-v2_001933,place_00284,The Boat Homestay and Spa,hotel,1,"Untuk homestay kurang cocok utk lansia karena agak menanjak dan tangga nya agak curam Bed super comfy, air panas available, ada cafe di depan bisa utk wfh, dan jg toko oleh2",akomodasi|aksesibilitas|makanan,akses_jalan|toilet|makanan|akomodasi|aksesibilitas,A01,yes,
resto-hotel-v2_001946::c000,resto-hotel-v2_001946,place_00104,Hotel Dizomn,hotel,0,"Kamar sempit, kotor, tidak ada ventilasi, gelap, lampu redup",akomodasi|harga|kebersihan,kebersihan|akomodasi,A01,yes,Keluhan kondisi kamar; tidak ada harga
resto-hotel-v2_001954::c000,resto-hotel-v2_001954,place_00103,HOTEL BAHAGIA BALIGE,hotel,0,"Benar2 Hotel terburuk walau hotel kelas melati tp ga layak dikatakan hotel, saya menginap bertiga kk beradik pafahal uda pesan tempat tidur tambahan malah dibilang kumpul kebo, pas dikasi KK malah ga mau terima",akomodasi,harga|akomodasi,A01,yes,Hotel termurah = akomodasi + harga
resto-hotel-v2_001998::c002,resto-hotel-v2_001998,place_00113,Ita Soposurung Hotel,hotel,2,"Ada shower, air panas, TV, Wifi, teras",internet_sinyal,toilet|internet_sinyal,A01,yes,
resto-hotel-v2_002001::c002,resto-hotel-v2_002001,place_00113,Ita Soposurung Hotel,hotel,2,Makanan nya enak,makanan,makanan,A01,yes,
resto-hotel-v2_002001::c004,resto-hotel-v2_002001,place_00113,Ita Soposurung Hotel,hotel,4,Pekerja nya Ramah,pelayanan,pelayanan,A01,yes,
resto-hotel-v2_002015::c000,resto-hotel-v2_002015,place_00113,Ita Soposurung Hotel,hotel,0,"Kamar sangat jorok,tidak dibersihkan setiap hari nya,makanan tidak enak dan beberapa kali pesan makanan salah menu,lokasi kamar sangat dekat dengan cafe jadi sangat berisik didalam kamar ,staf tidak ramah",akomodasi|harga|kebersihan|keramaian|makanan|pelayanan,kebersihan|pelayanan|makanan|akomodasi|keramaian,A01,yes,
resto-hotel-v2_002068::c002,resto-hotel-v2_002068,place_00270,Tabo Cottages,hotel,2,A private passenger ferry from Pitapat picks and drops off right at the property,transportasi,transportasi,A01,yes,
resto-hotel-v2_002070::c000,resto-hotel-v2_002070,place_00270,Tabo Cottages,hotel,0,Excellent for foreigners especially for travel group or FIT coming from European Market,transportasi,none,A01,yes,"'travel group' konteks, bukan transportasi"
resto-hotel-v2_002073::c001,resto-hotel-v2_002073,place_00270,Tabo Cottages,hotel,1,If you arrive on foot you can take a small ferry to be delivered to the hotel directly from the lake,akomodasi|pemandangan|transportasi,transportasi|akomodasi,A01,yes,Tidak ada pemandangan
resto-hotel-v2_002100::c001,resto-hotel-v2_002100,place_00270,Tabo Cottages,hotel,1,"Located in lively Tuk Tuk, not far from ferry terminal",transportasi,transportasi,A01,yes,
resto-hotel-v2_002150::c005,resto-hotel-v2_002150,place_00270,Tabo Cottages,hotel,5,"location is good, ferry drops u off right there",transportasi,transportasi,A01,yes,
resto-hotel-v2_002153::c002,resto-hotel-v2_002153,place_00270,Tabo Cottages,hotel,2,Segala sesuatu dari dapur terasa enak dan porsinya sangat murah hati,harga,makanan,A01,yes,"'murah hati' = porsi besar; 'dapur enak' = makanan, bukan harga"
resto-hotel-v2_002164::c000,resto-hotel-v2_002164,place_00270,Tabo Cottages,hotel,0,"Great hotel in Tuk Tuk, spacious rooms, garden and pool area, the best breakfast we had during our 3 weeks travel through Sumatra, very friendly staff & service also offering massage and tours (can recommend the discovery tour with Erik) - thanks Annette & team for the wonderful time and the beautiful place you created!",akomodasi|pelayanan|pemandangan|transportasi,pelayanan|makanan|akomodasi|fasilitas_umum,A01,yes,'travel' konteks; breakfast + pool = makanan + fasilitas
resto-hotel-v2_002166::c000,resto-hotel-v2_002166,place_00270,Tabo Cottages,hotel,0,"Tempat yang luar biasa di pulau Samosir, tempatnya sangat indah, area umum sangat terawat, makanan untuk orang Eropa enak, untuk makanan lokal lebih baik mencoba restoran di pulau itu karena rasanya lebih banyak",kebersihan|makanan,kebersihan|makanan|pemandangan,A01,yes,
resto-hotel-v2_002205::c000,resto-hotel-v2_002205,place_00270,Tabo Cottages,hotel,0,"Kamar OKE tidak ada komplen, kebersihan kamar dan toilet juga ok",akomodasi|harga|kebersihan|toilet,kebersihan|toilet|akomodasi,A01,yes,Tidak ada harga
resto-hotel-v2_002225::c001,resto-hotel-v2_002225,place_00270,Tabo Cottages,hotel,1,Kamar mandi luas,akomodasi|toilet,toilet|akomodasi,A01,yes,
resto-hotel-v2_002252::c000,resto-hotel-v2_002252,place_00270,Tabo Cottages,hotel,0,Jam tengah 3 kita reservasi tempat untuk istirahat menunggu jam kapal penyeberangan,transportasi,transportasi|jam_operasional,A01,yes,
resto-hotel-v2_002265::c001,resto-hotel-v2_002265,place_00270,Tabo Cottages,hotel,1,Sambutan yang ramah,pelayanan,pelayanan,A01,yes,
resto-hotel-v2_002373::c000,resto-hotel-v2_002373,place_00289,Toba Village inn,hotel,0,"Very rude staff, room had mold in it and breakfast was not good at all The coffee tasted like water",akomodasi|pelayanan,kebersihan|pelayanan|makanan|akomodasi,A01,yes,Rude staff + mold + bad breakfast
resto-hotel-v2_002439::c000,resto-hotel-v2_002439,place_00289,Toba Village inn,hotel,0,"The garden was beautiful, rooms are clean",kebersihan|pemandangan,kebersihan,A01,yes,
resto-hotel-v2_002455::c005,resto-hotel-v2_002455,place_00289,Toba Village inn,hotel,5,Anda bisa ke sjni menyebrang menggunakan kapal feri/ penyebrangan,transportasi,transportasi,A01,yes,
resto-hotel-v2_002471::c003,resto-hotel-v2_002471,place_00289,Toba Village inn,hotel,3,Udah gitu Harga kamarnya juga Mahal sekali,harga,harga,A01,yes,
resto-hotel-v2_002483::c001,resto-hotel-v2_002483,place_00289,Toba Village inn,hotel,1,Pelayanan juga ramah,pelayanan,pelayanan,A01,yes,
resto-hotel-v2_002570::c000,resto-hotel-v2_002570,place_00289,Toba Village inn,hotel,0,"Bersih,tempatnya nyaman",kebersihan,kebersihan,A01,yes,
resto-hotel-v2_002577::c001,resto-hotel-v2_002577,place_00289,Toba Village inn,hotel,1,Parkir cukup,parkir,parkir,A01,yes,
resto-hotel-v2_002608::c000,resto-hotel-v2_002608,place_00289,Toba Village inn,hotel,0,Harga terjangkau dengan view yg bagus bnget,harga|pemandangan,harga|pemandangan,A01,yes,
resto-hotel-v2_002616::c002,resto-hotel-v2_002616,place_00289,Toba Village inn,hotel,2,Staff nya juga ramah2,pelayanan,pelayanan,A01,yes,
resto-hotel-v2_002650::c000,resto-hotel-v2_002650,place_00289,Toba Village inn,hotel,0,Semuanya oke hanya satu yg kurang yaitu tempat parkir yang terbatas dan sempit,akses_jalan|harga|parkir,parkir,A01,yes,
resto-hotel-v2_002656::c002,resto-hotel-v2_002656,place_00289,Toba Village inn,hotel,2,makanan dari daging sapi nya keras banget,makanan,makanan,A01,yes,
resto-hotel-v2_002658::c000,resto-hotel-v2_002658,place_00289,Toba Village inn,hotel,0,"Clean, Quiet and Hospitality",kebersihan,kebersihan|pelayanan|keramaian,A01,yes,
resto-hotel-v2_002684::c001,resto-hotel-v2_002684,place_00217,Romlan Guesthouse,hotel,1,"Harganya terjangkau, kamarnya nyaman, pemandangannya indah (kapal feri mengantar kami sampai depan pintu), stafnya ramah, dan restorannya juga menyajikan makanan yang lezat",makanan|pelayanan|transportasi,transportasi|harga|pelayanan|makanan|akomodasi|pemandangan,A01,yes,Harga + kamar + pemandangan
resto-hotel-v2_002699::c002,resto-hotel-v2_002699,place_00217,Romlan Guesthouse,hotel,2,The ferry stops right next to the hotel,akomodasi|transportasi,transportasi|akomodasi,A01,yes,
resto-hotel-v2_002731::c000,resto-hotel-v2_002731,place_00217,Romlan Guesthouse,hotel,0,"Nice hotel with friendly, helpfull staff",akomodasi|pelayanan,pelayanan|akomodasi,A01,yes,
resto-hotel-v2_002748::c001,resto-hotel-v2_002748,place_00217,Romlan Guesthouse,hotel,1,"Tempatnya nyaman dan asri, tamannya terawat, dan makanan di restorannya lezat",kebersihan|makanan,kebersihan|makanan|pemandangan,A01,yes,
resto-hotel-v2_002750::c003,resto-hotel-v2_002750,place_00217,Romlan Guesthouse,hotel,3,"Lokasinya strategis, akses langsung dengan feri menyeberangi perairan",akses_jalan,akses_jalan,A01,yes,
resto-hotel-v2_002760::c001,resto-hotel-v2_002760,place_00217,Romlan Guesthouse,hotel,1,Staff are really helpful and friendly,pelayanan,pelayanan,A01,yes,
resto-hotel-v2_002765::c001,resto-hotel-v2_002765,place_00217,Romlan Guesthouse,hotel,1,Mereka membantu kami dengan transportasi dari Medan ke Samosir dan bahkan menyewakan sepeda motor untuk berkeliling pulau,pelayanan|transportasi,transportasi|parkir,A01,yes,
resto-hotel-v2_002766::c001,resto-hotel-v2_002766,place_00217,Romlan Guesthouse,hotel,1,Mereka membantu kami dengan transportasi dari Medan ke Samosir dan bahkan menyewakan sepeda motor untuk berkeliling pulau,pelayanan|transportasi,transportasi|parkir,A01,yes,
resto-hotel-v2_002794::c000,resto-hotel-v2_002794,place_00217,Romlan Guesthouse,hotel,0,"Tempat menginap yang sangat nyaman, kamar mandi bersama sangat cocok untuk harga dan lokasi",akomodasi|harga|toilet,toilet|harga|akomodasi,A01,yes,
resto-hotel-v2_002804::c007,resto-hotel-v2_002804,place_00217,Romlan Guesthouse,hotel,7,"Sang ratu menawarkan lebih banyak privasi, kamar mandi yang lebih baik, lebih cerah, dan tampaknya lebih baru direnovasi daripada kamar-kamar yang lebih mahal dengan pemandangan danau",akomodasi|harga|pemandangan|toilet,toilet|harga|akomodasi|pemandangan,A01,yes,
resto-hotel-v2_002818::c003,resto-hotel-v2_002818,place_00217,Romlan Guesthouse,hotel,3,"selain itu, ini adalah hotel yang bagus dengan makanan enak dan staf yang ramah",akomodasi|makanan|pelayanan,pelayanan|makanan|akomodasi,A01,yes,
resto-hotel-v2_002833::c000,resto-hotel-v2_002833,place_00217,Romlan Guesthouse,hotel,0,Tempat menginap terbaik di Samosir bagi mereka yang mencari kualitas tinggi dengan harga terjangkau,harga,harga|akomodasi,A01,yes,
resto-hotel-v2_002836::c001,resto-hotel-v2_002836,place_00072,Carolina Hotel,hotel,1,Murah asyik,harga,harga,A01,yes,
resto-hotel-v2_002886::c001,resto-hotel-v2_002886,place_00072,Carolina Hotel,hotel,1,"hampir semua tempat di danau ini memiliki pemandangan seperti itu • Mereka meminjamkan kami pisau untuk membuat makanan bayi • Anda dapat memesan melalui nomor WhatsApp mereka, dan mereka akan membawakan makanan ke rumah Anda Yang buruk • Mereka lupa membersihkan toilet (kencing di dudukan toilet) • Ada banyak debu • Suara AC sangat keras sehingga terdengar seperti sedang terjadi badai di luar • Ujung tajam pada kunci pintu, melukai saya • Bukan kesalahan hotel",akomodasi|makanan|pemandangan|toilet,kebersihan|toilet|makanan|akomodasi|pemandangan,A01,yes,Membersihkan = kebersihan
resto-hotel-v2_002895::c000,resto-hotel-v2_002895,place_00072,Carolina Hotel,hotel,0,"Sangat menyebalkan terlalu bnyak pearturan gk rekomended sma sekali pelayanananya gk ramah sama sekali, bayar hotel mahal-mahal",akomodasi|harga|pelayanan,harga|pelayanan|akomodasi,A01,yes,
resto-hotel-v2_002896::c000,resto-hotel-v2_002896,place_00072,Carolina Hotel,hotel,0,2024/08 Kamar ber-AC serasa baru saja direnovasi,akomodasi,akomodasi,A01,yes,
resto-hotel-v2_002928::c002,resto-hotel-v2_002928,place_00072,Carolina Hotel,hotel,2,Kamar mandinya luas (dengan pancuran terpisah) dan terasnya digunakan bersama tetangga,akomodasi,akomodasi,A01,yes,
resto-hotel-v2_002933::c000,resto-hotel-v2_002933,place_00072,Carolina Hotel,hotel,0,"Pelayanan, kamar, keamanan, makanannya mantap",akomodasi|pelayanan,pelayanan|makanan|akomodasi|keamanan,A01,yes,Pelayanan + kamar + keamanan + makanan
resto-hotel-v2_002941::c000,resto-hotel-v2_002941,place_00072,Carolina Hotel,hotel,0,"Kalau ke parapat, selalu nyebrang naik kapal singgah ke sini",transportasi,transportasi,A01,yes,
resto-hotel-v2_002946::c000,resto-hotel-v2_002946,place_00072,Carolina Hotel,hotel,0,Saya kesini naik akses kapal dari tigaraja Parapat menuju ke hotel langsung,akomodasi|akses_jalan|transportasi,akses_jalan|transportasi|akomodasi,A01,yes,
resto-hotel-v2_002946::c001,resto-hotel-v2_002946,place_00072,Carolina Hotel,hotel,1,"Untuk harga dgn fasilitas sesuai, sarapan paginya enak , view-nya juga indah , lokasi parkir luas,untuk berlibur dengan keluarga sangat di rekomendasikan disini",harga|parkir|pemandangan,parkir|harga|makanan|fasilitas_umum|pemandangan|aksesibilitas,A01,yes,
resto-hotel-v2_002973::c001,resto-hotel-v2_002973,place_00072,Carolina Hotel,hotel,1,"A rustic Hotel by the lake, and in a beautiful and quiet area",akomodasi|pemandangan,toilet,A01,yes,"Kamar mandi luas = toilet, bukan akomodasi"
resto-hotel-v2_002983::c002,resto-hotel-v2_002983,place_00072,Carolina Hotel,hotel,2,"Rasa makanannya biasa aja, harga makanannya sedang ga terlalu mahal untuk ukuran hotel",akomodasi|harga,harga|makanan|akomodasi,A01,yes,
resto-hotel-v2_003048::c000,resto-hotel-v2_003048,place_00072,Carolina Hotel,hotel,0,Toilet jorok Fasilitas toiletnya rusak Bbrp kamar kumuh tampilannya,akomodasi|harga|kebersihan|toilet,kebersihan|toilet|akomodasi,A01,yes,Tidak ada harga
resto-hotel-v2_003101::c000,resto-hotel-v2_003101,place_00293,TOPI TAO HOMESTAY PANGURURAN (KAWASAN WATERFRONT CITY),hotel,0,Aman dan nyaman utk penginapan keluarga,keamanan,akomodasi|keamanan|aksesibilitas,A01,yes,
resto-hotel-v2_003119::c000,resto-hotel-v2_003119,place_00102,Hotel and Restaurant Singgalang,hotel,0,Owner baik sekali dan & ramah,pelayanan,pelayanan,A01,yes,
resto-hotel-v2_003159::c000,resto-hotel-v2_003159,place_00286,Thyesza Hotel Resort,hotel,0,"jalan masuk sebaiknya diperbaiki pintu kurang rapat, masih ada cela untuk mengintip menu breakfast krg bervariatif pemandangan oke (pool menghadap Toba) kolam renang agak kotor ac dingin",akomodasi|akses_jalan|harga|kebersihan|makanan|pemandangan,akses_jalan|kebersihan|makanan|akomodasi|fasilitas_umum|pemandangan,A01,yes,
resto-hotel-v2_003188::c001,resto-hotel-v2_003188,place_00286,Thyesza Hotel Resort,hotel,1,"It is around 5 minutes drive from Ambarita Ferry Terminal, a ferry terminal that connects Samosir Island to Ajibata, Parapat town",transportasi,transportasi,A01,yes,
resto-hotel-v2_003224::c003,resto-hotel-v2_003224,place_00286,Thyesza Hotel Resort,hotel,3,The toilet doors could not lock as well,toilet,toilet,A01,yes,
resto-hotel-v2_003226::c001,resto-hotel-v2_003226,place_00286,Thyesza Hotel Resort,hotel,1,receptionist dan staff juga sangat helpfully,pelayanan,pelayanan,A01,yes,
resto-hotel-v2_003228::c001,resto-hotel-v2_003228,place_00286,Thyesza Hotel Resort,hotel,1,Staff are very friendly and welcoming,pelayanan,pelayanan,A01,yes,
resto-hotel-v2_003237::c000,resto-hotel-v2_003237,place_00286,Thyesza Hotel Resort,hotel,0,Alhamdulillah setelah bingung cari2 Hotel Pilihan jatuh ke sini (krna ulasan google bagus2),akomodasi,akomodasi,A01,yes,
resto-hotel-v2_003238::c003,resto-hotel-v2_003238,place_00286,Thyesza Hotel Resort,hotel,3,Kamar bersih dan amenities lengkap,akomodasi|kebersihan,kebersihan|akomodasi,A01,yes,
resto-hotel-v2_003242::c000,resto-hotel-v2_003242,place_00286,Thyesza Hotel Resort,hotel,0,"Hotel terbaik, pelayanan ramah dan sangat membantu",akomodasi|pelayanan,pelayanan|akomodasi,A01,yes,
resto-hotel-v2_003243::c000,resto-hotel-v2_003243,place_00286,Thyesza Hotel Resort,hotel,0,"Kamar Hotel Bagus, Halaman untuk acara Kegiatan juga cukup bagus",akomodasi,akomodasi,A01,yes,
resto-hotel-v2_003259::c000,resto-hotel-v2_003259,place_00286,Thyesza Hotel Resort,hotel,0,Nice to see sunrise from this hotel,akomodasi,akomodasi|fasilitas_umum,A01,yes,Kamar + halaman acara = akomodasi + fasilitas
resto-hotel-v2_003290::c003,resto-hotel-v2_003290,place_00286,Thyesza Hotel Resort,hotel,3,kamar nya juga bersih dan suasana hotel yang sangat,akomodasi|kebersihan,kebersihan|akomodasi,A01,yes,
resto-hotel-v2_003328::c000,resto-hotel-v2_003328,place_00286,Thyesza Hotel Resort,hotel,0,"Recommended buat keluarga menginap , budget tidak terlalu tinggi , fasilitas bagus & air panas hidup terus",akomodasi,toilet|akomodasi|fasilitas_umum|aksesibilitas,A01,yes,
resto-hotel-v2_003380::c008,resto-hotel-v2_003380,place_00029,Bagus Bay Guest House,hotel,8,"Kamar-kamarnya pada dasarnya penuh nyamuk, terletak di sebelah kamar mandi bersama yang darinya berbagai macam bau masuk",akomodasi|harga|kebersihan|keramaian|toilet,kebersihan|toilet|akomodasi,A01,yes,Nyamuk + kamar + kamar mandi bau; bukan harga/keramaian
resto-hotel-v2_003384::c000,resto-hotel-v2_003384,place_00029,Bagus Bay Guest House,hotel,0,"Pengalaman yang sangat buruk, tidak ada air di kamar mandi, tidak ada tirai di kamar, staf tidak responsif dan sangat tidak dapat bekerja (botol bir dan piring masih tergeletak dari hari sebelumnya di teras yang berfungsi sebagai restoran pada jam 7 pagi) Saya tidak merekomendasikannya",akomodasi|harga|makanan|pelayanan|toilet,toilet|pelayanan|makanan|akomodasi,A01,yes,Tidak ada harga
resto-hotel-v2_003397::c002,resto-hotel-v2_003397,place_00029,Bagus Bay Guest House,hotel,2,"Kamarnya tepat di sebelah toilet dan kamar mandi bersama, yang keduanya selalu bocor dan tampak kurang bersih",akomodasi|harga|kebersihan|toilet,kebersihan|toilet|akomodasi,A01,yes,Tidak ada harga
resto-hotel-v2_003400::c005,resto-hotel-v2_003400,place_00029,Bagus Bay Guest House,hotel,5,"Area umum juga tidak lebih baik: meja biliar reyot, dan furnitur tua yang sangat berdebu di mana-mana (TV CRT, komputer yang sudah tidak terpakai, dekorasi Natal yang sepertinya belum pernah dipindahkan)",kebersihan,kebersihan,A01,yes,
resto-hotel-v2_003408::c001,resto-hotel-v2_003408,place_00029,Bagus Bay Guest House,hotel,1,Kamar yang saya dapatkan sama sekali tidak seperti yang ditampilkan di foto-foto online,akomodasi|harga,akomodasi,A01,yes,
resto-hotel-v2_003414::c002,resto-hotel-v2_003414,place_00029,Bagus Bay Guest House,hotel,2,"Stafnya, begitu Anda check-in, mereka terlihat dan memperlakukan Anda seperti berkepala dua, Anda harus meminta handuk yang disambut dengan tatapan yang sama, Anda harus meminta tisu toilet di kamar pribadi Anda dengan toilet",akomodasi|toilet,toilet|pelayanan|akomodasi,A01,yes,Staf = pelayanan
resto-hotel-v2_003424::c000,resto-hotel-v2_003424,place_00029,Bagus Bay Guest House,hotel,0,"Kamar yg sdh kami booking sdh diberikan ke org lain, hmpr 1 jam kami cari2 petugas hotel (ferry sandar jam 01.00 mlm) susah krn ybs tdk stand by di hotel",akomodasi|harga|transportasi,transportasi|pelayanan|akomodasi|jam_operasional,A01,yes,Jam 01.00 + staf tidak standby; tidak ada harga
resto-hotel-v2_003439::c002,resto-hotel-v2_003439,place_00029,Bagus Bay Guest House,hotel,2,Restoran mereka juga menyediakan banyak makanan lezat,makanan,makanan,A01,yes,
resto-hotel-v2_003449::c000,resto-hotel-v2_003449,place_00029,Bagus Bay Guest House,hotel,0,"lokasi nya sangat bagus dan terdapat halaman yang luas, ada permainan seperti biliard yang ditawarkan bagi pengunjung, terdapat cafe dan restaurant disini, lahan parkir yang luas penjaganya sangat ramah dan helpful saya rasa penginapan ini cocok untuk backpacker atau solo trip secara keseluruhan oke",makanan|parkir|pelayanan,parkir|pelayanan|makanan|akomodasi,A01,yes,
resto-hotel-v2_003466::c002,resto-hotel-v2_003466,place_00029,Bagus Bay Guest House,hotel,2,"Meskipun air panasnya agak bermasalah untuk kamar mandi, ada kamar mandi alternatif di bagian belakang hotel, jadi minta saja untuk menggunakannya",akomodasi|toilet,toilet|akomodasi,A01,yes,
resto-hotel-v2_003473::c000,resto-hotel-v2_003473,place_00029,Bagus Bay Guest House,hotel,0,"Lokasinya dapat dicapai dengan berjalan kaki dari Pelabuhan Sosor Galung, tempat kapal Tiga Raja dari Parapat (Rp15.000 sekali jalan) beroperasi",akses_jalan|transportasi,akses_jalan|transportasi|harga,A01,yes,Rp15.000 = harga
resto-hotel-v2_003473::c001,resto-hotel-v2_003473,place_00029,Bagus Bay Guest House,hotel,1,"Sekarang, ada banyak perusahaan kapal yang beroperasi di berbagai pelabuhan di sisi Samosir",transportasi,transportasi,A01,yes,
resto-hotel-v2_003489::c000,resto-hotel-v2_003489,place_00240,Rumah Makan Panca,restoran,0,Enak,lainnya,makanan,A01,yes,
resto-hotel-v2_003532::c000,resto-hotel-v2_003532,place_00240,Rumah Makan Panca,restoran,0,"Makanannya enak , daging panggangnya tdk keras/alot☺☺ RM ini ternyata sdh sangat dikenal di seputaran Balige krn kami tahu RM ini krn bertanya kpd warga setempat",lainnya,makanan,A01,yes,
resto-hotel-v2_003561::c000,resto-hotel-v2_003561,place_00240,Rumah Makan Panca,restoran,0,Pelayanan mantap Recommended babi panggang aja,pelayanan,pelayanan|makanan,A01,yes,
resto-hotel-v2_003589::c005,resto-hotel-v2_003589,place_00240,Rumah Makan Panca,restoran,5,kamar mandi bersih,akomodasi|kebersihan|toilet,kebersihan|toilet,A01,yes,Restoran; bukan akomodasi
resto-hotel-v2_003598::c002,resto-hotel-v2_003598,place_00240,Rumah Makan Panca,restoran,2,Dan selalu Ramai Pengunjung,keramaian,keramaian,A01,yes,
resto-hotel-v2_003628::c000,resto-hotel-v2_003628,place_00109,Hutanta Cafe,restoran,0,"Menu oke, pelayanan oke, parkir oke👍 hargapun oke",parkir|pelayanan,parkir|pelayanan|makanan,A01,yes,
resto-hotel-v2_003654::c000,resto-hotel-v2_003654,place_00109,Hutanta Cafe,restoran,0,Tempatnya asik Menu banyak dan harga sesuai porsi lah Yg digambar > mie kuah daging sapi,harga|makanan,harga|makanan,A01,yes,
resto-hotel-v2_003704::c001,resto-hotel-v2_003704,place_00283,Tepi Danau Bistro,restoran,1,"Pelayanan baik, cuma pesanan agak lama datang nya, mungkin karena lagi ramai",keramaian|pelayanan,pelayanan|keramaian,A01,yes,
resto-hotel-v2_003727::c001,resto-hotel-v2_003727,place_00283,Tepi Danau Bistro,restoran,1,"Lokasi di tepi danau toba, makan dengan suasana yang tenang",keramaian|makanan,makanan|pemandangan|keramaian,A01,yes,
resto-hotel-v2_003736::c000,resto-hotel-v2_003736,place_00283,Tepi Danau Bistro,restoran,0,"Pelayanan kurang ramah, durasi pesanan lama untuk kondisi tidak ramai di hari biasa, gausah pesan hot plate dianter ny udah dingin, mau bayar ga bisa cancel pesanan yg belum diantar padahal sudah di reminder berkali2 sampai sejam lebih dan baru buat setelah bayar terpaksa nunggu lagi, gada SOP nya, pelayanan kurang tertata dan tidak ramah tanpa rasa bersalah",keramaian|pelayanan,pelayanan|makanan|keramaian,A01,yes,Pelayanan + hot plate dingin + tidak ramai; 'sampai sejam' bukan akses_jalan
resto-hotel-v2_003743::c001,resto-hotel-v2_003743,place_00283,Tepi Danau Bistro,restoran,1,"pelayanannya kurang, karna saya juga lulusan f&b service, saya sangat kecewa waktu itu di tgl 17/02/2025, saya sudah biasa pesan ice cafe late butterscocth, dan pas saya coba yg hr itu eh gak ada expressonya, jadi saya panggil waiter/s ny, dan mreka iakan komplain saya",makanan|pelayanan,pelayanan|makanan,A01,yes,
resto-hotel-v2_003753::c000,resto-hotel-v2_003753,place_00283,Tepi Danau Bistro,restoran,0,Makanan lama datengnya,makanan,pelayanan|makanan,A01,yes,
resto-hotel-v2_003755::c000,resto-hotel-v2_003755,place_00283,Tepi Danau Bistro,restoran,0,"Tempatnya nyaman, bersih dan aman Cocok untuk ngumpul keluarga & teman Harga cukup terjangkau & menu cukup lengkap",harga|keamanan|kebersihan,kebersihan|harga|makanan|keamanan|aksesibilitas,A01,yes,
resto-hotel-v2_003757::c009,resto-hotel-v2_003757,place_00283,Tepi Danau Bistro,restoran,9,pelayanan dan suasana karyawannya sungguh mengecewakan,pelayanan,pelayanan,A01,yes,
resto-hotel-v2_003760::c000,resto-hotel-v2_003760,place_00283,Tepi Danau Bistro,restoran,0,tgl 5/1/25 kemarin makan bersama keluarga ditempat ini,makanan,makanan|aksesibilitas,A01,yes,
resto-hotel-v2_003793::c000,resto-hotel-v2_003793,place_00283,Tepi Danau Bistro,restoran,0,Pesanan makanan datangnya lama,makanan,pelayanan|makanan,A01,yes,
resto-hotel-v2_003798::c000,resto-hotel-v2_003798,place_00283,Tepi Danau Bistro,restoran,0,"Suasananya, sebut dengan musik yg santai",lainnya,none,A01,yes,
resto-hotel-v2_003826::c003,resto-hotel-v2_003826,place_00283,Tepi Danau Bistro,restoran,3,"Biar kebersihan lebih di perhatikan, kamar mandi nya jorok, bau, saluran air banyak puntung rokok dan rambut rambut dan toilet duduk nya berkerak",akomodasi|harga|kebersihan|toilet,kebersihan|toilet,A01,yes,Restoran; tidak ada harga
resto-hotel-v2_003855::c000,resto-hotel-v2_003855,place_00283,Tepi Danau Bistro,restoran,0,"Musik nya kayak tempat dugem, berisik, sangat tdk rekomendasi klo ingin nongkrong dan berbicara",keramaian,pelayanan|keramaian,A01,yes,
resto-hotel-v2_003924::c000,resto-hotel-v2_003924,place_00132,Leon Cafe,restoran,0,"Ikan asam manisnya enak poll, ikan bakar The best, selalu rindu mau nongkrong di Leon Cafe.👍👍",lainnya,makanan,A01,yes,
resto-hotel-v2_003977::c000,resto-hotel-v2_003977,place_00242,Rumah Makan Pondok Salero,restoran,0,"Untuk cita rasa makanan ini cukup enak dan layanannya juga cukup ramah, model prasmanan, kita bebas pilih lauk yg di inginkan, kunjungan kita saat itu suasana tidak ramai dan santai",keramaian|makanan|pelayanan,pelayanan|makanan|keramaian,A01,yes,
resto-hotel-v2_003984::c000,resto-hotel-v2_003984,place_00089,Family Resto,restoran,0,Makanannya enak dan harga terjangkau,harga,harga|makanan,A01,yes,
resto-hotel-v2_004009::c002,resto-hotel-v2_004009,place_00089,Family Resto,restoran,2,Mungkin pemiliknya bisa memperbaiki minumannya,lainnya,makanan,A01,yes,Perbaikan minuman = makanan
resto-hotel-v2_004009::c005,resto-hotel-v2_004009,place_00089,Family Resto,restoran,5,Porsi makanannya juga banyak,lainnya,makanan,A01,yes,
resto-hotel-v2_004029::c001,resto-hotel-v2_004029,place_00089,Family Resto,restoran,1,pertahankan rasa makanan dan pelayanan👍👍💪,makanan|pelayanan,pelayanan|makanan,A01,yes,
resto-hotel-v2_004033::c000,resto-hotel-v2_004033,place_00089,Family Resto,restoran,0,"Rekomendasi banget sih, makanan nya enak free wifi, mantap"", pas depan danau toba lagi, mantap sih mantap",internet_sinyal|makanan,harga|pelayanan|makanan|pemandangan|internet_sinyal,A01,yes,
resto-hotel-v2_004049::c000,resto-hotel-v2_004049,place_00122,Kedai Bakmi Bahagia,restoran,0,No television nor wifi,internet_sinyal,internet_sinyal,A01,yes,
resto-hotel-v2_004052::c013,resto-hotel-v2_004052,place_00122,Kedai Bakmi Bahagia,restoran,13,"Marah-marah pakai bahasa Batak, dikira kami gak ngerti",lainnya,pelayanan,A01,yes,"Keluhan marah-marah staf = pelayanan, bukan budaya"
resto-hotel-v2_004101::c006,resto-hotel-v2_004101,place_00329,Kedai Bakmi Bahagia Sukaria,hotel_resto,6,Layak untuk kembali ketika melewati Balige!,lainnya,none,A01,yes,
resto-hotel-v2_004155::c000,resto-hotel-v2_004155,place_00222,Rumah Dimsum Balige,restoran,0,Lokasinya bagus dan parkir juga gampang,parkir,parkir,A01,yes,
resto-hotel-v2_004155::c001,resto-hotel-v2_004155,place_00222,Rumah Dimsum Balige,restoran,1,"Makanan dan minumannya enak, rasanya kayak masakan rumahan",makanan,makanan,A01,yes,
resto-hotel-v2_004156::c000,resto-hotel-v2_004156,place_00222,Rumah Dimsum Balige,restoran,0,Makanan Enak dan Harga Sangat Terjangkau,harga|makanan,harga|makanan,A01,yes,
resto-hotel-v2_004161::c000,resto-hotel-v2_004161,place_00222,Rumah Dimsum Balige,restoran,0,"Udang nya bau amis dan tidak fresh, jadinya saya hanya cicip 1 dan tidak lanjut makan lagi daripada saya sakit Terlalu semua Minuman terlalu manis Makanan juga terlalu asin",kebersihan|makanan,kebersihan|makanan,A01,yes,
resto-hotel-v2_004245::c000,resto-hotel-v2_004245,place_00232,Rumah Makan Khas Karo Tambar Lihe,restoran,0,Pencinta makanan tradisional Batak ayo merapat!!!!!,budaya|makanan,makanan,A01,yes,"'Batak' mendeskripsikan jenis makanan, bukan budaya"
resto-hotel-v2_004306::c003,resto-hotel-v2_004306,place_00073,Chinese Food Gemar,restoran,3,Harga juga lumayan,harga,harga,A01,yes,
resto-hotel-v2_004306::c005,resto-hotel-v2_004306,place_00073,Chinese Food Gemar,restoran,5,Kebersihan agak kek mana gitu,lainnya,kebersihan,A01,yes,
resto-hotel-v2_004333::c001,resto-hotel-v2_004333,place_00073,Chinese Food Gemar,restoran,1,Masakan Chinese food yang terkenal di kota ini,makanan,makanan,A01,yes,
resto-hotel-v2_004358::c005,resto-hotel-v2_004358,place_00285,The Deck Balige Restaurant Lounge,restoran,5,Ohaloooo super menyebalkan sampe saya gemeter saking kesalnya,lainnya,none,A01,yes,
resto-hotel-v2_004358::c006,resto-hotel-v2_004358,place_00285,The Deck Balige Restaurant Lounge,restoran,6,Pelayanan lambat dan not recomendeddd,pelayanan,pelayanan,A01,yes,
resto-hotel-v2_004361::c001,resto-hotel-v2_004361,place_00285,The Deck Balige Restaurant Lounge,restoran,1,Harga makanya juga masi standart cafe,harga,harga|makanan,A01,yes,
resto-hotel-v2_004397::c002,resto-hotel-v2_004397,place_00036,Balige Seafood,restoran,2,Semoga kualitas yang baik terus dipertahankan dan bisa di tingkatkan lebih lagi 🤍,lainnya,none,A01,yes,
resto-hotel-v2_004421::c000,resto-hotel-v2_004421,place_00207,Rm Gumarang,restoran,0,"Rest area bagi armada travel di kota Balige, rekomendasi ikan mas arsik dan kopi susu",transportasi,transportasi|makanan,A01,yes,Ikan mas arsik + kopi = makanan
resto-hotel-v2_004448::c004,resto-hotel-v2_004448,place_00131,Leo'S Restaurant,restoran,4,Exploring the island with him felt more like spending time with a friend than being on a tour,lainnya,none,A01,yes,
resto-hotel-v2_004477::c000,resto-hotel-v2_004477,place_00131,Leo'S Restaurant,restoran,0,"Masakannya enak..bumbu ikan meresap.ditambah pemiliknya pak leo super ramah skali..bagi yg dtg ke samosir tuk tuk..wajib coba, butuh travel guide, bapaknya bisa..serba bisa & ada 😁",pelayanan|transportasi,pelayanan|makanan,A01,yes,'travel guide' = pelayanan; masakan enak = makanan
resto-hotel-v2_004478::c000,resto-hotel-v2_004478,place_00131,Leo'S Restaurant,restoran,0,Makan malam yang luar biasa nikmat,makanan,makanan,A01,yes,'makan malam' bukan jam_operasional
resto-hotel-v2_004487::c001,resto-hotel-v2_004487,place_00131,Leo'S Restaurant,restoran,1,penjualnya juga ramaah dan baikk,lainnya,pelayanan,A01,yes,Pujian 'ramah dan baik' terhadap penjual = pelayanan
resto-hotel-v2_004509::c002,resto-hotel-v2_004509,place_00131,Leo'S Restaurant,restoran,2,Pelayanan yang sangat ramah!,pelayanan,pelayanan,A01,yes,
resto-hotel-v2_004556::c000,resto-hotel-v2_004556,place_00131,Leo'S Restaurant,restoran,0,Makanan memuaskan,makanan,makanan,A01,yes,
resto-hotel-v2_004594::c000,resto-hotel-v2_004594,place_00131,Leo'S Restaurant,restoran,0,"Lovely waiter, good food, best place in town",makanan,pelayanan|makanan,A01,yes,
resto-hotel-v2_004613::c000,resto-hotel-v2_004613,place_00131,Leo'S Restaurant,restoran,0,Good,lainnya,none,A01,yes,
resto-hotel-v2_004635::c000,resto-hotel-v2_004635,place_00131,Leo'S Restaurant,restoran,0,Lobster Toba & ayam napinadarnya enak,lainnya,makanan,A01,yes,
resto-hotel-v2_004639::c000,resto-hotel-v2_004639,place_00131,Leo'S Restaurant,restoran,0,"We travel around in tuktuk and then we decided to try the grill fish, so we search it up in google and found this place sell the grill fish",transportasi,makanan,A01,yes,'travel around' konteks; grill fish = makanan
resto-hotel-v2_004649::c000,resto-hotel-v2_004649,place_00204,Restoran Tabo Toko Roti Dan Sangrai Kopi,restoran,0,Nice bakery hidden in the cottage,lainnya,makanan,A01,yes,"Bakery = makanan, bukan akomodasi"
resto-hotel-v2_004666::c002,resto-hotel-v2_004666,place_00204,Restoran Tabo Toko Roti Dan Sangrai Kopi,restoran,2,Kopi yang enak dan kue yang enak!,lainnya,makanan,A01,yes,
resto-hotel-v2_004667::c005,resto-hotel-v2_004667,place_00204,Restoran Tabo Toko Roti Dan Sangrai Kopi,restoran,5,Pemandangan cottagenya bagus,pemandangan,pemandangan,A01,yes,
resto-hotel-v2_004669::c003,resto-hotel-v2_004669,place_00204,Restoran Tabo Toko Roti Dan Sangrai Kopi,restoran,3,Bisa pesan makanan vegetarian,makanan,makanan,A01,yes,
resto-hotel-v2_004673::c004,resto-hotel-v2_004673,place_00204,Restoran Tabo Toko Roti Dan Sangrai Kopi,restoran,4,Recommend for spending ur vacation here,lainnya,none,A01,yes,
resto-hotel-v2_004678::c003,resto-hotel-v2_004678,place_00204,Restoran Tabo Toko Roti Dan Sangrai Kopi,restoran,3,Service was very friendly and good setting,pelayanan,pelayanan,A01,yes,
resto-hotel-v2_004682::c001,resto-hotel-v2_004682,place_00117,Joe'S Restaurant,restoran,1,Makanannya sangat enak karena Oli menyiapkan makan malam untuk kami sesuai permintaan dan rasanya lezat!,makanan,makanan,A01,yes,'makan malam' konteks waktu; bukan jam_operasional
resto-hotel-v2_004688::c001,resto-hotel-v2_004688,place_00117,Joe'S Restaurant,restoran,1,Keluarganya menggemaskan dan pemilik restoran sangat membantu,pelayanan,pelayanan,A01,yes,
resto-hotel-v2_004705::c000,resto-hotel-v2_004705,place_00117,Joe'S Restaurant,restoran,0,Good bbq and super nice people!,lainnya,pelayanan|makanan,A01,yes,BBQ (makanan) + nice people (pelayanan)
resto-hotel-v2_004705::c001,resto-hotel-v2_004705,place_00117,Joe'S Restaurant,restoran,1,I suggest the bbq fish which is amazing!,lainnya,makanan,A01,yes,Rekomendasi ikan bakar = makanan
resto-hotel-v2_004710::c000,resto-hotel-v2_004710,place_00117,Joe'S Restaurant,restoran,0,Makanannya enak dan Owner-nya ramah,pelayanan,pelayanan|makanan,A01,yes,
resto-hotel-v2_004715::c000,resto-hotel-v2_004715,place_00117,Joe'S Restaurant,restoran,0,Makanannya sangat lezat dan banyak pilihan,lainnya,makanan,A01,yes,
resto-hotel-v2_004716::c000,resto-hotel-v2_004716,place_00117,Joe'S Restaurant,restoran,0,Ikan bakarnya jossss,lainnya,makanan,A01,yes,
resto-hotel-v2_004725::c000,resto-hotel-v2_004725,place_00290,Today'S Cafe,restoran,0,Amazing food and even better service!,makanan|pelayanan,pelayanan|makanan,A01,yes,
resto-hotel-v2_004728::c002,resto-hotel-v2_004728,place_00290,Today'S Cafe,restoran,2,Karyawan juga sangat ramah dan sopan,pelayanan,pelayanan,A01,yes,
resto-hotel-v2_004745::c000,resto-hotel-v2_004745,place_00290,Today'S Cafe,restoran,0,Nice restaurant and friendly service,makanan|pelayanan,pelayanan|makanan,A01,yes,
resto-hotel-v2_004752::c000,resto-hotel-v2_004752,place_00290,Today'S Cafe,restoran,0,The food is very much different from what you get in other of the usual warungs/restaurants,makanan,makanan,A01,yes,
resto-hotel-v2_004755::c002,resto-hotel-v2_004755,place_00290,Today'S Cafe,restoran,2,Semua ini dengan harga yang sangat terjangkau,harga,harga,A01,yes,
resto-hotel-v2_004776::c002,resto-hotel-v2_004776,place_00290,Today'S Cafe,restoran,2,"Pukul 16.30, sangat lelah, kami sampai dan bisa makan enak",makanan,akses_jalan|makanan,A01,yes,
resto-hotel-v2_004803::c002,resto-hotel-v2_004803,place_00290,Today'S Cafe,restoran,2,"Pelayanan bagus, wifi",internet_sinyal|pelayanan,pelayanan|internet_sinyal,A01,yes,
resto-hotel-v2_004818::c000,resto-hotel-v2_004818,place_00290,Today'S Cafe,restoran,0,Restoran yang bagus dengan makanan yang benar-benar lezat,makanan,makanan,A01,yes,
resto-hotel-v2_004832::c000,resto-hotel-v2_004832,place_00290,Today'S Cafe,restoran,0,Tempat yang fantastis dengan staf yang ramah dan makanan lezat!,makanan|pelayanan,pelayanan|makanan,A01,yes,
resto-hotel-v2_004833::c000,resto-hotel-v2_004833,place_00290,Today'S Cafe,restoran,0,"Great place, delicious food and kind staff",makanan|pelayanan,pelayanan|makanan,A01,yes,
resto-hotel-v2_004837::c001,resto-hotel-v2_004837,place_00290,Today'S Cafe,restoran,1,"Staf super ramah, penuh perhatian, penuh perhatian yang berbicara bahasa Inggris dengan baik",keramaian|pelayanan,pelayanan|keramaian,A01,yes,
resto-hotel-v2_004849::c001,resto-hotel-v2_004849,place_00290,Today'S Cafe,restoran,1,WiFi working well,internet_sinyal,internet_sinyal,A01,yes,
resto-hotel-v2_004862::c000,resto-hotel-v2_004862,place_00078,Damasus Nataboan Resto,restoran,0,Perjuangan makan ke sini harus siap melewati jalan sempit dan terjal yang muat untuk 1 mobil,akses_jalan|makanan,akses_jalan|parkir|makanan,A01,yes,
resto-hotel-v2_004881::c004,resto-hotel-v2_004881,place_00078,Damasus Nataboan Resto,restoran,4,Pemandangan dan suasana alam ditempat makannya luar biasa indah dan bersih,kebersihan|pemandangan,kebersihan|pemandangan,A01,yes,
resto-hotel-v2_004887::c001,resto-hotel-v2_004887,place_00078,Damasus Nataboan Resto,restoran,1,Harga makanannya lumayan,harga,harga,A01,yes,
resto-hotel-v2_004891::c000,resto-hotel-v2_004891,place_00078,Damasus Nataboan Resto,restoran,0,"Lebih baik gunakan perahu untuk makan di sini, jangan menggunakan mobil",makanan,transportasi|parkir|makanan,A01,yes,
resto-hotel-v2_004891::c001,resto-hotel-v2_004891,place_00078,Damasus Nataboan Resto,restoran,1,Jalan sangat sempit,akses_jalan,akses_jalan,A01,yes,
resto-hotel-v2_004897::c000,resto-hotel-v2_004897,place_00078,Damasus Nataboan Resto,restoran,0,"Singkat saja, restoran ini pelayanannya sangat buruk",makanan,pelayanan,A01,yes,"Pelayanan sangat buruk = pelayanan, bukan none"
resto-hotel-v2_004930::c000,resto-hotel-v2_004930,place_00078,Damasus Nataboan Resto,restoran,0,"Resto dipinggir Danau Toba, kalau akses naik mobil cukup menantang karena jalannya kecil dan menurun cukup tajam, cuma kemarin kami kesini naik kapal pinisi jadi langsung sampai restonya",akses_jalan|transportasi,akses_jalan|transportasi|parkir|makanan|pemandangan,A01,yes,
resto-hotel-v2_004930::c005,resto-hotel-v2_004930,place_00078,Damasus Nataboan Resto,restoran,5,"lumayan bersih, wc nya juga lumayan bersih",kebersihan|toilet,kebersihan|toilet,A01,yes,
resto-hotel-v2_004938::c000,resto-hotel-v2_004938,place_00078,Damasus Nataboan Resto,restoran,0,"Suasananya nyaman, makanan enak, cuma jalan menuju resto yg sempit bila ada 2 mobil berselisihan, harus ada 1 yg mengalah ke pinggir dulu",akses_jalan|makanan,akses_jalan|parkir|makanan,A01,yes,
resto-hotel-v2_004954::c000,resto-hotel-v2_004954,place_00078,Damasus Nataboan Resto,restoran,0,"Suasana boleh oke, tp pelayanan lambat, makanan gak lengkap",makanan|pelayanan,pelayanan|makanan,A01,yes,
resto-hotel-v2_004955::c001,resto-hotel-v2_004955,place_00078,Damasus Nataboan Resto,restoran,1,"untuk pelayanan nya sangat kuranggg baik, saya dan keluarga hampir 1 jam lebih menunggu makanan tidak juga kunjung datang, makanan sudah datang eh piring untuk makan nya tidak datang-datang, malahan ibu saya yang datang turun ke dapur membawa piring sendiri, belum lagi sesudah makan, minum tak kunjung juga datang, kita sudah effort untuk datang dan turun dengan jalan yg cukup curam",akses_jalan|makanan|pelayanan,akses_jalan|pelayanan|makanan|jam_operasional|aksesibilitas,A01,yes,
resto-hotel-v2_004959::c002,resto-hotel-v2_004959,place_00078,Damasus Nataboan Resto,restoran,2,You can drive down to patra jasa from the main road or rent a ferry from anywhere around samosir to get here,transportasi,akses_jalan|transportasi,A01,yes,
resto-hotel-v2_005023::c006,resto-hotel-v2_005023,place_00137,Maruba Restaurant,restoran,6,"I suspect it came from andaliman, the famous Batak ""magic spice"" – similar to Sichuan pepper",lainnya,makanan,A01,yes,"Andaliman bumbu masakan = makanan, bukan budaya"
resto-hotel-v2_005039::c003,resto-hotel-v2_005039,place_00137,Maruba Restaurant,restoran,3,The garlic bread were two slices of sandwich bread with some garlic,lainnya,makanan,A01,yes,Garlic bread = membahas makanan
resto-hotel-v2_005045::c000,resto-hotel-v2_005045,place_00137,Maruba Restaurant,restoran,0,"Menu banyak berubah, rasa tetap sama sangat enak",makanan,makanan,A01,yes,
resto-hotel-v2_005058::c003,resto-hotel-v2_005058,place_00137,Maruba Restaurant,restoran,3,"Gaëlle & Loïc, orang Prancis di atas kapal",transportasi,transportasi,A01,yes,
resto-hotel-v2_005070::c001,resto-hotel-v2_005070,place_00137,Maruba Restaurant,restoran,1,The food was very good and well prepared,makanan,makanan,A01,yes,
resto-hotel-v2_005079::c002,resto-hotel-v2_005079,place_00137,Maruba Restaurant,restoran,2,Both dishes were delicious!,lainnya,makanan,A01,yes,
resto-hotel-v2_005101::c001,resto-hotel-v2_005101,place_00023,Alyssa Restaurant Pizza,restoran,1,"You can also rent a motorbike, use wash-machine or ask for any questions",lainnya,transportasi|fasilitas_umum,A01,yes,Sewa motor (transportasi) + mesin cuci (fasilitas)
resto-hotel-v2_005134::c006,resto-hotel-v2_005134,place_00023,Alyssa Restaurant Pizza,restoran,6,"Also free WiFi, FYI",internet_sinyal,harga|internet_sinyal,A01,yes,
resto-hotel-v2_005136::c004,resto-hotel-v2_005136,place_00023,Alyssa Restaurant Pizza,restoran,4,"Di dapur tertutup, istri dan anak perempuan pemilik bekerja keras untuk menyiapkan semua hidangan enak dan lezat lainnya",pemandangan,pelayanan|makanan,A01,yes,'anak perempuan' bukan aksesibilitas
resto-hotel-v2_005173::c001,resto-hotel-v2_005173,place_00116,Jenny'S Restaurant,restoran,1,Restorannya nyaman dan Rendang Daging Sapinya luar biasa,lainnya,makanan,A01,yes,
resto-hotel-v2_005179::c002,resto-hotel-v2_005179,place_00116,Jenny'S Restaurant,restoran,2,Staf yang ramah dan WiFi tersedia,internet_sinyal|pelayanan,pelayanan|internet_sinyal,A01,yes,
resto-hotel-v2_005198::c001,resto-hotel-v2_005198,place_00116,Jenny'S Restaurant,restoran,1,Terlalu lama menunggu,jam_operasional,pelayanan,A01,yes,"'lama menunggu' = pelayanan lambat, bukan jam operasional"
resto-hotel-v2_005203::c002,resto-hotel-v2_005203,place_00116,Jenny'S Restaurant,restoran,2,layanannya agak mengecewakan,pelayanan,pelayanan,A01,yes,"'layanannya mengecewakan' = pelayanan, bukan none"
resto-hotel-v2_005204::c019,resto-hotel-v2_005204,place_00116,Jenny'S Restaurant,restoran,19,"Jika Anda menyukai makanan cepat saji, mungkin Mac Donald's lebih cocok untuk Anda",makanan|pelayanan,makanan,A01,yes,
resto-hotel-v2_005206::c001,resto-hotel-v2_005206,place_00116,Jenny'S Restaurant,restoran,1,Restorannya ramai jadi butuh beberapa saat untuk mendapatkan makanan,keramaian|makanan,makanan|keramaian,A01,yes,
resto-hotel-v2_005229::c000,resto-hotel-v2_005229,place_00116,Jenny'S Restaurant,restoran,0,We dined in this small restaurant as a small travel group,makanan|transportasi,makanan,A01,yes,"'travel group' konteks, bukan transportasi"
resto-hotel-v2_005280::c000,resto-hotel-v2_005280,place_00116,Jenny'S Restaurant,restoran,0,Nice food and amazing attention!,makanan,makanan,A01,yes,
resto-hotel-v2_005284::c001,resto-hotel-v2_005284,place_00116,Jenny'S Restaurant,restoran,1,overpriced for what they serve,harga,harga,A01,yes,
resto-hotel-v2_005295::c001,resto-hotel-v2_005295,place_00116,Jenny'S Restaurant,restoran,1,Banyak pilihan makanan dengan harga terjangkau,harga|makanan,harga|makanan,A01,yes,
resto-hotel-v2_005312::c007,resto-hotel-v2_005312,place_00116,Jenny'S Restaurant,restoran,7,"ketika pelayan membuka tutup botolnya, bibirnya pecah",jam_operasional,none,A01,yes,"'tutup botol' = tutup botol, bukan jam operasional"
resto-hotel-v2_005312::c008,resto-hotel-v2_005312,place_00116,Jenny'S Restaurant,restoran,8,dia tetap menyajikannya kepada saya setelah mengambil pecahan kaca di lantai,lainnya,kebersihan|pelayanan,A01,yes,Keluhan pelayanan (menyajikan pecahan kaca) + kebersihan
resto-hotel-v2_005339::c003,resto-hotel-v2_005339,place_00047,Biwa Cafe 26 Resto,restoran,3,Toilet cukup bersih 4,kebersihan|toilet,kebersihan|toilet,A01,yes,
resto-hotel-v2_005339::c009,resto-hotel-v2_005339,place_00047,Biwa Cafe 26 Resto,restoran,9,Parkir luas dan gratis,harga|parkir,parkir|harga,A01,yes,
resto-hotel-v2_005357::c001,resto-hotel-v2_005357,place_00047,Biwa Cafe 26 Resto,restoran,1,View bagus,pemandangan,pemandangan,A01,yes,
resto-hotel-v2_005370::c005,resto-hotel-v2_005370,place_00047,Biwa Cafe 26 Resto,restoran,5,Cantik!,pemandangan,pemandangan,A01,yes,
resto-hotel-v2_005378::c000,resto-hotel-v2_005378,place_00047,Biwa Cafe 26 Resto,restoran,0,Suasanan enak di puncak dan view langsung liat danau toba,pemandangan,pemandangan,A01,yes,'enak suasana' bukan makanan
resto-hotel-v2_005396::c002,resto-hotel-v2_005396,place_00047,Biwa Cafe 26 Resto,restoran,2,"Layanan baik, staff sangat ramah dan membantu",pelayanan,pelayanan,A01,yes,
resto-hotel-v2_005443::c000,resto-hotel-v2_005443,place_00047,Biwa Cafe 26 Resto,restoran,0,"Awal ke resto makanan nya enak, kali kedua kesini rasa nya berubah total",makanan,makanan,A01,yes,
resto-hotel-v2_005450::c000,resto-hotel-v2_005450,place_00047,Biwa Cafe 26 Resto,restoran,0,"Tempatnya nyaman ada indoor & outdoor, area parkir luas",parkir,parkir,A01,yes,
resto-hotel-v2_005462::c004,resto-hotel-v2_005462,place_00047,Biwa Cafe 26 Resto,restoran,4,bisa diberi pewangi kamar mandi,akomodasi|toilet,toilet,A01,yes,Resto; kamar mandi bukan akomodasi
resto-hotel-v2_005473::c000,resto-hotel-v2_005473,place_00047,Biwa Cafe 26 Resto,restoran,0,Jika di perkenan kan...ter khusus orang2 yg melintas antar kota..boleh di perpanjang waktu untuk buka resto nya...sampai pagi atau 24 jam...terima kasih...karena resto nya luas parkir dan menu makanan banyak pilihan nya dan enak,makanan|parkir,akses_jalan|parkir|makanan|jam_operasional,A01,yes,
resto-hotel-v2_005495::c000,resto-hotel-v2_005495,place_00047,Biwa Cafe 26 Resto,restoran,0,"Suasana cafe nilai 8/10 bersih, sejuk, hijau",kebersihan,kebersihan|makanan|pemandangan,A01,yes,
resto-hotel-v2_005512::c000,resto-hotel-v2_005512,place_00047,Biwa Cafe 26 Resto,restoran,0,"Parkir Luas,Kebersihan Terjaga Pelayanan Sangat Ramah Baru Masuk Langsung Disambut Mantabb😇",parkir|pelayanan,parkir|kebersihan|pelayanan,A01,yes,
resto-hotel-v2_005534::c000,resto-hotel-v2_005534,place_00224,Rumah Makan Holong Ni Dainang,restoran,0,"Anda perlu banyak kesabaran, makanannya butuh waktu satu jam untuk disiapkan",lainnya,pelayanan,A01,yes,"Lama masak = pelayanan lambat, bukan jam operasional"
resto-hotel-v2_005539::c001,resto-hotel-v2_005539,place_00224,Rumah Makan Holong Ni Dainang,restoran,1,Staf sangat ramah dan membantu dan membuat saya merasa betah di sana,pelayanan,pelayanan,A01,yes,
resto-hotel-v2_005548::c000,resto-hotel-v2_005548,place_00224,Rumah Makan Holong Ni Dainang,restoran,0,Cocok dengan rasa sausnya,lainnya,makanan,A01,yes,
resto-hotel-v2_005551::c000,resto-hotel-v2_005551,place_00224,Rumah Makan Holong Ni Dainang,restoran,0,"Babi panggangnya enak (kalau porsinya kecil), dan ikan bakarnya (porsinya besar - ya sesuai harga)",harga,harga|makanan,A01,yes,
resto-hotel-v2_005558::c000,resto-hotel-v2_005558,place_00218,Rosalie'S Beer Garden And Restaurant,restoran,0,Salah satu tempat makan terbaik di sekitar Danau Toba!,makanan,makanan|pemandangan,A01,yes,
resto-hotel-v2_005561::c003,resto-hotel-v2_005561,place_00218,Rosalie'S Beer Garden And Restaurant,restoran,3,"Ini baru permulaan, dia memasak makanan sesuai pesanan dengan penuh semangat, kami memesan kari ayam yang dibuat segar dan luar biasa, rasanya lezat dan porsinya pas!",keramaian|makanan,makanan,A01,yes,'penuh semangat/cita rasa' bukan keramaian; membahas makanan
resto-hotel-v2_005564::c000,resto-hotel-v2_005564,place_00218,Rosalie'S Beer Garden And Restaurant,restoran,0,"Saya baru saja makan ikan asam manis, sungguh luar biasa!!!",makanan,makanan,A01,yes,
resto-hotel-v2_005598::c002,resto-hotel-v2_005598,place_00218,Rosalie'S Beer Garden And Restaurant,restoran,2,Ikan bakarnya sempurna dan disajikan dengan sayuran kukus!,lainnya,makanan,A01,yes,
resto-hotel-v2_005598::c004,resto-hotel-v2_005598,place_00218,Rosalie'S Beer Garden And Restaurant,restoran,4,Kami juga melihat hidangan lain yang dibuatnya dan semuanya terlihat sangat lezat dan dibuat dengan penuh cinta!,keramaian,makanan|keramaian,A01,yes,
resto-hotel-v2_005613::c002,resto-hotel-v2_005613,place_00218,Rosalie'S Beer Garden And Restaurant,restoran,2,Teras yang indah dan tenang,keramaian,pemandangan|keramaian,A01,yes,
resto-hotel-v2_005624::c002,resto-hotel-v2_005624,place_00218,Rosalie'S Beer Garden And Restaurant,restoran,2,Pilihan yang bagus untuk para vegetarian dan pecinta daging,lainnya,makanan,A01,yes,
resto-hotel-v2_005633::c000,resto-hotel-v2_005633,place_00299,Warung Butet'S,restoran,0,Delicious nasi goreng!,lainnya,makanan,A01,yes,
resto-hotel-v2_005636::c002,resto-hotel-v2_005636,place_00299,Warung Butet'S,restoran,2,Saya merekomendasikan ☺️,lainnya,none,A01,yes,
resto-hotel-v2_005642::c000,resto-hotel-v2_005642,place_00299,Warung Butet'S,restoran,0,Restoran kecil yang cantik dan bersih tanpa cela ini (sekarang bernama Tobay) sungguh luar biasa!,kebersihan|pemandangan,kebersihan|pemandangan,A01,yes,
resto-hotel-v2_005651::c000,resto-hotel-v2_005651,place_00299,Warung Butet'S,restoran,0,Makanan lokal yang cukup enak,makanan,makanan,A01,yes,
resto-hotel-v2_005657::c000,resto-hotel-v2_005657,place_00299,Warung Butet'S,restoran,0,Milik Leokap Homestay dan berada tepat di seberang homestay,akomodasi,akomodasi,A01,yes,
resto-hotel-v2_005662::c003,resto-hotel-v2_005662,place_00265,Solu Bolon Cafe And Resto,restoran,3,"Saat di sampaikan ke pelayanya, alangkah terkejutnya kami ketika pelayan itu menanyakan, "" ada berapa yg basi kak?"" Berarti dia dengan kesadaran penuh memberi makanan basi",keramaian|makanan,pelayanan|makanan|keramaian,A01,yes,
resto-hotel-v2_005665::c002,resto-hotel-v2_005665,place_00265,Solu Bolon Cafe And Resto,restoran,2,Servisnya juga cepat,pelayanan,pelayanan,A01,yes,"'Servisnya cepat' = pelayanan, bukan none"
resto-hotel-v2_005667::c001,resto-hotel-v2_005667,place_00265,Solu Bolon Cafe And Resto,restoran,1,Disini makanan nya top markotop,makanan,makanan,A01,yes,
resto-hotel-v2_005700::c000,resto-hotel-v2_005700,place_00265,Solu Bolon Cafe And Resto,restoran,0,tempatng keren sangat astetik,pemandangan,none,A01,yes,
resto-hotel-v2_005706::c000,resto-hotel-v2_005706,place_00265,Solu Bolon Cafe And Resto,restoran,0,pelayanan buruk,pelayanan,pelayanan,A01,yes,
resto-hotel-v2_005732::c000,resto-hotel-v2_005732,place_00076,D'View Cafe And Resto,restoran,0,"Jika Anda ingin makan atau minum di lingkungan yang tenang dan bersih, di sinilah tempatnya di Tomok, menu enak dan banyak pilihan semua yang diinginkan, saya pergi ke sini 3 kali seminggu",kebersihan|keramaian|makanan,kebersihan|makanan|keramaian,A01,yes,
resto-hotel-v2_005737::c000,resto-hotel-v2_005737,place_00076,D'View Cafe And Resto,restoran,0,"Makanan/minumanya enak pelayanannya ramah, tempat asik bisa karaoke dan Viewnya langsung menghadap danau toba 👍👍👍",makanan|pelayanan,pelayanan|makanan|pemandangan,A01,yes,
resto-hotel-v2_005762::c001,resto-hotel-v2_005762,place_00233,Rumah Makan Lomak,restoran,1,"kali ini saya ingin benar2 explore , pas sore2 kelilling naik sepeda motor, rata2 resto cafe rumah makan sepi semua",keramaian|makanan,makanan|keramaian,A01,yes,Resto cafe sepi = keramaian; naik motor bukan parkir
resto-hotel-v2_005775::c001,resto-hotel-v2_005775,place_00233,Rumah Makan Lomak,restoran,1,bagiku ini kemahalan untuk versi warung,harga,harga|makanan,A01,yes,
resto-hotel-v2_005779::c000,resto-hotel-v2_005779,place_00233,Rumah Makan Lomak,restoran,0,mantap cmn tmpt parkir aja yg sulit enak rekomend ikan panggang sama babi gorengnya,akses_jalan|harga|parkir,parkir|makanan,A01,yes,
resto-hotel-v2_005811::c005,resto-hotel-v2_005811,place_00233,Rumah Makan Lomak,restoran,5,Don't come here!,lainnya,none,A01,yes,
resto-hotel-v2_005819::c001,resto-hotel-v2_005819,place_00233,Rumah Makan Lomak,restoran,1,"harga sesuai ikan masnya besar, 1 cukup untuk 2 orang, start 45000, babi gorengnya juga enak., daun ubi juga enak",harga,harga|makanan,A01,yes,
resto-hotel-v2_005829::c003,resto-hotel-v2_005829,place_00233,Rumah Makan Lomak,restoran,3,ramai sekali,keramaian,keramaian,A01,yes,
resto-hotel-v2_005834::c000,resto-hotel-v2_005834,place_00233,Rumah Makan Lomak,restoran,0,"Tempat makan lokal, dengan pelayanan yang baik",makanan|pelayanan,pelayanan|makanan,A01,yes,
resto-hotel-v2_005851::c003,resto-hotel-v2_005851,place_00233,Rumah Makan Lomak,restoran,3,"Adonannya kental dan basi, memberikan tekstur yang sangat tidak enak sehingga agak sakit untuk dikunyah",lainnya,makanan,A01,yes,
resto-hotel-v2_005879::c001,resto-hotel-v2_005879,place_00233,Rumah Makan Lomak,restoran,1,"makanannya overall not bad lar, ikan arsiknya bumbunya mantap 👍",lainnya,makanan,A01,yes,
resto-hotel-v2_005885::c001,resto-hotel-v2_005885,place_00233,Rumah Makan Lomak,restoran,1,Food is very good,makanan,makanan,A01,yes,
resto-hotel-v2_005891::c001,resto-hotel-v2_005891,place_00233,Rumah Makan Lomak,restoran,1,Populer di kalangan pejabat setempat,lainnya,none,A01,yes,
resto-hotel-v2_005892::c000,resto-hotel-v2_005892,place_00233,Rumah Makan Lomak,restoran,0,Langganan makan disini setiap ke Samosir,makanan,makanan,A01,yes,
resto-hotel-v2_005968::c001,resto-hotel-v2_005968,place_00197,Putra Kembar Coffee Shop 26 Resto,restoran,1,Tempat bagus dan banyak,lainnya,none,A01,yes,
resto-hotel-v2_005972::c000,resto-hotel-v2_005972,place_00197,Putra Kembar Coffee Shop 26 Resto,restoran,0,"pelayanan kurang ramah, rasa makanan keasinan terimakasi",makanan|pelayanan,pelayanan|makanan,A01,yes,
resto-hotel-v2_006006::c001,resto-hotel-v2_006006,place_00197,Putra Kembar Coffee Shop 26 Resto,restoran,1,setiap kali kesini masa air yg di Bawah mati terus..mana Bauk lagi kamar mandi bawah,akomodasi|toilet,kebersihan|toilet,A01,yes,Restoran; 'Bauk' = bau/kebersihan
resto-hotel-v2_006018::c006,resto-hotel-v2_006018,place_00197,Putra Kembar Coffee Shop 26 Resto,restoran,6,"Banyak oleh-oleh juga yang di sediakan, semua tergantung porsi ya",oleh_oleh,makanan|oleh_oleh,A01,yes,
resto-hotel-v2_006035::c004,resto-hotel-v2_006035,place_00197,Putra Kembar Coffee Shop 26 Resto,restoran,4,Tempat makan yang murah,harga|makanan,harga|makanan,A01,yes,
resto-hotel-v2_006040::c000,resto-hotel-v2_006040,place_00197,Putra Kembar Coffee Shop 26 Resto,restoran,0,Tempat bagus,lainnya,none,A01,yes,
resto-hotel-v2_006066::c002,resto-hotel-v2_006066,place_00197,Putra Kembar Coffee Shop 26 Resto,restoran,2,Mines nya itu sih padahal kariyawan nya ramai,keramaian,keramaian,A01,yes,
resto-hotel-v2_006091::c001,resto-hotel-v2_006091,place_00197,Putra Kembar Coffee Shop 26 Resto,restoran,1,tidak ada yang istimewa,lainnya,none,A01,yes,
resto-hotel-v2_006094::c000,resto-hotel-v2_006094,place_00197,Putra Kembar Coffee Shop 26 Resto,restoran,0,"tempat pinggir danau toba, makanan biasa aja dan harga agak di atas rata2, buka 24 jam suasanan pagi s/d sore di saranakan datang",harga|jam_operasional|makanan,harga|makanan|jam_operasional|pemandangan,A01,yes,
resto-hotel-v2_006119::c001,resto-hotel-v2_006119,place_00315,Yolanda Restaurant,restoran,1,Stafnya ramah dan membantu kami mengatur transportasi,pelayanan|transportasi,transportasi|pelayanan,A01,yes,
resto-hotel-v2_006146::c001,resto-hotel-v2_006146,place_00315,Yolanda Restaurant,restoran,1,Pemandangan yang bagus!,pemandangan,pemandangan,A01,yes,
resto-hotel-v2_006148::c000,resto-hotel-v2_006148,place_00315,Yolanda Restaurant,restoran,0,Itu tempat yang bagus dengan pemandangan ke danau Toba,pemandangan,pemandangan,A01,yes,
resto-hotel-v2_006163::c000,resto-hotel-v2_006163,place_00256,Sekapur Sirih,restoran,0,"Kita datang utk makan malam,ber 4 sma suami n 2 orng anak",makanan,makanan,A01,yes,'makan malam' konteks; '2 anak' bukan aksesibilitas; bukan jam_operasional
resto-hotel-v2_006166::c000,resto-hotel-v2_006166,place_00256,Sekapur Sirih,restoran,0,Makanannya lezat di sini,lainnya,makanan,A01,yes,
resto-hotel-v2_006166::c001,resto-hotel-v2_006166,place_00256,Sekapur Sirih,restoran,1,Terutama ikan bakarnya,lainnya,makanan,A01,yes,
resto-hotel-v2_006185::c001,resto-hotel-v2_006185,place_00256,Sekapur Sirih,restoran,1,Saya dan keluarga saya ingin makan malam yang menyenangkan ketika kami menemukan restoran ini,makanan,makanan,A01,yes,'keluarga' konteks; 'makan malam' bukan jam_operasional; bukan aksesibilitas
resto-hotel-v2_006185::c002,resto-hotel-v2_006185,place_00256,Sekapur Sirih,restoran,2,Saya masuk dulu untuk cek menu dan dikasih menu indonesia (saya lokal),lainnya,makanan,A01,yes,
resto-hotel-v2_006190::c012,resto-hotel-v2_006190,place_00256,Sekapur Sirih,restoran,12,Other menu choices like Arsik-style Fish and Chicken Na Pinadar also present tempting flavors,lainnya,makanan,A01,yes,
resto-hotel-v2_006216::c011,resto-hotel-v2_006216,place_00256,Sekapur Sirih,restoran,11,Sungguh RESTORAN YG TIDAK RAMAH PADA CUSTOMER dan TIDAK RAMAH ANAK,aksesibilitas|makanan|pelayanan,pelayanan|aksesibilitas,A01,yes,
resto-hotel-v2_006217::c000,resto-hotel-v2_006217,place_00256,Sekapur Sirih,restoran,0,"Pertama kali ke sini, tempat sudah tutup padahal belum jam tutup (menurut Google Maps)",jam_operasional,jam_operasional,A01,yes,
resto-hotel-v2_006217::c001,resto-hotel-v2_006217,place_00256,Sekapur Sirih,restoran,1,"Kami tanya ke koki (mungkin owner) apa masih bisa pesan, dia jawab ketus bilang tempatnya tutup tanpa melihat ke arah kami",jam_operasional,pelayanan|jam_operasional,A01,yes,
resto-hotel-v2_006228::c000,resto-hotel-v2_006228,place_00126,La Pinus Damasus Bistro 26 Resto,restoran,0,"kayaa ga niat jualan, baru ajaa dtg jam 9 berapaa menit lgsung di kasih bil katanyaa mau tutup, kalo emg mau closingan yaa di bilangg duluan jangan uda mesen cuma beberapa menit lgsung di bilang mau closing, pesanan pun belum pada di makan ujung"" nyaa kebuang, buruk bgt ni cafe wkwkwkw",jam_operasional|makanan,makanan|jam_operasional,A01,yes,
resto-hotel-v2_006229::c002,resto-hotel-v2_006229,place_00126,La Pinus Damasus Bistro 26 Resto,restoran,2,Masak makan tanpa nasi,makanan,makanan,A01,yes,
resto-hotel-v2_006229::c003,resto-hotel-v2_006229,place_00126,La Pinus Damasus Bistro 26 Resto,restoran,3,Yang bener brooo,lainnya,none,A01,yes,
resto-hotel-v2_006230::c000,resto-hotel-v2_006230,place_00126,La Pinus Damasus Bistro 26 Resto,restoran,0,"Sangat tak happy Visited on 31stMay25, on that day -coffee machine rosak, blender rosak - end up hanya boleh orde air kelapa yg masam Sotong celup tepung keras (guna sotong frozen) Goreng pisang nice View awesome Toilet bersih",kebersihan|pemandangan|toilet,kebersihan|toilet|makanan|pemandangan,A01,yes,"Air kelapa, sotong = makanan"
resto-hotel-v2_006240::c000,resto-hotel-v2_006240,place_00126,La Pinus Damasus Bistro 26 Resto,restoran,0,Saat sampai di tempat tutup,jam_operasional,akses_jalan|jam_operasional,A01,yes,
resto-hotel-v2_006255::c000,resto-hotel-v2_006255,place_00126,La Pinus Damasus Bistro 26 Resto,restoran,0,Sangat mengecewakan,pelayanan,none,A01,yes,
resto-hotel-v2_006276::c000,resto-hotel-v2_006276,place_00126,La Pinus Damasus Bistro 26 Resto,restoran,0,"Suasana cafe yang beda dengan cafe dipinggir danau Toba, spot foto bagus",fasilitas_umum,makanan|fasilitas_umum|pemandangan,A01,yes,
resto-hotel-v2_006296::c005,resto-hotel-v2_006296,place_00126,La Pinus Damasus Bistro 26 Resto,restoran,5,Jus pokat pahiitttt als GETIRRRR sekali mgkn diblender sekalian kulit2nya,lainnya,makanan,A01,yes,
resto-hotel-v2_006304::c001,resto-hotel-v2_006304,place_00126,La Pinus Damasus Bistro 26 Resto,restoran,1,"gak ada kualitas rasa Ya kalo soal tempat mmg oke untuk spot foto di cafe sangat Aestetic, namum kalo rasa dan pelayanan sangat buruk",fasilitas_umum|makanan|pelayanan,pelayanan|makanan|fasilitas_umum,A01,yes,
resto-hotel-v2_006373::c002,resto-hotel-v2_006373,place_00126,La Pinus Damasus Bistro 26 Resto,restoran,2,"Tempatnya jg unik, spot foto jg banyak tentunya, hahaa",fasilitas_umum,fasilitas_umum,A01,yes,
resto-hotel-v2_006403::c001,resto-hotel-v2_006403,place_00126,La Pinus Damasus Bistro 26 Resto,restoran,1,worth it,harga,harga,A01,yes,
resto-hotel-v2_006432::c000,resto-hotel-v2_006432,place_00243,Rumah Makan Rahmat,restoran,0,Tempat makan terbaik di TukTuk dan menurut saya di Sumatra,makanan,makanan,A01,yes,
resto-hotel-v2_006432::c001,resto-hotel-v2_006432,place_00243,Rumah Makan Rahmat,restoran,1,Pemandangan luar biasa dan makanan lezat dan MURAH!,harga|makanan|pemandangan,harga|makanan|pemandangan,A01,yes,
resto-hotel-v2_006444::c002,resto-hotel-v2_006444,place_00243,Rumah Makan Rahmat,restoran,2,Lokasi rumah makan di dekat tikungan tajam menukik sehinga bila membawa mobil harus parkir di parkiran rumah makan tetangga,makanan|parkir,akses_jalan|parkir|makanan,A01,yes,
resto-hotel-v2_006449::c004,resto-hotel-v2_006449,place_00243,Rumah Makan Rahmat,restoran,4,Pemandangan indah dan wifi,internet_sinyal|pemandangan,pemandangan|internet_sinyal,A01,yes,
resto-hotel-v2_006452::c004,resto-hotel-v2_006452,place_00138,Matahari Restaurant And Homestay,restoran,4,Kamar-kamar,akomodasi,akomodasi,A01,yes,
resto-hotel-v2_006456::c001,resto-hotel-v2_006456,place_00138,Matahari Restaurant And Homestay,restoran,1,"Ikan bakar, kari ayam, dan Gado Gado lezat dan layanannya ramah dan bersahabat",pelayanan,pelayanan|makanan,A01,yes,
resto-hotel-v2_006457::c001,resto-hotel-v2_006457,place_00138,Matahari Restaurant And Homestay,restoran,1,Kamarnya cukup besar dengan kipas angin dan kamar mandi pribadi,akomodasi|toilet,toilet|akomodasi,A01,yes,
resto-hotel-v2_006498::c002,resto-hotel-v2_006498,place_00026,Andrian Rumah Makan Nasional,restoran,2,Total harga Rp292.000 termasuk minuman,harga,harga|makanan,A01,yes,
resto-hotel-v2_006511::c000,resto-hotel-v2_006511,place_00026,Andrian Rumah Makan Nasional,restoran,0,"Makanannya enak dan tempatnya bersih, serta ramah",kebersihan|pelayanan,kebersihan|pelayanan|makanan,A01,yes,
resto-hotel-v2_006513::c000,resto-hotel-v2_006513,place_00026,Andrian Rumah Makan Nasional,restoran,0,Tempat menunggu kapal penyeberangan ke Pulau Samosir,transportasi,transportasi|jam_operasional,A01,yes,
resto-hotel-v2_006520::c000,resto-hotel-v2_006520,place_00026,Andrian Rumah Makan Nasional,restoran,0,Saya memberi restoran ini skor tertinggi dibandingkan restoran lain yang saya coba di pulau ini,lainnya,none,A01,yes,
resto-hotel-v2_006558::c013,resto-hotel-v2_006558,place_00280,Tataring Coffee 26 Resto,restoran,13,"Jika Anda ada di sana, ini adalah tempat yang tidak boleh dilewatkan!",lainnya,none,A01,yes,
resto-hotel-v2_006559::c005,resto-hotel-v2_006559,place_00280,Tataring Coffee 26 Resto,restoran,5,"Pelayanannya santai, agak lambat saat penuh",keramaian|pelayanan,pelayanan|keramaian,A01,yes,
resto-hotel-v2_006579::c000,resto-hotel-v2_006579,place_00280,Tataring Coffee 26 Resto,restoran,0,"Kami menyukai segalanya tentang tempat ini, mulai dari kopi mereka ('Sanger', minuman terbaik yang pernah Anda minum di Indonesia) hingga sarapan mereka (menyukai buah dan granola & roti panggang dengan guac dan egss) dan hidangan lokal & barat mereka",lainnya,makanan,A01,yes,
resto-hotel-v2_006610::c000,resto-hotel-v2_006610,place_00280,Tataring Coffee 26 Resto,restoran,0,Makanan enak (tradisional) dan jus segar,budaya|makanan,makanan,A01,yes,
resto-hotel-v2_006630::c001,resto-hotel-v2_006630,place_00280,Tataring Coffee 26 Resto,restoran,1,Kalau ke Samosir wajib mampir ke sini,lainnya,none,A01,yes,
resto-hotel-v2_006648::c000,resto-hotel-v2_006648,place_00280,Tataring Coffee 26 Resto,restoran,0,Enak banget nongkrong sambil dengerin live musik Kamis dan Sabtu malam Apa lagi variasi kopinya ..🤤😋,lainnya,makanan,A01,yes,"'Kamis dan Sabtu malam' konteks waktu, bukan jam operasional"
resto-hotel-v2_006657::c000,resto-hotel-v2_006657,place_00280,Tataring Coffee 26 Resto,restoran,0,Makanan yang benar-benar enak,makanan,makanan,A01,yes,
resto-hotel-v2_006686::c003,resto-hotel-v2_006686,place_00280,Tataring Coffee 26 Resto,restoran,3,Kalo siang di cafe ini juga cocok untuk kerja sambil bawa laptop krn tersedia wifi,internet_sinyal,makanan|jam_operasional|internet_sinyal,A01,yes,
resto-hotel-v2_006687::c000,resto-hotel-v2_006687,place_00280,Tataring Coffee 26 Resto,restoran,0,TIDAK DIANJURKAN!!,lainnya,none,A01,yes,
resto-hotel-v2_006722::c007,resto-hotel-v2_006722,place_00280,Tataring Coffee 26 Resto,restoran,7,Jika Anda tidak menyukai santapan lezat maka tempat ini mungkin bisa menjadi pilihan Anda,lainnya,makanan,A01,yes,
resto-hotel-v2_006760::c000,resto-hotel-v2_006760,place_00307,Widya Restaurant,restoran,0,Kadang bukan rasa (makanan) yang membuat kita ingin kembali ke tempat yang sama,makanan,makanan,A01,yes,
resto-hotel-v2_006763::c004,resto-hotel-v2_006763,place_00307,Widya Restaurant,restoran,4,"Lokasi dekat dengan hotel Mariana Resort, bisa dijangkau dengan jalan kaki",akomodasi|akses_jalan,akses_jalan|akomodasi,A01,yes,
resto-hotel-v2_006768::c001,resto-hotel-v2_006768,place_00307,Widya Restaurant,restoran,1,Saya akan singgah kembali jika datang ke tuktuk siadong lagi,lainnya,none,A01,yes,
resto-hotel-v2_006770::c000,resto-hotel-v2_006770,place_00307,Widya Restaurant,restoran,0,Cuman lewat aja,lainnya,none,A01,yes,
resto-hotel-v2_006771::c002,resto-hotel-v2_006771,place_00307,Widya Restaurant,restoran,2,Anda harus memesan tempat duduk dan melakukan pemesanan makanan terlebih dahulu,fasilitas_umum|makanan,makanan|fasilitas_umum,A01,yes,
resto-hotel-v2_006807::c000,resto-hotel-v2_006807,place_00307,Widya Restaurant,restoran,0,Kami memesan 1 porsi sup ayam yang rasanya cukup enak,lainnya,makanan,A01,yes,
resto-hotel-v2_006825::c000,resto-hotel-v2_006825,place_00307,Widya Restaurant,restoran,0,Super delicious,lainnya,makanan,A01,yes,
resto-hotel-v2_006836::c000,resto-hotel-v2_006836,place_00307,Widya Restaurant,restoran,0,"Menunggu makanan selama 1 jam, diminta menunggu satu jam lagi karena reservasi lebih diutamakan daripada pelanggan yang sudah ada di restoran",makanan,makanan|jam_operasional,A01,yes,
resto-hotel-v2_006849::c004,resto-hotel-v2_006849,place_00307,Widya Restaurant,restoran,4,"Wajib dicoba jika kalian liburan ke Samosir, jika hari libur sebaiknya dipesan sejam sebelum kedatangan karena hari libur tempatnya sangat ramai yg makan, jika tidak dipesan dulu sebelum datang bisa nunggu lama",keramaian|makanan,pelayanan|makanan|keramaian,A01,yes,
resto-hotel-v2_006851::c001,resto-hotel-v2_006851,place_00307,Widya Restaurant,restoran,1,Ada beberapa tempat parkir juga,parkir,parkir,A01,yes,
resto-hotel-v2_006854::c003,resto-hotel-v2_006854,place_00307,Widya Restaurant,restoran,3,kami tetap harus membayar penuh,keramaian,harga,A01,yes,"'tetap bayar penuh' = harga, bukan keramaian"
resto-hotel-v2_006920::c007,resto-hotel-v2_006920,place_00307,Widya Restaurant,restoran,7,"Namun sebaliknya, ini adalah salah satu masakan Indonesia yang disiapkan dengan susah payah, rempah-rempah, dan penuh dengan cita rasa kuliner dan keuletan!",keramaian|makanan,makanan,A01,yes,Masakan Indonesia rempah = makanan; 'penuh cita rasa' bukan keramaian
resto-hotel-v2_006938::c001,resto-hotel-v2_006938,place_00188,Poppy'S Restaurant 26 Guest House,restoran,1,"Mereka menyiapkan makanan dengan penuh cinta dan dari awal, yang memang butuh sedikit waktu",keramaian|makanan,makanan,A01,yes,'penuh cinta' bukan keramaian; makanan disiapkan lama
resto-hotel-v2_006944::c002,resto-hotel-v2_006944,place_00188,Poppy'S Restaurant 26 Guest House,restoran,2,"Itu tampak seperti penawaran terbaik karena semuanya sangat mahal, menurut standar Indonesia, bahkan kopinya",harga,harga,A01,yes,
resto-hotel-v2_006957::c004,resto-hotel-v2_006957,place_00188,Poppy'S Restaurant 26 Guest House,restoran,4,🧡 Dan pemandangan danau yang bagus,pemandangan,pemandangan,A01,yes,
resto-hotel-v2_006957::c007,resto-hotel-v2_006957,place_00188,Poppy'S Restaurant 26 Guest House,restoran,7,cukup masuk dan teriakkan halo,lainnya,none,A01,yes,
resto-hotel-v2_006964::c002,resto-hotel-v2_006964,place_00188,Poppy'S Restaurant 26 Guest House,restoran,2,Pemandangan danaunya juga indah,pemandangan,pemandangan,A01,yes,
resto-hotel-v2_007045::c000,resto-hotel-v2_007045,place_00055,Bpk Torang Dan Ikan Bakar,restoran,0,"Makanan enak, parkir luas, aman buat yg bawa mobil",keamanan|makanan|parkir,parkir|makanan|keamanan,A01,yes,
resto-hotel-v2_007058::c004,resto-hotel-v2_007058,place_00088,Elios - Rumah Makan Khas Batak,restoran,4,Harga yang terjangkau menjadikannya pilihan yang pas bagi para pengunjung yang ingin menikmati hidangan lezat tanpa harus merogoh kocek terlalu dalam,harga,harga|makanan,A01,yes,
resto-hotel-v2_007083::c000,resto-hotel-v2_007083,place_00088,Elios - Rumah Makan Khas Batak,restoran,0,Anda merasa betah dengan makanan lezat dan perlakuan baik dari Elizabeth dan Jek,makanan,pelayanan|makanan,A01,yes,Makanan lezat + perlakuan baik = makanan + pelayanan
resto-hotel-v2_007095::c001,resto-hotel-v2_007095,place_00088,Elios - Rumah Makan Khas Batak,restoran,1,"Di Google tertulis tutup jam 9 malam, tp kami sampai disana jam 9 lebih ternyata masih buka dan menu lumayan komplit (yg tdk ada hanya baby goreng dari pesanan kami) Cuma yg bawa anak kecil, susah krn tdk ada baby chair nya (kursi bayinya)",harga|jam_operasional|makanan,makanan|jam_operasional|aksesibilitas,A01,yes,'baby chair' = aksesibilitas; bukan harga
resto-hotel-v2_007100::c001,resto-hotel-v2_007100,place_00088,Elios - Rumah Makan Khas Batak,restoran,1,Kami 3 keluarga datang dari Bandung Palembang Jepang pada tgl 17 Agt 2024 jam 18.30 mau makan malam khas batak,makanan,makanan,A01,yes,'keluarga' konteks; 'jam 18.30' konteks waktu; 'batak' tipe makanan; bukan jam_operasional/aksesibilitas/budaya
resto-hotel-v2_007100::c004,resto-hotel-v2_007100,place_00088,Elios - Rumah Makan Khas Batak,restoran,4,1,lainnya,none,A01,yes,
resto-hotel-v2_007111::c001,resto-hotel-v2_007111,place_00088,Elios - Rumah Makan Khas Batak,restoran,1,Kami makan begitu cepat hingga lupa mengambil foto!,makanan|pelayanan,makanan,A01,yes,
resto-hotel-v2_007149::c000,resto-hotel-v2_007149,place_00088,Elios - Rumah Makan Khas Batak,restoran,0,"Pesanan lama,pesan minum sampe selesai makan minuman tidak ada",makanan,pelayanan|makanan,A01,yes,
resto-hotel-v2_007150::c006,resto-hotel-v2_007150,place_00088,Elios - Rumah Makan Khas Batak,restoran,6,This restaurant also has bad reviews regarding price honesty,harga|makanan,harga|makanan,A01,yes,
resto-hotel-v2_007157::c001,resto-hotel-v2_007157,place_00088,Elios - Rumah Makan Khas Batak,restoran,1,"Makanan yang sangat enak, ayam dan lobster",makanan,makanan,A01,yes,
resto-hotel-v2_007158::c000,resto-hotel-v2_007158,place_00088,Elios - Rumah Makan Khas Batak,restoran,0,Makanan enak,makanan,makanan,A01,yes,
resto-hotel-v2_007165::c001,resto-hotel-v2_007165,place_00088,Elios - Rumah Makan Khas Batak,restoran,1,"sangat kecewa, sebagian besar lemak, rawan dan potongan hati juga dimasak sore itu dan disimpan di bawah lampu panas",keamanan,makanan,A01,yes,"'Rawan' di sini tulang rawan (makanan), bukan keamanan"
resto-hotel-v2_007165::c004,resto-hotel-v2_007165,place_00088,Elios - Rumah Makan Khas Batak,restoran,4,tidak terlalu ramah,pelayanan,pelayanan,A01,yes,
resto-hotel-v2_007192::c000,resto-hotel-v2_007192,place_00215,Rm Siaek Mual,restoran,0,"Pelayanan yg prima,kamar rapi dan bersih,Parkiran yg nyaman dan luas,ada karaoke, outbound diarea Homestay,Free Wifi dan Ruangan utk Rombongan lengkap Fasilitas alat dapur❤️❤️",akomodasi|internet_sinyal|kebersihan|pelayanan,parkir|kebersihan|harga|pelayanan|akomodasi|fasilitas_umum|internet_sinyal,A01,yes,
resto-hotel-v2_007199::c003,resto-hotel-v2_007199,place_00215,Rm Siaek Mual,restoran,3,Ikan panggangnya juga istimewa karena disajikan dengan pasta tradisional (tombur) yang dibumbui dengan cabai schezuan,budaya,makanan,A01,yes,
resto-hotel-v2_007254::c001,resto-hotel-v2_007254,place_00263,Siny Siny Samosir,restoran,1,"Tempatnya strategis, bersih, pelayanannya ramah poll",kebersihan|pelayanan,kebersihan|pelayanan,A01,yes,
resto-hotel-v2_007286::c000,resto-hotel-v2_007286,place_00310,Wisata Bagot,restoran,0,Sudah telp ke sn dan blg mau ke sn tp gak d bilang tutup d tny kata na buka.jalan hancur dan menajak,akses_jalan|jam_operasional,akses_jalan|jam_operasional,A01,yes,
resto-hotel-v2_007287::c001,resto-hotel-v2_007287,place_00310,Wisata Bagot,restoran,1,Jalan menuju kesana sangat tidak layak,akses_jalan,akses_jalan,A01,yes,
resto-hotel-v2_007325::c003,resto-hotel-v2_007325,place_00356,Rumah Kreatif Guntur,hotel_resto,3,"Jangan takut kalau kebelet, karna disini dilengkapi toilet juga kok",toilet,toilet,A01,yes,
resto-hotel-v2_007326::c002,resto-hotel-v2_007326,place_00356,Rumah Kreatif Guntur,hotel_resto,2,Ada toilet dan parkir yang memadai,parkir|toilet,parkir|toilet,A01,yes,
resto-hotel-v2_007326::c005,resto-hotel-v2_007326,place_00356,Rumah Kreatif Guntur,hotel_resto,5,"Lokasi dekat dengan panatapan Tele, Air Terjun Efrata, Sibea-bea, Bukit Holbung dan Desa Wisata Hariara Pohan",budaya,none,A01,yes,Hanya daftar nama lokasi
resto-hotel-v2_007330::c000,resto-hotel-v2_007330,place_00356,Rumah Kreatif Guntur,hotel_resto,0,Tempat yg paling nyaman untuk healing dan mengenal budaya batak terutama alat musik batak♥️,budaya,budaya,A01,yes,
resto-hotel-v2_007334::c000,resto-hotel-v2_007334,place_00356,Rumah Kreatif Guntur,hotel_resto,0,Sangat nyaman dan aman,keamanan,keamanan,A01,yes,
resto-hotel-v2_007358::c003,resto-hotel-v2_007358,place_00155,Palito Coffee And Resto,restoran,3,Tersedia tempat parkir gratis di kompleks mereka,harga|parkir,parkir|harga,A01,yes,
resto-hotel-v2_007363::c000,resto-hotel-v2_007363,place_00155,Palito Coffee And Resto,restoran,0,"Rekomended tempat makan di samosir, Makanan nya enak dengan bonus view nya bagus",makanan|pemandangan,makanan|pemandangan,A01,yes,
resto-hotel-v2_007371::c000,resto-hotel-v2_007371,place_00155,Palito Coffee And Resto,restoran,0,Servicenya okey bangettt...polito coffe ia the best di di pangururan,lainnya,pelayanan|makanan,A01,yes,Service + kopi polito = pelayanan + makanan
resto-hotel-v2_007387::c001,resto-hotel-v2_007387,place_00155,Palito Coffee And Resto,restoran,1,Cafe satu lokasi dengan Doorsmeer,lainnya,none,A01,yes,"Hanya menyebut lokasi cafe, bukan membahas makanan"
resto-hotel-v2_007397::c000,resto-hotel-v2_007397,place_00155,Palito Coffee And Resto,restoran,0,"Gelas pecah sendiri, peralatan bisa bisa ganti agar lebih aman",keamanan,keamanan,A01,yes,
resto-hotel-v2_007442::c000,resto-hotel-v2_007442,place_00089,Family Resto,restoran,0,Asli enak banget,lainnya,none,A01,yes,'enak' terlalu umum tanpa konteks makanan spesifik
resto-hotel-v2_007464::c004,resto-hotel-v2_007464,place_00089,Family Resto,restoran,4,Terima kasih banyak,lainnya,none,A01,yes,
resto-hotel-v2_007468::c000,resto-hotel-v2_007468,place_00089,Family Resto,restoran,0,"sudah gaenak, pelayananya tidak ramah",pelayanan,pelayanan,A01,yes,
resto-hotel-v2_007483::c001,resto-hotel-v2_007483,place_00089,Family Resto,restoran,1,Bingung cari makan dimana,makanan,makanan,A01,yes,
resto-hotel-v2_007485::c002,resto-hotel-v2_007485,place_00089,Family Resto,restoran,2,Saya rasa semua menu juga termasuk sup yang lezat,lainnya,makanan,A01,yes,
resto-hotel-v2_007486::c000,resto-hotel-v2_007486,place_00089,Family Resto,restoran,0,"Rekomendasi banget sih, makanan nya enak free wifi, mantap"", pas depan danau toba lagi, mantap sih mantap",internet_sinyal|makanan,harga|pelayanan|makanan|pemandangan|internet_sinyal,A01,yes,
resto-hotel-v2_007496::c001,resto-hotel-v2_007496,place_00301,"Warung Kopi Synergy, Samosir",restoran,1,Byk pilihan menu makanan dan minuman,makanan,makanan,A01,yes,
resto-hotel-v2_007521::c000,resto-hotel-v2_007521,place_00301,"Warung Kopi Synergy, Samosir",restoran,0,Makanannya tidak segar,lainnya,none,A01,yes,
resto-hotel-v2_007523::c001,resto-hotel-v2_007523,place_00301,"Warung Kopi Synergy, Samosir",restoran,1,"Tadinya mau ke tep* cafe, tp gagal karena penuh",keramaian|makanan,makanan|keramaian,A01,yes,
resto-hotel-v2_007545::c001,resto-hotel-v2_007545,place_00301,"Warung Kopi Synergy, Samosir",restoran,1,no security around,keamanan,keamanan,A01,yes,
resto-hotel-v2_007556::c001,resto-hotel-v2_007556,place_00301,"Warung Kopi Synergy, Samosir",restoran,1,cukup recomended untuk tamu yang datang berkelompok,lainnya,makanan,A01,yes,Kesegaran makanan = makanan
resto-hotel-v2_007580::c000,resto-hotel-v2_007580,place_00301,"Warung Kopi Synergy, Samosir",restoran,0,Tidak mudah ditemukan,lainnya,none,A01,yes,
resto-hotel-v2_007608::c000,resto-hotel-v2_007608,place_00185,Pondok Kolding Pangururan.Samosir,restoran,0,Pondok Kolding Pangururan Berlokasi di Jalan Danau Toba - Putri Lopian Dekat Komplek Polres Samosir,akses_jalan,akses_jalan|pemandangan,A01,yes,
resto-hotel-v2_007621::c001,resto-hotel-v2_007621,place_00024,Alza Cemilan Korean Street Food Grill And Frozen Food Halal,restoran,1,Recomend bgt buat yg suka jajan,lainnya,makanan,A01,yes,
resto-hotel-v2_007633::c001,resto-hotel-v2_007633,place_00229,Rumah Makan Khas Batak Moranta Simbolon,restoran,1,"Kondisi jalanan padat dan ramai, jadinya sempat lihat lihat dan pas juga saat jam makan siang, jadinya kami turun singgah",keramaian|makanan,makanan|jam_operasional|keramaian,A01,yes,
resto-hotel-v2_007639::c001,resto-hotel-v2_007639,place_00229,Rumah Makan Khas Batak Moranta Simbolon,restoran,1,Penuh dengan penduduk setempat saat saya ke sana,keramaian,keramaian,A01,yes,
resto-hotel-v2_007668::c000,resto-hotel-v2_007668,place_00250,Rumba Restaurant,restoran,0,Beer Konig Rajawali Terbaik Di Kelasnya ⭐⭐⭐⭐⭐,lainnya,makanan,A01,yes,
resto-hotel-v2_007783::c001,resto-hotel-v2_007783,place_00250,Rumba Restaurant,restoran,1,Not like the rumba i used to know,lainnya,none,A01,yes,
resto-hotel-v2_007797::c002,resto-hotel-v2_007797,place_00250,Rumba Restaurant,restoran,2,Dengan harga yang masih terjangkau,harga,harga,A01,yes,
resto-hotel-v2_007833::c000,resto-hotel-v2_007833,place_00250,Rumba Restaurant,restoran,0,"pelayanannya kurang bngt, kirain pas lgi apes doang, ternyata emg udh banyak rating buruknya ttg pelayanan ni resto ini wkwkw, attitude dr pelayannya kurang bngt ga ramah samsek baik pelayan dan yang masak, nyesell beli, bisa bisanya di cengin pas lgi mesen sm satu dapur, huh intinya minus deh pelayanannya",pelayanan,pelayanan|makanan,A01,yes,
resto-hotel-v2_007881::c003,resto-hotel-v2_007881,place_00001,3J Lamongan Cafe N Resto,restoran,3,"Menunya beragam, hanya rasanya kurang, mungkin karena ramai pengunjung, banyak yang menikmati makan malam sambil nonton atraksi",keramaian|makanan,makanan|jam_operasional|keramaian,A01,yes,
resto-hotel-v2_007889::c001,resto-hotel-v2_007889,place_00358,Rumah Makan Islam Murni Tuktuk Siadong,hotel_resto,1,Agak lebih hati-hati untuk mencari masakan halal Muslim di daerah ini,lainnya,makanan,A01,yes,Mencari makanan halal = makanan
resto-hotel-v2_007904::c001,resto-hotel-v2_007904,place_00358,Rumah Makan Islam Murni Tuktuk Siadong,hotel_resto,1,membuat kita merasa nyaman dan aman..makanan rumahan yg disajikan selalu dlm keadaan baru dimasak,keamanan|makanan,makanan|keamanan,A01,yes,
resto-hotel-v2_007920::c003,resto-hotel-v2_007920,place_00358,Rumah Makan Islam Murni Tuktuk Siadong,hotel_resto,3,memiliki lebih banyak daging dan ikan,lainnya,makanan,A01,yes,
resto-hotel-v2_007927::c004,resto-hotel-v2_007927,place_00358,Rumah Makan Islam Murni Tuktuk Siadong,hotel_resto,4,aman,keamanan,keamanan,A01,yes,
resto-hotel-v2_007957::c003,resto-hotel-v2_007957,place_00253,Samuel'S Restaurant,restoran,3,Memang agak lama menunggu kalau banyak orang,jam_operasional,pelayanan|keramaian,A01,yes,'lama menunggu' = pelayanan; 'banyak orang' = keramaian
resto-hotel-v2_007976::c002,resto-hotel-v2_007976,place_00253,Samuel'S Restaurant,restoran,2,Makanannya sangat lezat dan suasananya luar biasa,lainnya,makanan,A01,yes,
resto-hotel-v2_008024::c003,resto-hotel-v2_008024,place_00152,Orari Restaurant,restoran,3,Udang karangnya sangat segar dan dagingnya empuk,lainnya,makanan,A01,yes,Udang karang segar dagingnya empuk = makanan
resto-hotel-v2_008025::c000,resto-hotel-v2_008025,place_00152,Orari Restaurant,restoran,0,"Porsi keluarga, sangat enak, makanan lezat dengan view, we had a very pleasant time, many thanks Orari",makanan|pemandangan,makanan|pemandangan,A01,yes,'Porsi keluarga' bukan aksesibilitas; makanan + view
resto-hotel-v2_008028::c000,resto-hotel-v2_008028,place_00152,Orari Restaurant,restoran,0,Makanannya enak dan murah,harga,harga|makanan,A01,yes,
resto-hotel-v2_008039::c000,resto-hotel-v2_008039,place_00152,Orari Restaurant,restoran,0,"Makanan nikmat, kamar nyaman",akomodasi|makanan,makanan|akomodasi,A01,yes,
resto-hotel-v2_008056::c000,resto-hotel-v2_008056,place_00152,Orari Restaurant,restoran,0,Salah satu tempat makan terbaik di tuktuk bisa didatangi jalur kapal boat ataupun darat,makanan|transportasi,akses_jalan|transportasi|makanan,A01,yes,
resto-hotel-v2_008072::c000,resto-hotel-v2_008072,place_00152,Orari Restaurant,restoran,0,"disini ikan goreng dengan sambalnya yg spesial mantap bgt lha, gk akan ada di t4 lain utk rasa cabe dgn andaliman nya ditambah view langsung ke danau toba makin nikmat makan nya staff jg ramah"" dan diks diskon 😘",makanan|pelayanan|pemandangan,harga|pelayanan|makanan|pemandangan,A01,yes,Diskon = harga
resto-hotel-v2_008089::c000,resto-hotel-v2_008089,place_00152,Orari Restaurant,restoran,0,Makanannya sangat lezat dan pemandangannya fantastis,lainnya,makanan|pemandangan,A01,yes,Makanan + pemandangan
resto-hotel-v2_008108::c000,resto-hotel-v2_008108,place_00100,Horas Vegetarian Restaurant,restoran,0,Saya seharusnya membaca ulasan terbaru untuk restoran ini sebelum pergi ke sana,lainnya,none,A01,yes,
resto-hotel-v2_008114::c001,resto-hotel-v2_008114,place_00100,Horas Vegetarian Restaurant,restoran,1,Best pasta we’ve had in Indonesia,lainnya,makanan,A01,yes,Best pasta = jelas membahas makanan
resto-hotel-v2_008118::c003,resto-hotel-v2_008118,place_00100,Horas Vegetarian Restaurant,restoran,3,Friendly atomosphere and good music playing in the background,pelayanan,pelayanan,A01,yes,
resto-hotel-v2_008124::c000,resto-hotel-v2_008124,place_00100,Horas Vegetarian Restaurant,restoran,0,Great vegan options at a good price,harga,harga,A01,yes,
resto-hotel-v2_008161::c001,resto-hotel-v2_008161,place_00100,Horas Vegetarian Restaurant,restoran,1,People are friendly and you have a really nice view on the lake,pelayanan|pemandangan,pelayanan|pemandangan,A01,yes,
resto-hotel-v2_008164::c002,resto-hotel-v2_008164,place_00100,Horas Vegetarian Restaurant,restoran,2,"Great views over the lake, good portion sizes and reasonable prices",pemandangan,harga|makanan|pemandangan,A01,yes,Porsi + harga terjangkau
resto-hotel-v2_008169::c000,resto-hotel-v2_008169,place_00100,Horas Vegetarian Restaurant,restoran,0,"Makanan vegan yang super lezat, pemandangan yang menakjubkan, dan staf yang super ramah",makanan|pelayanan|pemandangan,pelayanan|makanan|pemandangan,A01,yes,
resto-hotel-v2_008179::c001,resto-hotel-v2_008179,place_00100,Horas Vegetarian Restaurant,restoran,1,"Segar dan disiapkan saat ini, semua pilihan vegeta/vegan",lainnya,makanan,A01,yes,Pilihan vegeta/vegan = membahas menu makanan
resto-hotel-v2_008200::c000,resto-hotel-v2_008200,place_00100,Horas Vegetarian Restaurant,restoran,0,Nice views,lainnya,pemandangan,A01,yes,
resto-hotel-v2_008205::c000,resto-hotel-v2_008205,place_00100,Horas Vegetarian Restaurant,restoran,0,We would highly recommended this place,lainnya,none,A01,yes,
resto-hotel-v2_008215::c003,resto-hotel-v2_008215,place_00100,Horas Vegetarian Restaurant,restoran,3,A,lainnya,none,A01,yes,
resto-hotel-v2_008222::c000,resto-hotel-v2_008222,place_00100,Horas Vegetarian Restaurant,restoran,0,This place has amazing vegetarian food!,makanan,makanan,A01,yes,
resto-hotel-v2_008243::c000,resto-hotel-v2_008243,place_00205,Rm Bpk Man Kena (Bang Gurning),restoran,0,"Tempat bersih ,pelayanan ramah kakaknya bisa bahasa hokien, menu lengkap ,penyajian ga pake lama, dan free wifi ,rekomended !!",internet_sinyal|kebersihan|pelayanan,kebersihan|harga|pelayanan|makanan|internet_sinyal,A01,yes,
resto-hotel-v2_008253::c002,resto-hotel-v2_008253,place_00205,Rm Bpk Man Kena (Bang Gurning),restoran,2,Sungguh sangat mengecewakan,pelayanan,none,A01,yes,
resto-hotel-v2_008270::c002,resto-hotel-v2_008270,place_00205,Rm Bpk Man Kena (Bang Gurning),restoran,2,Jadi kita gak perlu khawatir,lainnya,none,A01,yes,
resto-hotel-v2_008304::c000,resto-hotel-v2_008304,place_00365,Rumah Makan Ranto,hotel_resto,0,Standar,lainnya,none,A01,yes,
resto-hotel-v2_008325::c004,resto-hotel-v2_008325,place_00327,Jo 'N Gio Resto Nasional 26 Coffeshop,hotel_resto,4,Dan bonusnya: ada air terjun mini tepat di seberang jalan — jadi Anda mendapatkan aksi fitur air dua kali lipat!,akses_jalan,akses_jalan|pemandangan,A01,yes,
resto-hotel-v2_008342::c000,resto-hotel-v2_008342,place_00226,Rumah Makan Islam Monggo,restoran,0,"Restoran kaki lima kecil khas Indonesia yang cantik ini menyajikan minuman, makanan ringan, dan masakan tradisional Batak dengan pemandangan danau yang sempurna dari terasnya💥",budaya|makanan|pemandangan,makanan|pemandangan|budaya,A01,yes,
resto-hotel-v2_008367::c001,resto-hotel-v2_008367,place_00203,Restaurant Sehat,restoran,1,Harga stabil,harga,harga,A01,yes,
resto-hotel-v2_008377::c000,resto-hotel-v2_008377,place_00203,Restaurant Sehat,restoran,0,"kurang upgrade resto nya, makanan harganya lumayan mahal",harga|makanan,harga|makanan,A01,yes,
resto-hotel-v2_008379::c000,resto-hotel-v2_008379,place_00203,Restaurant Sehat,restoran,0,"Makanan enak, tempat bersih dan nyaman, koki sekaligus owner sangat ramah, bakal balik lagi ke resto ini kalo ke Parapat",kebersihan|makanan|pelayanan,kebersihan|pelayanan|makanan,A01,yes,
resto-hotel-v2_008392::c000,resto-hotel-v2_008392,place_00203,Restaurant Sehat,restoran,0,"Lebih bersih dari tempat yg famous satu lagi, cara menyajikan alat makan sesuai prokes, lama menunggu jg tidak terlalu lama seperti komen org , cita rasa jg oke, kita order macam2 makanan semua habis tak bersisa 🤗",jam_operasional|kebersihan|makanan,kebersihan|pelayanan|makanan|jam_operasional,A01,yes,
resto-hotel-v2_008398::c000,resto-hotel-v2_008398,place_00203,Restaurant Sehat,restoran,0,Saya melihat rating restoran ini tinggi di ulasan,lainnya,none,A01,yes,
resto-hotel-v2_008404::c005,resto-hotel-v2_008404,place_00203,Restaurant Sehat,restoran,5,Bahkan ayam goreng sederhana pun begitu lezat,lainnya,makanan,A01,yes,
resto-hotel-v2_008436::c000,resto-hotel-v2_008436,place_00201,Restaurant Asia,restoran,0,Lumayan,lainnya,none,A01,yes,
resto-hotel-v2_008481::c003,resto-hotel-v2_008481,place_00201,Restaurant Asia,restoran,3,"Hanya uap dr minyak2 b2 sudah mulai tercium, jadi hidung harus dikasi vapex, daripada tiba2 huek2",lainnya,none,A01,yes,
resto-hotel-v2_008482::c003,resto-hotel-v2_008482,place_00201,Restaurant Asia,restoran,3,Toilet bersih,kebersihan|toilet,kebersihan|toilet,A01,yes,
resto-hotel-v2_008498::c000,resto-hotel-v2_008498,place_00201,Restaurant Asia,restoran,0,We had dinner here late night,lainnya,makanan,A01,yes,
resto-hotel-v2_008499::c000,resto-hotel-v2_008499,place_00201,Restaurant Asia,restoran,0,"as tourists from java, we are totally blind about parapat culinary",lainnya,none,A01,yes,
resto-hotel-v2_008506::c003,resto-hotel-v2_008506,place_00154,Pagar Batu Resto 26 Penginapan,restoran,3,Parkirnya luas,lainnya,parkir,A01,yes,Parkir luas = parkir
resto-hotel-v2_008514::c000,resto-hotel-v2_008514,place_00154,Pagar Batu Resto 26 Penginapan,restoran,0,"Tempatnya bagus dengan fasilitas kamar yang bersih dan pelayanan yang cepat, karyawannya juga ramah dan sopan",akomodasi|kebersihan|pelayanan,kebersihan|pelayanan|akomodasi|fasilitas_umum,A01,yes,
resto-hotel-v2_008516::c000,resto-hotel-v2_008516,place_00154,Pagar Batu Resto 26 Penginapan,restoran,0,"Enak makanannya, cepat penyajian, dan semuah ramah kepada pengunjung",pelayanan,pelayanan|makanan,A01,yes,
resto-hotel-v2_008520::c000,resto-hotel-v2_008520,place_00154,Pagar Batu Resto 26 Penginapan,restoran,0,"Makanannya enak, Ikan Bakar dan bihun gorengnya josss",lainnya,makanan,A01,yes,
resto-hotel-v2_008529::c000,resto-hotel-v2_008529,place_00154,Pagar Batu Resto 26 Penginapan,restoran,0,"Pelayanan dan kualitas makanan masih kurang, tidak sesuai harga",harga|makanan|pelayanan,harga|pelayanan|makanan,A01,yes,
resto-hotel-v2_008552::c000,resto-hotel-v2_008552,place_00186,Pondok Makan 26 Home Stay H. Karsim,restoran,0,"Pernah makan disini,, pokoknya makanannya enak pool, dan pelayananan nya juga baik",makanan,pelayanan|makanan,A01,yes,Makanan enak + pelayanan baik; bukan fasilitas_umum
resto-hotel-v2_008568::c002,resto-hotel-v2_008568,place_00234,Rumah Makan Marina,restoran,2,"Memang kita masuk pada saat mereka mau tutup kayaknya,krna kelihatan mau lg beres2",jam_operasional,jam_operasional,A01,yes,
resto-hotel-v2_008568::c007,resto-hotel-v2_008568,place_00234,Rumah Makan Marina,restoran,7,"Kita makan itu bayar,tp mukanya perengat perengut",makanan,harga|pelayanan,A01,yes,'bayar' = harga; 'muka perengut' = pelayanan; bukan makanan
resto-hotel-v2_008569::c000,resto-hotel-v2_008569,place_00234,Rumah Makan Marina,restoran,0,Anda sakit karena makanan dan mereka menipu Anda dengan tiket bus yang terlalu mahal,harga|makanan,transportasi|harga|makanan,A01,yes,
resto-hotel-v2_008595::c000,resto-hotel-v2_008595,place_00234,Rumah Makan Marina,restoran,0,Lahan parkirnya kurang nyaman,lainnya,none,A01,yes,
resto-hotel-v2_008618::c001,resto-hotel-v2_008618,place_00234,Rumah Makan Marina,restoran,1,"pelayan nya sangat buruk,mukanya gak ramah banget kayak gak bayar aja",pelayanan,harga|pelayanan,A01,yes,
resto-hotel-v2_008628::c001,resto-hotel-v2_008628,place_00234,Rumah Makan Marina,restoran,1,"sedikit mahal, masih affordable Klo di sini sih",harga,harga,A01,yes,
resto-hotel-v2_008649::c000,resto-hotel-v2_008649,place_00234,Rumah Makan Marina,restoran,0,Uenak e,lainnya,parkir,A01,yes,Evaluasi area parkir
resto-hotel-v2_008672::c002,resto-hotel-v2_008672,place_00223,Rumah Makan Elizabeth,restoran,2,Tapi bumbu kurang meresap,lainnya,makanan,A01,yes,
resto-hotel-v2_008689::c000,resto-hotel-v2_008689,place_00223,Rumah Makan Elizabeth,restoran,0,"singgah sebentar layanan yang ramah, kamar mandi sangat bersih",akomodasi|kebersihan|pelayanan|toilet,kebersihan|toilet|pelayanan,A01,yes,Restoran; bukan akomodasi
resto-hotel-v2_008693::c001,resto-hotel-v2_008693,place_00223,Rumah Makan Elizabeth,restoran,1,Bersih dan suasana sejuk,kebersihan,kebersihan|pemandangan,A01,yes,
resto-hotel-v2_008705::c000,resto-hotel-v2_008705,place_00223,Rumah Makan Elizabeth,restoran,0,"Makannya mahal, 25k satu porsi (soto) teh pahit 10k",harga,harga|makanan,A01,yes,
resto-hotel-v2_008764::c000,resto-hotel-v2_008764,place_00184,Pondok Azzahra,restoran,0,"Ambilnya disini, makannya di kapal",transportasi,transportasi|makanan,A01,yes,Makannya = makanan
resto-hotel-v2_008769::c000,resto-hotel-v2_008769,place_00184,Pondok Azzahra,restoran,0,"Makanan nya dijamin halal, yg masak muslim, owner nya juga muslim, masakannya juga enak, harga nya murah",harga|makanan,harga|pelayanan|makanan,A01,yes,
resto-hotel-v2_008787::c000,resto-hotel-v2_008787,place_00184,Pondok Azzahra,restoran,0,Kamar mandi jauh dari kata bersih,akomodasi|kebersihan|toilet,kebersihan|toilet,A01,yes,Restoran; bukan akomodasi
resto-hotel-v2_008838::c001,resto-hotel-v2_008838,place_00293,Topi Tao Homestay Pangururan (Kawasan Waterfront City),hotel,1,Pelayanan nya juga sanga bagus,pelayanan,pelayanan,A01,yes,
resto-hotel-v2_008840::c000,resto-hotel-v2_008840,place_00293,Topi Tao Homestay Pangururan (Kawasan Waterfront City),hotel,0,"Tempat nya bagus dan bersih, langsung pemandangan danau toba",kebersihan|pemandangan,kebersihan|pemandangan,A01,yes,
resto-hotel-v2_008896::c000,resto-hotel-v2_008896,place_00027,Artomoro Lamongan,restoran,0,"Warung ini tampak depannya pakai tirai jadi nampak seperti tutup padahal buka, mrk buka dr jam 9 pagi, menunya lumayan lengkap dr bakso, mie ayam sampai menu nasi dan ada seafood juga, tempatnya lumayan bersih, harga terjangkau",harga|jam_operasional|kebersihan,akses_jalan|kebersihan|harga|makanan|jam_operasional,A01,yes,
resto-hotel-v2_008912::c000,resto-hotel-v2_008912,place_00241,Rumah Makan %22Pondok Karen%22,restoran,0,Sop iga sapi nya rasanya pas di lidah,lainnya,makanan,A01,yes,Pujian sup iga sapi = makanan
resto-hotel-v2_008924::c000,resto-hotel-v2_008924,place_00241,Rumah Makan %22Pondok Karen%22,restoran,0,Mantap...lbh mantap lg klu dpt rokok gratis....😀,harga,harga,A01,yes,
resto-hotel-v2_008964::c000,resto-hotel-v2_008964,place_00298,Warung Bikers Parapat,restoran,0,Tempat yang nyaman dan mau cari aman dari segi rasa dan harga kalau ke Parapat ke warung om bikers aja,harga|keamanan,harga|makanan,A01,yes,"'cari aman dari segi rasa' = makanan, bukan keamanan"
resto-hotel-v2_009001::c000,resto-hotel-v2_009001,place_00298,Warung Bikers Parapat,restoran,0,"Tempat makan yang selalu jadi pilihan utama kalau mau makan di kota Parapat, dijamin halal dan selalu bersih tempatnya.gak salah jadi tempat tongkrongan anak motor.makanannya selalu panas dan rasanya pas.kalau kesini sering pesan lele goreng,oom biasa lele panas hahahaa",kebersihan|makanan,parkir|kebersihan|makanan|aksesibilitas,A01,yes,
resto-hotel-v2_009018::c000,resto-hotel-v2_009018,place_00298,Warung Bikers Parapat,restoran,0,"Makan nya Enak, Rekoment Pokoke",makanan,makanan,A01,yes,
resto-hotel-v2_009038::c001,resto-hotel-v2_009038,place_00247,Rumah Makan Safitri,restoran,1,toilet bersih n air bak ada trus,kebersihan|toilet,kebersihan|toilet,A01,yes,
resto-hotel-v2_009040::c000,resto-hotel-v2_009040,place_00247,Rumah Makan Safitri,restoran,0,Rumah makan Safitri tempat singgah untuk istirahat sejenak menikmati Kopi di tepian danau Toba parapat,makanan,makanan|pemandangan,A01,yes,
resto-hotel-v2_009081::c001,resto-hotel-v2_009081,place_00212,Rm Muslim Menara,restoran,1,Pelayan spt judes,lainnya,pelayanan,A01,yes,
resto-hotel-v2_009089::c000,resto-hotel-v2_009089,place_00212,Rm Muslim Menara,restoran,0,"Ramai yang makan disiniii, makanan nya enak enak, pelayanan ramah, meski rame tetep gercep buatin sesuai request pembeli, ga perlu nunggu lama, langsumg dibuatin",keramaian|makanan|pelayanan,pelayanan|makanan|keramaian,A01,yes,
resto-hotel-v2_009092::c000,resto-hotel-v2_009092,place_00212,Rm Muslim Menara,restoran,0,Makanan nya enk besok besok aku kesini lhh,makanan,makanan,A01,yes,
resto-hotel-v2_009134::c001,resto-hotel-v2_009134,place_00212,Rm Muslim Menara,restoran,1,Recommended yang cari makanan enak dan bajed sesuai harga tempat pariwisata,harga|makanan,harga|makanan,A01,yes,
resto-hotel-v2_009152::c000,resto-hotel-v2_009152,place_00212,Rm Muslim Menara,restoran,0,Mantab dan nikmat,lainnya,makanan,A01,yes,
resto-hotel-v2_009170::c000,resto-hotel-v2_009170,place_00231,Rumah Makan Khas Batak Tiurma Siboro,restoran,0,"makanannya enak banget, rasanya mantap, saya teman anaknya si marlboro alias marchel siboro, sukses selalu tulang",lainnya,makanan,A01,yes,
resto-hotel-v2_009171::c002,resto-hotel-v2_009171,place_00231,Rumah Makan Khas Batak Tiurma Siboro,restoran,2,"ramai, semoga bisa kesini lagi suatu saat",keramaian,keramaian,A01,yes,
resto-hotel-v2_009223::c001,resto-hotel-v2_009223,place_00118,Kafe Pak Pos,restoran,1,Lokasinya strategis dan nyewa di kantor pos,lainnya,none,A01,yes,
resto-hotel-v2_009224::c000,resto-hotel-v2_009224,place_00118,Kafe Pak Pos,restoran,0,"Bersih, rapi, dan harga terjangkau",harga|kebersihan,harga|makanan,A01,yes,Harga makanan + kualitas makanan
resto-hotel-v2_009224::c004,resto-hotel-v2_009224,place_00118,Kafe Pak Pos,restoran,4,Toilet bersih,kebersihan|toilet,kebersihan|toilet,A01,yes,
resto-hotel-v2_009232::c002,resto-hotel-v2_009232,place_00118,Kafe Pak Pos,restoran,2,"kalau pesan tumis kangkung prlu kasih tau tidak pedas/tanpa cabe karena kalau tidak, akan dimasak yg versi pedas",lainnya,makanan,A01,yes,Pemesanan tumis kangkung = membahas makanan
resto-hotel-v2_009239::c000,resto-hotel-v2_009239,place_00118,Kafe Pak Pos,restoran,0,Walaupun sedikit mengantri tempat duduk,fasilitas_umum,fasilitas_umum,A01,yes,
resto-hotel-v2_009239::c001,resto-hotel-v2_009239,place_00118,Kafe Pak Pos,restoran,1,Tempat ini tetep tempat terbaik makan di danau Toba,makanan,makanan|pemandangan,A01,yes,
resto-hotel-v2_009306::c000,resto-hotel-v2_009306,place_00118,Kafe Pak Pos,restoran,0,Ramai,keramaian,keramaian,A01,yes,
resto-hotel-v2_009342::c000,resto-hotel-v2_009342,place_00118,Kafe Pak Pos,restoran,0,Cuma ini diparapat menu yg jelas halal,lainnya,makanan,A01,yes,
resto-hotel-v2_009384::c006,resto-hotel-v2_009384,place_00118,Kafe Pak Pos,restoran,6,Tp mgkn warungnya tutup,jam_operasional,jam_operasional,A01,yes,
resto-hotel-v2_009404::c000,resto-hotel-v2_009404,place_00359,Rumah Makan Khas Batak Saurtua,hotel_resto,0,Enak dan terjangkau,lainnya,harga|makanan,A01,yes,Enak (makanan) + terjangkau (harga)
resto-hotel-v2_009410::c005,resto-hotel-v2_009410,place_00360,Rumah Makan Khas Minang,hotel_resto,5,Berlima harganya 250 ribu,lainnya,harga,A01,yes,
resto-hotel-v2_009417::c004,resto-hotel-v2_009417,place_00360,Rumah Makan Khas Minang,hotel_resto,4,"HARGA NGGAK MASALAH MAU MAHAL ATAU KAGAK, INTINYA PELAYANAN DAN KEBERSIHAN TOLONG LEBIH DIPERHATIKAN YA MBAKK",harga|kebersihan|pelayanan,kebersihan|harga|pelayanan,A01,yes,
resto-hotel-v2_009426::c001,resto-hotel-v2_009426,place_00360,Rumah Makan Khas Minang,hotel_resto,1,Sayurnya keasinan,lainnya,makanan,A01,yes,Sayur terlalu asin = evaluasi makanan
resto-hotel-v2_009439::c000,resto-hotel-v2_009439,place_00360,Rumah Makan Khas Minang,hotel_resto,0,Lauknya asin Udangnya tidak fresh Harga air putih serasa harga teh manis Harga nya tidak sesuai dengan rasanya😭😭,harga,harga|makanan,A01,yes,
resto-hotel-v2_009493::c000,resto-hotel-v2_009493,place_00213,Rm. Nasional Sampean Uli,restoran,0,Beautiful spot to stop for lunch and a drink when you drive around the island,pemandangan,makanan|pemandangan,A01,yes,Lunch and a drink = makanan
resto-hotel-v2_009551::c002,resto-hotel-v2_009551,place_00009,Air Terjun Nai Sogop,wisata,2,Jalan menuju ke sana tampaknya tidak terawat lagi,akses_jalan|budaya|fasilitas_umum|kebersihan,akses_jalan|kebersihan,A01,yes,
resto-hotel-v2_009553::c000,resto-hotel-v2_009553,place_00009,Air Terjun Nai Sogop,wisata,0,"Air terjun yang indah, terpencil dan tidak ramai turis",keramaian|pemandangan,pemandangan|keramaian,A01,yes,
resto-hotel-v2_009587::c000,resto-hotel-v2_009587,place_00239,Rumah Makan Nasional Sinurat,restoran,0,"Pesen minum doang tpi enak kok, pelayanan juga bagus hanya di suasana yng kurang enak",pelayanan,pelayanan|makanan,A01,yes,
tempat-wisata-v1_000006::c000,tempat-wisata-v1_000006,place_00194,Puncak Paralayang Sibodiala,wisata,0,"""Tempatnya bagus,tinggal akses aja yg dipeaiki""",akses_jalan,akses_jalan,A01,yes,
tempat-wisata-v1_000017::c000,tempat-wisata-v1_000017,place_00019,Air Terjun Situmurun,wisata,0,"""Fasilitas tersedia : toilet, penjual pop mie dengan hrg 10""",toilet,toilet|harga|makanan,A01,yes,Pop mie + hrg 10 = makanan + harga
tempat-wisata-v1_000020::c000,tempat-wisata-v1_000020,place_00192,Puncak Huta Ginjang,wisata,0,"""Tempat nya keren,, untuk menikmati sisi lain pemandangan danau toba..""",pemandangan,pemandangan,A01,yes,
tempat-wisata-v1_000035::c002,tempat-wisata-v1_000035,place_00013,Air Terjun Sigarattung,wisata,2,"Air terjun ini jatuh secara dramatis melalui pepohonan lebat, memberikan performa penuh bahkan jika Anda hanya menonton dari aspal",keramaian|pemandangan,akses_jalan|pemandangan|keramaian,A01,yes,
tempat-wisata-v1_000036::c004,tempat-wisata-v1_000036,place_00042,Batu Marhosa,wisata,4,tidak ada sinyal di sekitar lokasi,internet_sinyal,internet_sinyal,A01,yes,
tempat-wisata-v1_000037::c000,tempat-wisata-v1_000037,place_00079,Danau Sidihoni,wisata,0,"""Danau tenang yang dikelilingi oleh padang rumput yang populer untuk jalan-jalan & piknik keluarga",akses_jalan|keramaian,akses_jalan|pemandangan|keramaian|aksesibilitas,A01,yes,
tempat-wisata-v1_000037::c005,tempat-wisata-v1_000037,place_00079,Danau Sidihoni,wisata,5,"Sering dijadikan sebagai tempat memancing masyarakat sekitar dan tentu saja sebagai tempat wisata.""",lainnya,none,A01,yes,
tempat-wisata-v1_000042::c005,tempat-wisata-v1_000042,place_00067,Bukit Sipatungan,wisata,5,Perjalanannya penuh perjuangan,keramaian,keramaian,A01,yes,
tempat-wisata-v1_000047::c003,tempat-wisata-v1_000047,place_00196,Pusat Informasi Toba Caldera UNESCO Global Geopark,wisata,3,"Jalan menuju lokasi juga sudah bagus.""",akses_jalan,akses_jalan,A01,yes,
tempat-wisata-v1_000049::c001,tempat-wisata-v1_000049,place_00061,Bukit Holbung,wisata,1,"Semakin tinggi mendaki, akan mendapatkan pemandangan teaik danau toba dan bukit-bukit di sekitarnya",pemandangan,akses_jalan|pemandangan,A01,yes,
tempat-wisata-v1_000054::c000,tempat-wisata-v1_000054,place_00081,Desa Wisata Sigapiton,wisata,0,"""Kami sampai di Kaldera pukul 7 pagi, saat itu warung2 masih tutup, kami memutuskan explore tempat lain dan menemukan lokasi desa ini",jam_operasional,akses_jalan|jam_operasional,A01,yes,
tempat-wisata-v1_000055::c000,tempat-wisata-v1_000055,place_00139,Menara Pandang Simanindo,wisata,0,"""Pertama singgah karena ga paham tempat apa, Dari atas bisa lihat rumah adat juga Pagi pagi kesini pintu masih tutup sehingga motor parkir di jalan raya",akses_jalan|budaya|jam_operasional|parkir,akses_jalan|parkir|jam_operasional|budaya,A01,yes,
tempat-wisata-v1_000070::c000,tempat-wisata-v1_000070,place_00140,Monumen D.I. Panjaitan,wisata,0,"""ketika melihat bangunan nya akan terlihat biasa,tapi history sejarah yg melekat di balik kisah tugu tersebut sangat luar biasa dari tokoh Pahlawan kita Bapak D.I PANJAITAN""",budaya,budaya,A01,yes,
tempat-wisata-v1_000074::c000,tempat-wisata-v1_000074,place_00119,Kampung Ulos Hutaraja,wisata,0,"""Salah satu tujuan wisata di Pulau Samosir yang menyajikan budaya Batak.""",budaya,budaya,A01,yes,
tempat-wisata-v1_000077::c001,tempat-wisata-v1_000077,place_00040,Batu Kursi Raja Siallagan ( Stone Chair of King Siallagan ),wisata,1,"yang terdiri atas bangku raja, penasehat, dukun, terdakwa dan pelaku kejahatan",lainnya,none,A01,yes,
tempat-wisata-v1_000080::c009,tempat-wisata-v1_000080,place_00146,Museum Huta Bolon Simanindo,wisata,9,Untuk elemen museum Batak saja saya akan mengatakan ini adalah bintang 3 atau 4 karena memiliki informasi dalam bahasa Inggris,budaya,budaya,A01,yes,
tempat-wisata-v1_000082::c002,tempat-wisata-v1_000082,place_00174,Pemandian Aek Sipitu Dai,wisata,2,"Tempat sakral jadi ga boleh pakai kasut, ulos boleh dipakai Dan akan disandangkan sesuai adat setempat",budaya,budaya|oleh_oleh,A01,yes,
tempat-wisata-v1_000091::c004,tempat-wisata-v1_000091,place_00251,Salib Kasih Tarutung,wisata,4,saat musim liburan masih ramai sekali dikunjungi,keramaian,keramaian,A01,yes,
wisata-v2_000027::c007,wisata-v2_000027,place_00165,Pantai Pasir Putih Lumban Bul-bul Balige,wisata,7,Ada juga yang berjualan makanan dan souvenir khas Tapanuli Utara,makanan|oleh_oleh,makanan|oleh_oleh,A01,yes,
wisata-v2_000056::c000,wisata-v2_000056,place_00165,Pantai Pasir Putih Lumban Bul-bul Balige,wisata,0,Seru dan asyik bersama keluarga untuk Liburan dan bersantai,lainnya,none,A01,yes,"'keluarga' bukan aksesibilitas, hanya konteks liburan umum"
wisata-v2_000133::c000,wisata-v2_000133,place_00165,Pantai Pasir Putih Lumban Bul-bul Balige,wisata,0,"Lumayan nyaman, kalau kamar kecilnya bersih tergantung pengelola, mungkin untuk kebersihan pantainya masih harus ditingkatkan lagi bersama- sama",akomodasi|kebersihan,kebersihan|toilet,A01,yes,"Limbah kamar ganti = toilet/kebersihan, bukan akomodasi/pemandangan"
wisata-v2_000140::c000,wisata-v2_000140,place_00165,Pantai Pasir Putih Lumban Bul-bul Balige,wisata,0,Ramai Saat Hari minggu dan Libur,keramaian,keramaian,A01,yes,
wisata-v2_000150::c000,wisata-v2_000150,place_00165,Pantai Pasir Putih Lumban Bul-bul Balige,wisata,0,"Pantai khas Balige, pinggiran Danau Toba aman buat anak anak karena pinggirannya tidak terlalu dalam, ada permainan banana boat untuk dewasa",keamanan|pemandangan,transportasi|keamanan|pemandangan|aksesibilitas,A01,yes,
wisata-v2_000208::c005,wisata-v2_000208,place_00165,Pantai Pasir Putih Lumban Bul-bul Balige,wisata,5,Fasilitas umum juga tersedia di sini,lainnya,fasilitas_umum,A01,yes,
wisata-v2_000210::c000,wisata-v2_000210,place_00165,Pantai Pasir Putih Lumban Bul-bul Balige,wisata,0,Pantatnya sejuk nyaman bersi pemandangan inda ayoh beagi ceria di pantai Lumban bul bul,pemandangan,kebersihan|pemandangan,A01,yes,'bersi' = kebersihan
wisata-v2_000223::c008,wisata-v2_000223,place_00165,Pantai Pasir Putih Lumban Bul-bul Balige,wisata,8,Saya kesini pas weekday jadi tidak terlalu ramai dan warung banyak yang tutup,jam_operasional|keramaian|makanan,makanan|jam_operasional|keramaian,A01,yes,
wisata-v2_000223::c009,wisata-v2_000223,place_00165,Pantai Pasir Putih Lumban Bul-bul Balige,wisata,9,"Oh iya untuk fasilitas kamar mandi beayar juga banyak disekitaran pantai, jadi tidak perlu kuatir",akomodasi|harga|pemandangan|toilet,toilet|harga,A01,yes,Kamar mandi bukan akomodasi; pantai hanya lokasi
wisata-v2_000233::c001,wisata-v2_000233,place_00165,Pantai Pasir Putih Lumban Bul-bul Balige,wisata,1,inang inang sekitar kurang ramah.sungguh menakutkan.jangan coba coba duduk di kapal sekitar pantai pasti kena usir dengan muka kesal si inang,pelayanan|pemandangan|transportasi,transportasi|pelayanan,A01,yes,Tidak ada pemandangan
wisata-v2_000253::c000,wisata-v2_000253,place_00063,Bukit Pahoda,wisata,0,Pemandangan alami,pemandangan,pemandangan,A01,yes,
wisata-v2_000292::c001,wisata-v2_000292,place_00063,Bukit Pahoda,wisata,1,Kalau sudah menuju petang ada sunset yang menyenangkan juga gemerlap lampu kota yang indah,pemandangan,pemandangan,A01,yes,
wisata-v2_000348::c000,wisata-v2_000348,place_00012,Air Terjun Siboruon Balige,wisata,0,pokoknya menantang jalan nya,akses_jalan,akses_jalan,A01,yes,
wisata-v2_000351::c007,wisata-v2_000351,place_00012,Air Terjun Siboruon Balige,wisata,7,Semoga pemerintah setempat memperhatikan hal ini,lainnya,none,A01,yes,
wisata-v2_000376::c002,wisata-v2_000376,place_00012,Air Terjun Siboruon Balige,wisata,2,(Tapi tetap bisa di lewati kok) Setelah sampai hanya bayar parkir 2ribu dan per orang 2ribu,parkir,akses_jalan|parkir|harga,A01,yes,
wisata-v2_000382::c000,wisata-v2_000382,place_00012,Air Terjun Siboruon Balige,wisata,0,"Air terjun nya bagus banget kelestarian alam nya masih terjaga, mau menuju tempat air terjunnya dari parkir kendaraan sekitar 2-3 menit mendaki",parkir,akses_jalan|parkir|pemandangan,A01,yes,
wisata-v2_000407::c001,wisata-v2_000407,place_00194,Puncak Paralayang Sibodiala,wisata,1,"sangat disayangkan insfrastruktur belum memadai karena jalannya gelap saat malam hari, jalan rusak, beatu dan terjal",akses_jalan,akses_jalan|jam_operasional,A01,yes,
wisata-v2_000410::c002,wisata-v2_000410,place_00194,Puncak Paralayang Sibodiala,wisata,2,Tapi udah sampai di atas waww indah masyaALLAH,lainnya,pemandangan,A01,yes,"'sampai di atas' bukan akses_jalan, fokusnya 'indah'"
wisata-v2_000477::c002,wisata-v2_000477,place_00311,Wisata Bukit Gibeon,wisata,2,Kamar ganti nya juga banyak,akomodasi,akomodasi,A01,yes,
wisata-v2_000495::c002,wisata-v2_000495,place_00311,Wisata Bukit Gibeon,wisata,2,Harga tiket nya 20k per orang,harga,harga,A01,yes,
wisata-v2_000543::c000,wisata-v2_000543,place_00069,Bukit Tara Bunga,wisata,0,Sangat menarik,lainnya,none,A01,yes,
wisata-v2_000546::c002,wisata-v2_000546,place_00069,Bukit Tara Bunga,wisata,2,Sayangnya banyak sampah plastik berserakan,kebersihan,kebersihan,A01,yes,
wisata-v2_000610::c000,wisata-v2_000610,place_00091,Geosite Sipinsur,wisata,0,"Parkir 5 ribu Masuk 10 ribu Toilet tanpa air 5 ribu Total 20 ribu Pengalaman: Sepanjang perjalanan diikuti fotografer amatir, di foto2in biar bayar",parkir|toilet,akses_jalan|parkir|toilet|harga,A01,yes,
wisata-v2_000615::c000,wisata-v2_000615,place_00091,Geosite Sipinsur,wisata,0,"Orang humbahas bakal tidak asing lagi dengan sipinsur, identik dengan pohon pinus yang tersusun rapi",kebersihan,pemandangan,A01,yes,"Pohon pinus tersusun rapi = pemandangan, bukan kebersihan"
wisata-v2_000623::c000,wisata-v2_000623,place_00091,Geosite Sipinsur,wisata,0,"Luar biasa indah dan sejuk di sana, harga tiket masuk sudah ok, cuma tiket parkir mobil yg agak mahal",akses_jalan|harga|parkir,parkir|harga|pemandangan,A01,yes,
wisata-v2_000855::c000,wisata-v2_000855,place_00091,Geosite Sipinsur,wisata,0,Tak kan tour guide/supir travel masuk kesitu kalian patokin harga juga !,harga|transportasi,transportasi|harga|pelayanan,A01,yes,
wisata-v2_000855::c001,wisata-v2_000855,place_00091,Geosite Sipinsur,wisata,1,Tempat kalian banyak dikenal tidak luput dari jasa travel yg memperkenalkan lokasi kalian !,transportasi,transportasi,A01,yes,
wisata-v2_000894::c000,wisata-v2_000894,place_00091,Geosite Sipinsur,wisata,0,Banyak yang buang sampah sembarangan,kebersihan,kebersihan,A01,yes,
wisata-v2_001046::c000,wisata-v2_001046,place_00091,Geosite Sipinsur,wisata,0,"Sipinsur view Danau tobanya bagus, hutan pinusnya juga Bawa keluar sambil duduk2 dibawah pepohonan Toilet buat lebih bersih donk Nanti bintang 5 kalo toilet sdh lebih baik",kebersihan|pemandangan|toilet,kebersihan|toilet|pemandangan,A01,yes,
wisata-v2_001169::c001,wisata-v2_001169,place_00091,Geosite Sipinsur,wisata,1,biaya parkir nya mahal,akses_jalan|harga|parkir,parkir|harga,A01,yes,
wisata-v2_001177::c002,wisata-v2_001177,place_00091,Geosite Sipinsur,wisata,2,Tempat parkir dan petugas yg jelas harga/biaya parkirnya,harga|parkir,parkir|harga,A01,yes,
wisata-v2_001205::c005,wisata-v2_001205,place_00091,Geosite Sipinsur,wisata,5,sepanjang perjalanan di jalan raya jg banyak sampah dimana2,akses_jalan|kebersihan,akses_jalan|kebersihan,A01,yes,
wisata-v2_001379::c000,wisata-v2_001379,place_00091,Geosite Sipinsur,wisata,0,"Sampai disini sekitar jam 5 sore, Terkesan kotor ( apa karena masuk gratis yaaa , sampah sisa makanan dimana mana, & yg fantastis Parkir Mobil 1000 (SMOGA WISATA INI MAJU DGN TARIF PARKIR YG MENCEKIK)",akses_jalan|harga|kebersihan|makanan|parkir,akses_jalan|parkir|kebersihan|harga|makanan|jam_operasional,A01,yes,
wisata-v2_001395::c001,wisata-v2_001395,place_00091,Geosite Sipinsur,wisata,1,Masih terawat baik,kebersihan,kebersihan,A01,yes,
wisata-v2_001453::c000,wisata-v2_001453,place_00313,Wisata Rumah Pohon,wisata,0,Menyenangkan degan pemandangan danau Toba yang sangat mempesona.mantapp,pemandangan,pemandangan,A01,yes,
wisata-v2_001476::c003,wisata-v2_001476,place_00019,Air Terjun Situmurun,wisata,3,"Air terjun ini biasa dikunjungi menggunakan kapal wisata, kapasitas 40-60 penumpang",transportasi,transportasi|pemandangan,A01,yes,
wisata-v2_001476::c005,wisata-v2_001476,place_00019,Air Terjun Situmurun,wisata,5,Naik kapal wisata 100-120 menit waktu perjalanan,transportasi,akses_jalan|transportasi,A01,yes,
wisata-v2_001517::c001,wisata-v2_001517,place_00019,Air Terjun Situmurun,wisata,1,Untuk menuju ke tempat ini bisa dengan menyewa kapal/speedboat atau menggunakan kapal umum dari pelabuhan,transportasi,transportasi,A01,yes,
wisata-v2_001519::c000,wisata-v2_001519,place_00019,Air Terjun Situmurun,wisata,0,Untuk air terjun situmurun hanya bisa diakses dengan kapal saja,transportasi,transportasi|pemandangan,A01,yes,
wisata-v2_001519::c002,wisata-v2_001519,place_00019,Air Terjun Situmurun,wisata,2,Untuk kamar mandi/ ganti baju juga kurang,akomodasi|harga|toilet,toilet|fasilitas_umum,A01,yes,Kamar mandi bukan akomodasi; ganti baju = fasilitas; bukan harga
wisata-v2_001520::c000,wisata-v2_001520,place_00019,Air Terjun Situmurun,wisata,0,"Tidak ada rute darat, semua perjalanan dilakukan melalui kapal, speed boat atau jet sky dari Parapat ato pelabuhan Ajibata",akses_jalan|transportasi,akses_jalan|transportasi,A01,yes,
wisata-v2_001528::c004,wisata-v2_001528,place_00019,Air Terjun Situmurun,wisata,4,Kami naik kapal dari Sopo Agape bayar 30k/orang,transportasi,transportasi|harga,A01,yes,
wisata-v2_001551::c000,wisata-v2_001551,place_00019,Air Terjun Situmurun,wisata,0,Harus pakai kapal sama jangan berenang di bawah air terjun,transportasi,transportasi|fasilitas_umum,A01,yes,Berenang = fasilitas
wisata-v2_001595::c001,wisata-v2_001595,place_00019,Air Terjun Situmurun,wisata,1,dan minta contact person (no WA) kapal kalau ada yg tau,transportasi,transportasi,A01,yes,
wisata-v2_001603::c001,wisata-v2_001603,place_00019,Air Terjun Situmurun,wisata,1,"Jalan nya curam, hancur, sempit dan sangat beahaya",akses_jalan,akses_jalan,A01,yes,
wisata-v2_001621::c000,wisata-v2_001621,place_00015,Air Terjun Sigura-Gura,wisata,0,"Puasssss, wonderful lah pokoknya....akses bagus",akses_jalan,akses_jalan,A01,yes,
wisata-v2_001666::c014,wisata-v2_001666,place_00192,Puncak Huta Ginjang,wisata,14,Di warung-warung umkm tersedia yang khusus tentunya kopi tubruk sidikalang dan lintong yang nikmat dengan harga yang sangat terjangkau,harga|oleh_oleh,harga|makanan,A01,yes,
wisata-v2_001666::c015,wisata-v2_001666,place_00192,Puncak Huta Ginjang,wisata,15,Semua warung umkm tutup pada malam hari sehingga bagi yang berniat untuk camping haruslah sudah mempersiapkan bekal,jam_operasional|oleh_oleh,makanan|jam_operasional,A01,yes,
wisata-v2_001686::c001,wisata-v2_001686,place_00192,Puncak Huta Ginjang,wisata,1,Tempat parkir luas Dan banyak toko,parkir,parkir,A01,yes,
wisata-v2_001706::c000,wisata-v2_001706,place_00192,Puncak Huta Ginjang,wisata,0,This place has one of the best Lake Toba view you can find!,pemandangan,pemandangan,A01,yes,
wisata-v2_001706::c008,wisata-v2_001706,place_00192,Puncak Huta Ginjang,wisata,8,Some people can be quite nice and friendly,pelayanan,pelayanan,A01,yes,
wisata-v2_001708::c000,wisata-v2_001708,place_00192,Puncak Huta Ginjang,wisata,0,"View nya amazing...Danau Toba dilihat dari atas...biru air danau, dipadu hijaunya pegunungan disekitarnya....wowww banget ini...jalan menuju lokasi juga josss buat touring motor...menanjak berliku liku...aspal halus, bagus..lebar jalan cukup buat mobil bersimpangan",akses_jalan|pemandangan,akses_jalan|parkir|pemandangan,A01,yes,
wisata-v2_001784::c000,wisata-v2_001784,place_00192,Puncak Huta Ginjang,wisata,0,"Biasa biasa saja,tidak ada tempat duduk yang nyaman di pinggir bukit",fasilitas_umum|pemandangan,fasilitas_umum|pemandangan,A01,yes,
wisata-v2_001813::c000,wisata-v2_001813,place_00192,Puncak Huta Ginjang,wisata,0,Sepi,keramaian,keramaian,A01,yes,
wisata-v2_001827::c000,wisata-v2_001827,place_00192,Puncak Huta Ginjang,wisata,0,Fasilitas kurang lengkap dengan harga yg ada,fasilitas_umum|harga,harga|fasilitas_umum,A01,yes,
wisata-v2_001884::c000,wisata-v2_001884,place_00192,Puncak Huta Ginjang,wisata,0,Lagi - lagi tempat yg sangat menarik untuk menikmati view danau Toba yh indah,pemandangan,pemandangan,A01,yes,
wisata-v2_001896::c000,wisata-v2_001896,place_00192,Puncak Huta Ginjang,wisata,0,Tempatnya cukup indah Warganya ramah Jalan ketempat wisata cukup cantik Perlu keindahan cafe sehingga bisa memanjakan pengunjung,akses_jalan|pelayanan|pemandangan,akses_jalan|pelayanan|makanan|pemandangan,A01,yes,
wisata-v2_001931::c004,wisata-v2_001931,place_00164,Pantai Parparean 2,wisata,4,"Biaya parkir mini bus sekitar 20k, kurang tau juga untuk harga aslinya berapa",akses_jalan|harga|parkir,transportasi|parkir|harga,A01,yes,
wisata-v2_001931::c006,wisata-v2_001931,place_00164,Pantai Parparean 2,wisata,6,"Untuk harga kebersihan kamar mandi 2k, Pada bagian ini juga perlu di perhatikan lagi, karena hanya ada 4 bilik",akomodasi|harga|toilet,toilet|harga,A01,yes,Kamar mandi bukan akomodasi
wisata-v2_001933::c000,wisata-v2_001933,place_00164,Pantai Parparean 2,wisata,0,Ok,lainnya,none,A01,yes,
wisata-v2_001945::c004,wisata-v2_001945,place_00164,Pantai Parparean 2,wisata,4,Mau ta mau,lainnya,none,A01,yes,
wisata-v2_001950::c000,wisata-v2_001950,place_00164,Pantai Parparean 2,wisata,0,Pantainya bersih rekom untuk pantainya bersih cantik luas banyak permainan hantu anak-anak ada ada ayun-ayunan pondok nya juga murah pokoknya di sini rekom,harga|kebersihan|pemandangan,kebersihan|harga|fasilitas_umum|pemandangan|aksesibilitas,A01,yes,
wisata-v2_001967::c001,wisata-v2_001967,place_00049,Boli Boli Hot Spring,wisata,1,Ada banyak tempat berjejer,lainnya,none,A01,yes,
wisata-v2_002002::c000,wisata-v2_002002,place_00049,Boli Boli Hot Spring,wisata,0,"Desain pemandian air panas bagus mulai dari kolam sampai bak mandi, menyediakan penginapan yg nyaman, parkiran luas",lainnya,parkir|akomodasi|fasilitas_umum,A01,yes,Tidak ada akses_jalan; 'bak mandi' bukan toilet terpisah
wisata-v2_002061::c000,wisata-v2_002061,place_00049,Boli Boli Hot Spring,wisata,0,"Libur Jumat Agung kmaren ada kesempatan jenjalan kesini krna suami abis kelar kerjaan dr Sidempuan Pemandian air panas hari itu ruame poll kd cm liatn aja dr kamar,besok paginya baru turun pas udh ga trlalu rame Lokasinya bagus dkat dengan Ind*maret dan sarapan pagi mie gomak dkt situ jga enak Trus ada guguk yg ucul banget namanya Nero klo g salah cma rooms nya keknya butuh renovasi x ya,udah parah bgt bed nya",akomodasi,toilet|makanan|akomodasi|jam_operasional|fasilitas_umum,A01,yes,
wisata-v2_002128::c000,wisata-v2_002128,place_00049,Boli Boli Hot Spring,wisata,0,"Hotelnya sih tidak beintang,tapi pemandangan bintang 5.air belerang di sini beeda dengan yg di brastagi (sidebu debu)disini tidak menbuat badan bauk belerang dan pakaian pun aman",keamanan|pemandangan,kebersihan|keamanan|pemandangan,A01,yes,
wisata-v2_002144::c001,wisata-v2_002144,place_00049,Boli Boli Hot Spring,wisata,1,Sumber air belerang ini cukup aman untuk dikunjungi,keamanan,kebersihan|keamanan,A01,yes,
wisata-v2_002144::c003,wisata-v2_002144,place_00049,Boli Boli Hot Spring,wisata,3,Karena jalannya cukup licin dan bau belerang yang cukup kuat,keamanan|kebersihan,kebersihan|keamanan,A01,yes,
wisata-v2_002154::c000,wisata-v2_002154,place_00049,Boli Boli Hot Spring,wisata,0,"Airnya ada yang panas banget, panas, hangat",lainnya,fasilitas_umum,A01,yes,Membahas air panas (fasilitas pemandian)
wisata-v2_002159::c002,wisata-v2_002159,place_00049,Boli Boli Hot Spring,wisata,2,"Sungguh sangat disayangkan, dengan majunya Balige, diharapkan Sipoholon dapat menunjang untuk menarik pengunjung internasional",lainnya,none,A01,yes,
wisata-v2_002169::c001,wisata-v2_002169,place_00049,Boli Boli Hot Spring,wisata,1,they need to add the wash room facility so people wouldn't have to wait for too long,akomodasi,makanan|akomodasi|fasilitas_umum|keramaian,A01,yes,"'pagi' konteks waktu bukan jam operasional; ada keramaian, makanan, akomodasi, fasilitas"
wisata-v2_002236::c002,wisata-v2_002236,place_00064,Bukit Senyum,wisata,2,Bersih,kebersihan,kebersihan,A01,yes,
wisata-v2_002319::c002,wisata-v2_002319,place_00064,Bukit Senyum,wisata,2,Saatnya Di buat Plank Bukit Senyum yang besar dan mudah di lihat di tepi jalan masuk,akses_jalan,akses_jalan|pemandangan,A01,yes,
wisata-v2_002344::c000,wisata-v2_002344,place_00064,Bukit Senyum,wisata,0,"Sangat bagus, bersih, ramah",kebersihan|pelayanan,kebersihan|pelayanan,A01,yes,
wisata-v2_002448::c001,wisata-v2_002448,place_00064,Bukit Senyum,wisata,1,"Fasilitas yang disediakan seperti toilet, musholla, area parkir, gazebo dan kantin",fasilitas_umum|parkir|toilet,parkir|toilet|fasilitas_umum,A01,yes,
wisata-v2_002453::c004,wisata-v2_002453,place_00064,Bukit Senyum,wisata,4,"Biaya masuk hanya parkir mobil 10, dan motor gatau berapa",parkir,parkir|harga,A01,yes,
wisata-v2_002460::c004,wisata-v2_002460,place_00064,Bukit Senyum,wisata,4,Jalan nya sudah di aspal rapi dan sebagian sudah di cor semen,akses_jalan|kebersihan,akses_jalan,A01,yes,
wisata-v2_002487::c001,wisata-v2_002487,place_00064,Bukit Senyum,wisata,1,"Pemandangan yang asri, tempatnya bersih, tidak dipungut biaya masuk hanya bayar parkir 5-10 tergantung jenis kendaraan",akses_jalan|harga|kebersihan|parkir|pemandangan,parkir|kebersihan|harga|pemandangan,A01,yes,
wisata-v2_002487::c002,wisata-v2_002487,place_00064,Bukit Senyum,wisata,2,Ada WC juga dan warung kecil yang menyediakan makanan dan minuman,makanan|toilet,toilet|makanan,A01,yes,
wisata-v2_002503::c002,wisata-v2_002503,place_00064,Bukit Senyum,wisata,2,* Fasilitas (toilet/kamar mandi/tong sampah/listrik) dapat dikatakan komplit dan cukup memadai,akomodasi|kebersihan|toilet,kebersihan|toilet|fasilitas_umum,A01,yes,Kamar mandi bukan akomodasi
wisata-v2_002503::c003,wisata-v2_002503,place_00064,Bukit Senyum,wisata,3,* Akses : Sangat Bagus Saran ke pengunjung : 1,akses_jalan,akses_jalan,A01,yes,
wisata-v2_002503::c004,wisata-v2_002503,place_00064,Bukit Senyum,wisata,4,Diharapkan agar TIDAK membuang sampah sembarangan dan Buanglah sampah ke Tong Sampah yang disediakan,kebersihan,kebersihan,A01,yes,
wisata-v2_002555::c001,wisata-v2_002555,place_00064,Bukit Senyum,wisata,1,Bebatuan sedikit hanya pada saat masuk dari jalan besar,akses_jalan,akses_jalan,A01,yes,
wisata-v2_002564::c001,wisata-v2_002564,place_00069,Bukit Tara Bunga,wisata,1,Pagi Kesini dulu kalau mau kunjungan ke Rutan Balige.👍👍,lainnya,none,A01,yes,"'Pagi' hanya konteks waktu, bukan jam operasional"
wisata-v2_002616::c000,wisata-v2_002616,place_00353,Rest Area Adian Nalambok,wisata,0,👍,lainnya,none,A01,yes,
wisata-v2_002632::c000,wisata-v2_002632,place_00353,Rest Area Adian Nalambok,wisata,0,Mampir bentar,lainnya,none,A01,yes,
wisata-v2_002683::c000,wisata-v2_002683,place_00320,Arung Jeram Sungai Asahan (Asahan River Rafting),wisata,0,Arung Jeram Basah seru,lainnya,none,A01,yes,
wisata-v2_002708::c000,wisata-v2_002708,place_00335,Pakkodian Toba,wisata,0,Wisata danau toba di daerah pakkodian sebelum Meat - Balige,lainnya,none,A01,yes,"Hanya menyebut lokasi, bukan pemandangan"
wisata-v2_002730::c001,wisata-v2_002730,place_00335,Pakkodian Toba,wisata,1,insyaallah aman,keamanan,keamanan,A01,yes,
wisata-v2_002767::c002,wisata-v2_002767,place_00335,Pakkodian Toba,wisata,2,Recomened buat bawa keluarga atau bawak pasangan atau jejalan sendiri buat liburan/healing,lainnya,none,A01,yes,"'keluarga' konteks umum, bukan aksesibilitas"
wisata-v2_002805::c001,wisata-v2_002805,place_00335,Pakkodian Toba,wisata,1,Kamar mandi & wc tersedia dan dikelola oleh pedagang2 yg menjual minuman &,akomodasi|toilet,toilet|makanan,A01,yes,Wisata; minuman = makanan; bukan akomodasi
wisata-v2_002831::c001,wisata-v2_002831,place_00335,Pakkodian Toba,wisata,1,rekomen buat healing yg sepi”,keramaian,keramaian,A01,yes,
wisata-v2_002857::c003,wisata-v2_002857,place_00335,Pakkodian Toba,wisata,3,Petugas Ramah,pelayanan,pelayanan,A01,yes,
wisata-v2_002865::c001,wisata-v2_002865,place_00335,Pakkodian Toba,wisata,1,"Tempat ini rekomendasi sekali, cuman kekurangannya di akses jalannya, jalannya berbatu dan kita harus pelan-pelan dan hati-hati untuk turun ke bawah",akses_jalan,akses_jalan|pelayanan,A01,yes,
wisata-v2_002866::c002,wisata-v2_002866,place_00335,Pakkodian Toba,wisata,2,"Penjaga tidak ramah, kalau gak sabar aku udah kupecahkan kepala penjaganya",keamanan|pelayanan,pelayanan,A01,yes,
wisata-v2_002866::c003,wisata-v2_002866,place_00335,Pakkodian Toba,wisata,3,Jangan sewa lapak di daerah yg ada gazebo ini penjaganya gak amanah,fasilitas_umum,fasilitas_umum,A01,yes,
wisata-v2_002873::c000,wisata-v2_002873,place_00308,Wisata Alam Fishing-Camp Siarubung,wisata,0,"Untuk bocil pun aman, selagi bisa ngejaga wkwk",keamanan,keamanan,A01,yes,
wisata-v2_002881::c000,wisata-v2_002881,place_00308,Wisata Alam Fishing-Camp Siarubung,wisata,0,Aman dan sejuk,keamanan,keamanan|pemandangan,A01,yes,
wisata-v2_002895::c000,wisata-v2_002895,place_00308,Wisata Alam Fishing-Camp Siarubung,wisata,0,"Ditempat ini dengan pemandangan sangat indah, ada kmr mandi+toilet cuma jlannya belum di aspal atau cor blok khususnya di tanjakan",pemandangan|toilet,akses_jalan|toilet|pemandangan,A01,yes,Jalan belum aspal = akses jalan
wisata-v2_002899::c000,wisata-v2_002899,place_00308,Wisata Alam Fishing-Camp Siarubung,wisata,0,"Tenang, aman dan nyaman, hospitality",keamanan|keramaian,pelayanan|keamanan|keramaian,A01,yes,
wisata-v2_002904::c000,wisata-v2_002904,place_00005,Air Terjun Binanga Bolon,wisata,0,Mandi dipantai Sirungkungan sblm ke air terjun Binanga bolon,lainnya,fasilitas_umum,A01,yes,"Mandi di pantai = fasilitas rekreasi, bukan pemandangan"
wisata-v2_002911::c000,wisata-v2_002911,place_00319,Air Terjun Sigarattung (Sampuran Na Pitu),wisata,0,Kami pergi ke sana pada tanggal 21 Juli 2025 dan tidak ada air sama sekali,lainnya,none,A01,yes,
wisata-v2_002921::c000,wisata-v2_002921,place_00319,Air Terjun Sigarattung (Sampuran Na Pitu),wisata,0,Air terjun kecil yang cantik dengan pemandangan danau yang indah,pemandangan,pemandangan,A01,yes,
wisata-v2_002927::c004,wisata-v2_002927,place_00319,Air Terjun Sigarattung (Sampuran Na Pitu),wisata,4,There are a kiosk and a toilet on the opposite roadside,toilet,toilet,A01,yes,
wisata-v2_002978::c001,wisata-v2_002978,place_00319,Air Terjun Sigarattung (Sampuran Na Pitu),wisata,1,untuk pemandangan di perjalanan,pemandangan,akses_jalan|pemandangan,A01,yes,
wisata-v2_003026::c019,wisata-v2_003026,place_00042,Batu Marhosa,wisata,19,Batu Marhosa might not have whistled for us,lainnya,none,A01,yes,
wisata-v2_003035::c000,wisata-v2_003035,place_00042,Batu Marhosa,wisata,0,"Ini wisata alam alami , gak ada tanda2 di buat dimana letaknya jadi pelan2 cari letaknya , ada angin keluar dari sekitar lubang batu tersebut, iyaaa harus sabar nyari letak pas nya",lainnya,akses_jalan,A01,yes,"Sulit menemukan lokasi = akses, bukan keindahan"
wisata-v2_003035::c001,wisata-v2_003035,place_00042,Batu Marhosa,wisata,1,"klo dah dpt puas jga akhir nya seh, dipinggir jalan pas letaknya ,jadi cari parkir nya yg bagus supaya mobil yg lewat Bsa berjalan dengan baik yaaa sob",akses_jalan|parkir,akses_jalan|parkir,A01,yes,
wisata-v2_003040::c000,wisata-v2_003040,place_00042,Batu Marhosa,wisata,0,"No whistles heard, not worth the stop",lainnya,none,A01,yes,'worth the stop' bukan soal harga
wisata-v2_003043::c000,wisata-v2_003043,place_00042,Batu Marhosa,wisata,0,"Sudah mulai berkurang “hosa” nya, tp baik klo dibuatkan tempat duduk sbg Rest Area",fasilitas_umum,fasilitas_umum,A01,yes,
wisata-v2_003054::c002,wisata-v2_003054,place_00079,Danau Sidihoni,wisata,2,with more cows and fewer instructions,lainnya,none,A01,yes,
wisata-v2_003054::c006,wisata-v2_003054,place_00079,Danau Sidihoni,wisata,6,"But once you arrive, the serene landscape of rolling green hills and tranquil waters offers a peaceful respite",lainnya,pemandangan,A01,yes,'peaceful/tranquil' bukan aspek keramaian
wisata-v2_003075::c001,wisata-v2_003075,place_00079,Danau Sidihoni,wisata,1,"sebenarnya berpotensi untuk dikembangkan, karena letaknya di atas pulau Samosir, yang terletak di atas Danau Toba",lainnya,pemandangan,A01,yes,
wisata-v2_003082::c000,wisata-v2_003082,place_00079,Danau Sidihoni,wisata,0,"Karena menurut adat setempat, danau ini sakral, jadi pengelolaan kurang maksimal",budaya|pemandangan,pemandangan|budaya,A01,yes,
wisata-v2_003108::c000,wisata-v2_003108,place_00079,Danau Sidihoni,wisata,0,Danaunya tenang,keramaian,keramaian,A01,yes,
wisata-v2_003133::c000,wisata-v2_003133,place_00065,Bukit Sidihoni,wisata,0,Lokasi cukup bagus utk spot foto,fasilitas_umum,fasilitas_umum,A01,yes,
wisata-v2_003138::c001,wisata-v2_003138,place_00065,Bukit Sidihoni,wisata,1,tapi kurang bersih areal parkiran harusnya dibuat paving blok,kebersihan,parkir|kebersihan,A01,yes,
wisata-v2_003168::c000,wisata-v2_003168,place_00065,Bukit Sidihoni,wisata,0,Sangat bagus,lainnya,none,A01,yes,
wisata-v2_003197::c001,wisata-v2_003197,place_00065,Bukit Sidihoni,wisata,1,Spot foto view cool,fasilitas_umum|pemandangan,fasilitas_umum|pemandangan,A01,yes,
wisata-v2_003241::c001,wisata-v2_003241,place_00065,Bukit Sidihoni,wisata,1,"Disarankan datang pd saat weekday, biar puas hunting spot foto nya",fasilitas_umum,fasilitas_umum,A01,yes,
wisata-v2_003258::c002,wisata-v2_003258,place_00065,Bukit Sidihoni,wisata,2,Suasana yang tenang untuk merilekskan pikiran,keramaian,keramaian,A01,yes,
wisata-v2_003285::c000,wisata-v2_003285,place_00158,Panorama Lembah Bakara,wisata,0,Mantap view nya,pemandangan,pemandangan,A01,yes,
wisata-v2_003287::c000,wisata-v2_003287,place_00158,Panorama Lembah Bakara,wisata,0,Lokasi terbaik untuk spot foto,fasilitas_umum,fasilitas_umum,A01,yes,
wisata-v2_003340::c000,wisata-v2_003340,place_00368,Sitapigagan Waterfall,wisata,0,Akses ke lokasinya nggak bgt👎 Perlu peran serta pemerintah kali ya,akses_jalan,akses_jalan,A01,yes,
wisata-v2_003360::c002,wisata-v2_003360,place_00196,Pusat Informasi Toba Caldera Unesco Global Geopark,wisata,2,Spent almost a good 1 hour in here,lainnya,none,A01,yes,
wisata-v2_003365::c000,wisata-v2_003365,place_00196,Pusat Informasi Toba Caldera Unesco Global Geopark,wisata,0,"Gedung pusat informasi sejarah danau toba, parkiran luas",budaya,parkir|pemandangan|budaya,A01,yes,
wisata-v2_003371::c000,wisata-v2_003371,place_00196,Pusat Informasi Toba Caldera Unesco Global Geopark,wisata,0,"Jika Anda tertarik dengan sejarah Samosir, di sinilah tempatnya",budaya,budaya,A01,yes,
wisata-v2_003372::c000,wisata-v2_003372,place_00196,Pusat Informasi Toba Caldera Unesco Global Geopark,wisata,0,Alam indah tenang nyaman,keramaian,pemandangan|keramaian,A01,yes,
wisata-v2_003376::c001,wisata-v2_003376,place_00196,Pusat Informasi Toba Caldera Unesco Global Geopark,wisata,1,"Letak ny d sigulati, naik k atas dolok",lainnya,akses_jalan,A01,yes,"Lokasi naik ke atas dolok = akses, bukan harga"
wisata-v2_003385::c000,wisata-v2_003385,place_00196,Pusat Informasi Toba Caldera Unesco Global Geopark,wisata,0,"Udah jauh ke puncak bukit, parkir mbil ke pusat informasi msih hrs jalan kaki lagi, kurang nyaman sih",akses_jalan|budaya|fasilitas_umum|harga|parkir|pemandangan,akses_jalan|parkir|pemandangan,A01,yes,
wisata-v2_003455::c000,wisata-v2_003455,place_00196,Pusat Informasi Toba Caldera Unesco Global Geopark,wisata,0,CV FUNKGORA PRODUCTION EVENT ORGANIZER,lainnya,none,A01,yes,
wisata-v2_003470::c003,wisata-v2_003470,place_00070,Caldera Toba Nomadic Escape (Glamour Camping),wisata,3,"Paling ikonik adalah spot foto duduk di kursi dgn latar belakang Danau Toba, yg dinamai Jokowi Point",fasilitas_umum,fasilitas_umum|pemandangan,A01,yes,
wisata-v2_003478::c001,wisata-v2_003478,place_00070,Caldera Toba Nomadic Escape (Glamour Camping),wisata,1,Sayangnya ada salah satu toilet yg kurang keurus semoga semakin baik lagi,toilet,kebersihan|toilet,A01,yes,Kurang keurus = kebersihan
wisata-v2_003534::c000,wisata-v2_003534,place_00070,Caldera Toba Nomadic Escape (Glamour Camping),wisata,0,"Tempat dengan view danau toba, tersedia fasilitas toilet, parkir, wahana bermain, glamping dan bobocabin",parkir|pemandangan|toilet,parkir|toilet|fasilitas_umum|pemandangan,A01,yes,
wisata-v2_003543::c000,wisata-v2_003543,place_00070,Caldera Toba Nomadic Escape (Glamour Camping),wisata,0,Tutup dibuat jam 180 Jauh2 datang rupanya jam 170 tutup Pelayanan ga jelas!!!,jam_operasional|pelayanan,pelayanan|jam_operasional,A01,yes,
wisata-v2_003548::c000,wisata-v2_003548,place_00070,Caldera Toba Nomadic Escape (Glamour Camping),wisata,0,I have no complain with this place everything is good and nice service good always good,pelayanan,pelayanan,A01,yes,
wisata-v2_003553::c002,wisata-v2_003553,place_00070,Caldera Toba Nomadic Escape (Glamour Camping),wisata,2,Cuma pas kesana spot arena banyak yang tutup,jam_operasional,jam_operasional,A01,yes,
wisata-v2_003598::c000,wisata-v2_003598,place_00070,Caldera Toba Nomadic Escape (Glamour Camping),wisata,0,Yang namanya danau Toba dilihat dari segi manapun tetap indaaaaah sekali..caldera Toba termasuk tempat wisata yg ramah dikantong..bnyk spot berfoto,pelayanan,harga|pelayanan|pemandangan,A01,yes,'ramah dikantong' = harga; pemandangan; bukan keramaian
wisata-v2_003605::c000,wisata-v2_003605,place_00070,Caldera Toba Nomadic Escape (Glamour Camping),wisata,0,Fasilitas pendukung sangat kurang.Toilet di cafe tidak berfungsi padahal saat liburan akhir tahun/peak season.Toilet umum yg tersedia harus turun jauh yg sangat tidak nyaman untuk orang tua karena jalan mendaki utk kembali ke atas,akses_jalan|makanan|toilet,akses_jalan|toilet|makanan|fasilitas_umum,A01,yes,
wisata-v2_003641::c000,wisata-v2_003641,place_00070,Caldera Toba Nomadic Escape (Glamour Camping),wisata,0,Tempat NY cukup bersih,kebersihan,kebersihan,A01,yes,
wisata-v2_003641::c001,wisata-v2_003641,place_00070,Caldera Toba Nomadic Escape (Glamour Camping),wisata,1,Tapi Anda tidak bisa membawa makanan,makanan,makanan,A01,yes,
wisata-v2_003655::c003,wisata-v2_003655,place_00070,Caldera Toba Nomadic Escape (Glamour Camping),wisata,3,Phones charging stations are available near the toilet,toilet,toilet,A01,yes,
wisata-v2_003672::c003,wisata-v2_003672,place_00070,Caldera Toba Nomadic Escape (Glamour Camping),wisata,3,"Tp itu pun ada di tempat wisata Paropo, yg masuk y gratis",harga,harga,A01,yes,
wisata-v2_003820::c001,wisata-v2_003820,place_00321,Bukit Holbung Samosir,wisata,1,The trail starts with stairs and continues with gentle grassy slopes — beginner-friendly and totally,pelayanan,akses_jalan,A01,yes,"Trail/stairs = akses, bukan pelayanan"
wisata-v2_003939::c002,wisata-v2_003939,place_00321,Bukit Holbung Samosir,wisata,2,Jika tidak ingin jalan kaki tersedia ojek motor yang membawa sampai bukit kedua,akses_jalan|pemandangan,akses_jalan|parkir|pemandangan,A01,yes,
wisata-v2_004020::c002,wisata-v2_004020,place_00321,Bukit Holbung Samosir,wisata,2,Fasilitas toilet tolong diperbaiki,toilet,toilet|fasilitas_umum,A01,yes,
wisata-v2_004216::c001,wisata-v2_004216,place_00321,Bukit Holbung Samosir,wisata,1,"Minimum hike, the small restaurant nearby",makanan,makanan,A01,yes,
wisata-v2_004331::c002,wisata-v2_004331,place_00321,Bukit Holbung Samosir,wisata,2,"Kalau Uang masuk 5k per orang, parkir kreta juga 5k",parkir,parkir|harga,A01,yes,
wisata-v2_004447::c000,wisata-v2_004447,place_00321,Bukit Holbung Samosir,wisata,0,Our trip from Parapat to here was 45 min on ferry + 1hr on motorbike,transportasi,transportasi,A01,yes,
wisata-v2_004451::c001,wisata-v2_004451,place_00321,Bukit Holbung Samosir,wisata,1,You should go here if you travel to Samosir,transportasi,none,A01,yes,'travel' sebagai verb konteks
wisata-v2_004675::c000,wisata-v2_004675,place_00321,Bukit Holbung Samosir,wisata,0,Tempat nyaman bersih dari sampah tolong selalu dijaga kebersihannya buat para pecinta kemping,kebersihan,kebersihan,A01,yes,
wisata-v2_004796::c000,wisata-v2_004796,place_00321,Bukit Holbung Samosir,wisata,0,"Sungguh indah ciptaan Tuhan di lihat dari tempat ini, hanya di tepi jalan masih perlu penataan Krn akan rawan longsor",akses_jalan|keamanan,akses_jalan|keamanan|pemandangan,A01,yes,
wisata-v2_004855::c000,wisata-v2_004855,place_00321,Bukit Holbung Samosir,wisata,0,Untuk seusai 56 tahun masih aman untuk mengenal bukit yang panoramanya sangat ruarrrr biasa,keamanan,keamanan|pemandangan,A01,yes,
wisata-v2_004966::c000,wisata-v2_004966,place_00321,Bukit Holbung Samosir,wisata,0,Parkir mobil/ motor susah karena tak ada lahan parkir,akses_jalan|harga|parkir,parkir,A01,yes,
wisata-v2_005015::c001,wisata-v2_005015,place_00321,Bukit Holbung Samosir,wisata,1,Akses jalan mendaki dengan tangga yg lumayan tinggi,akses_jalan,akses_jalan,A01,yes,
wisata-v2_005056::c000,wisata-v2_005056,place_00041,Batu Lihi Star,wisata,0,"Spot foto terindah yang bisa kita nikmati, dengan latar belakang pemandangan indahnya danau, memanjakan mata setiap pengunjung, recomended banget lokasinya 👍👍",fasilitas_umum|pemandangan,fasilitas_umum|pemandangan,A01,yes,
wisata-v2_005090::c003,wisata-v2_005090,place_00041,Batu Lihi Star,wisata,3,Retribusi untuk spot foto 5K sepuasnya,fasilitas_umum,fasilitas_umum,A01,yes,
wisata-v2_005157::c000,wisata-v2_005157,place_00291,Togaraja,wisata,0,Cantik bgt asli ga nyesel,pemandangan,pemandangan,A01,yes,
wisata-v2_005167::c001,wisata-v2_005167,place_00291,Togaraja,wisata,1,"Setelah sampai dilokasi, ternyata kabut tebal",lainnya,pelayanan,A01,yes,"'Boat' nama hotel, bukan transportasi; profesionalisme = pelayanan"
wisata-v2_005172::c003,wisata-v2_005172,place_00291,Togaraja,wisata,3,Banyak spot foto untuk kamu bisa berfoto ria juga ada warung2 makanan,fasilitas_umum|makanan,makanan|fasilitas_umum,A01,yes,
wisata-v2_005180::c006,wisata-v2_005180,place_00291,Togaraja,wisata,6,Semoga dalam waktu dekat kami bisa mampir kembali Baik teman teman yg datang bersama sama menjaga kebersihan Utk pengelola semoga akses jalannya diperhatikan Saya berharap semoga banyak kunjungan masyarakat ke sana Terimakasih toga raja utk kenangannya,akses_jalan,akses_jalan|kebersihan|pelayanan,A01,yes,
wisata-v2_005183::c000,wisata-v2_005183,place_00291,Togaraja,wisata,0,Pemandangan indah,pemandangan,pemandangan,A01,yes,
wisata-v2_005198::c000,wisata-v2_005198,place_00291,Togaraja,wisata,0,Tempatnya family friendly - Akses jalannya belum cukup bagus - Berjarak sekitar 3km dari jalan lintas dolok sanggul - Kamar mandi & WC tersedia - Biaya masuk 500/org dan parkir mobil 1000/org - Bisa dipergunakan sebagai lapak camping,akomodasi|akses_jalan|parkir|pelayanan|toilet,akses_jalan|parkir|toilet|harga|pelayanan|akomodasi|aksesibilitas,A01,yes,
wisata-v2_005213::c000,wisata-v2_005213,place_00291,Togaraja,wisata,0,Tempat bagus untuk kemah.akses jalan masih bebatuan.maklum wisata baru,akses_jalan,akses_jalan,A01,yes,
wisata-v2_005214::c003,wisata-v2_005214,place_00291,Togaraja,wisata,3,"Trus kalau bisa gazebo nya dibanyakin, kasihan kalo misalnya musim hujan",fasilitas_umum,fasilitas_umum,A01,yes,
wisata-v2_005232::c000,wisata-v2_005232,place_00291,Togaraja,wisata,0,spot view Danau toba terbaik,pemandangan,pemandangan,A01,yes,
wisata-v2_005234::c002,wisata-v2_005234,place_00291,Togaraja,wisata,2,The rute lil bit far from town and rough,lainnya,akses_jalan,A01,yes,
wisata-v2_005239::c000,wisata-v2_005239,place_00291,Togaraja,wisata,0,"Tempatt nya bagus, udaranya sejuk klw di pagi hari, merasa tenang pikiran klw kesini krna ngeliat View nya yg bagus",keramaian|pemandangan,jam_operasional|pemandangan|keramaian,A01,yes,
wisata-v2_005244::c010,wisata-v2_005244,place_00291,Togaraja,wisata,10,Dan kamar mandi ditambah,akomodasi|toilet,toilet,A01,yes,Wisata; bukan akomodasi
wisata-v2_005260::c004,wisata-v2_005260,place_00167,Pantai Pulo Tao,wisata,4,"Selain itu, pemandangan di sekitar pantai yang dikelilingi oleh pegunungan dan vegetasi tropis menambah daya tariknya",pemandangan,pemandangan,A01,yes,
wisata-v2_005265::c000,wisata-v2_005265,place_00081,Desa Wisata Sigapiton,wisata,0,"Kami sampai di Kaldera pukul 7 pagi, saat itu warung2 masih tutup, kami memutuskan explore tempat lain dan menemukan lokasi desa ini",jam_operasional,akses_jalan|jam_operasional,A01,yes,
wisata-v2_005281::c000,wisata-v2_005281,place_00139,Menara Pandang Simanindo,wisata,0,"Pertama singgah karena ga paham tempat apa, Dari atas bisa lihat rumah adat juga Pagi pagi kesini pintu masih tutup sehingga motor parkir di jalan raya",akses_jalan|budaya|jam_operasional|parkir,akses_jalan|parkir|jam_operasional|budaya,A01,yes,
wisata-v2_005285::c001,wisata-v2_005285,place_00139,Menara Pandang Simanindo,wisata,1,"Ada beberapa gazebo yang baru dibuat, dan spot foto yang belum siap",fasilitas_umum,fasilitas_umum,A01,yes,
wisata-v2_005285::c002,wisata-v2_005285,place_00139,Menara Pandang Simanindo,wisata,2,"Oiya, jalan ke sini tanjakan, sulit untuk mobil parkir",akses_jalan|harga|parkir,akses_jalan|parkir,A01,yes,
wisata-v2_005286::c000,wisata-v2_005286,place_00139,Menara Pandang Simanindo,wisata,0,pemandangan sinapuran simanindo,pemandangan,pemandangan,A01,yes,
wisata-v2_005308::c000,wisata-v2_005308,place_00059,Bukit Burung,wisata,0,Keren,pemandangan,none,A01,yes,
wisata-v2_005332::c000,wisata-v2_005332,place_00059,Bukit Burung,wisata,0,"360° view at lake Toba and Samosir Island, great 👍",pemandangan,pemandangan,A01,yes,
wisata-v2_005335::c000,wisata-v2_005335,place_00059,Bukit Burung,wisata,0,Baguss...untuk spot foto,fasilitas_umum,fasilitas_umum,A01,yes,
wisata-v2_005341::c002,wisata-v2_005341,place_00059,Bukit Burung,wisata,2,"Akses jalan sudah baik, hanya butuh sedikit perjuangan dengan jalan kaki utk sampai ke spot yg dituju",akses_jalan,akses_jalan,A01,yes,
wisata-v2_005377::c002,wisata-v2_005377,place_00168,Pantai Silalahi,wisata,2,berliku dan licin Tersedia Musholla An-nur dikaji bukit,keamanan,keamanan|fasilitas_umum|pemandangan,A01,yes,
wisata-v2_005397::c001,wisata-v2_005397,place_00168,Pantai Silalahi,wisata,1,Penuh sekali,keramaian,keramaian,A01,yes,
wisata-v2_005436::c000,wisata-v2_005436,place_00168,Pantai Silalahi,wisata,0,Bagus dan keren,pemandangan,none,A01,yes,
wisata-v2_005551::c000,wisata-v2_005551,place_00003,Aek Rangat Pangururan,wisata,0,Ramai,keramaian,keramaian,A01,yes,
wisata-v2_005592::c002,wisata-v2_005592,place_00003,Aek Rangat Pangururan,wisata,2,jam 10 malam uda tutup,jam_operasional,jam_operasional,A01,yes,
wisata-v2_005619::c002,wisata-v2_005619,place_00003,Aek Rangat Pangururan,wisata,2,aman karena udah dirantai semua😂 berjejer disepanjang jalan kita mendaki🤭,akses_jalan|keamanan,akses_jalan|keamanan,A01,yes,
wisata-v2_005634::c000,wisata-v2_005634,place_00003,Aek Rangat Pangururan,wisata,0,"Untuk Resto lumayan Mahal, Kamar mandi dan Pembilasan Mohon lebih Diperhatikan",akomodasi|harga|toilet,toilet|harga,A01,yes,Kamar mandi bukan akomodasi
wisata-v2_005660::c000,wisata-v2_005660,place_00003,Aek Rangat Pangururan,wisata,0,"Tempat pemandian nya oke,tapi diwajibkan belanja dg harga gak wajar itu rasanya gak wortit karna harga makanan yg mahal",harga|makanan,harga|makanan|fasilitas_umum,A01,yes,
wisata-v2_005662::c000,wisata-v2_005662,place_00003,Aek Rangat Pangururan,wisata,0,"Banyak lokasi pemandian, sore hari cenderung ramai",keramaian,jam_operasional|fasilitas_umum|keramaian,A01,yes,
wisata-v2_005704::c003,wisata-v2_005704,place_00003,Aek Rangat Pangururan,wisata,3,Mandi gratis,harga,harga,A01,yes,
wisata-v2_005719::c002,wisata-v2_005719,place_00003,Aek Rangat Pangururan,wisata,2,harga bervariasi rata2 per orang 10rb,harga,harga,A01,yes,
wisata-v2_005748::c002,wisata-v2_005748,place_00003,Aek Rangat Pangururan,wisata,2,"Mandi tidak perlu membayar, cukup beli makanan aja di warung yg menyedikan pemandian air panas tersebut",akomodasi|makanan,toilet|makanan|fasilitas_umum,A01,yes,
wisata-v2_005772::c000,wisata-v2_005772,place_00003,Aek Rangat Pangururan,wisata,0,"tempat yg cukup bagus dan pemandangan alam danau toba yg begitu indah..ada banyak tempat pemandian air alam hangat yg di kelola masyarakat sekitar,resort dan caffe serta hotel juga tersedia disini",akomodasi|pemandangan,akomodasi|fasilitas_umum|pemandangan,A01,yes,
wisata-v2_005807::c000,wisata-v2_005807,place_00003,Aek Rangat Pangururan,wisata,0,"Pantainya bersih, pelayanan nya baik dan terjamin dengan fasilitas yang baik",kebersihan|pelayanan,kebersihan|pelayanan|fasilitas_umum,A01,yes,
wisata-v2_005818::c000,wisata-v2_005818,place_00003,Aek Rangat Pangururan,wisata,0,Tiket masuknya aja mahal,harga,harga,A01,yes,
wisata-v2_005871::c000,wisata-v2_005871,place_00180,Penatapan Parhallow Sigarantung,wisata,0,Liburan alam yang damai dengan pemandangan Danau Toba yang indah!,pemandangan,pemandangan,A01,yes,
wisata-v2_005880::c006,wisata-v2_005880,place_00180,Penatapan Parhallow Sigarantung,wisata,6,"Whether you’re fueling up or just soaking in the misty mountain vibes, this place hits the sweet spot",lainnya,none,A01,yes,
wisata-v2_005940::c000,wisata-v2_005940,place_00180,Penatapan Parhallow Sigarantung,wisata,0,"Tempat nya bagus , makanan dan minuman disediakan Disni ,untuk akses memandang dan santai bagus Disni , lokasi nya dari tomok ke kiri , untuk sampai Kesni tidak memakan waktu lama sekitar 10 menit krn sambil memandang dari jalan indahnya pengunungan dan Danau Toba yg estetik",akses_jalan|makanan|pemandangan,akses_jalan|pelayanan|makanan|pemandangan,A01,yes,
wisata-v2_005945::c002,wisata-v2_005945,place_00180,Penatapan Parhallow Sigarantung,wisata,2,Wifi cukup kencang,internet_sinyal,internet_sinyal,A01,yes,
wisata-v2_005956::c000,wisata-v2_005956,place_00180,Penatapan Parhallow Sigarantung,wisata,0,"Makanan lezat, pemandangan fantastis, dan staf yang sangat baik",makanan|pemandangan,pelayanan|makanan|pemandangan,A01,yes,
wisata-v2_005957::c000,wisata-v2_005957,place_00180,Penatapan Parhallow Sigarantung,wisata,0,"Nice view, food standard, price standard, service good",harga|makanan|pelayanan|pemandangan,harga|pelayanan|makanan|pemandangan,A01,yes,
wisata-v2_005961::c000,wisata-v2_005961,place_00180,Penatapan Parhallow Sigarantung,wisata,0,"Sejuk, Dingin, Indah",lainnya,pemandangan,A01,yes,
wisata-v2_005984::c007,wisata-v2_005984,place_00180,Penatapan Parhallow Sigarantung,wisata,7,Can't even describe it as coffee,lainnya,pemandangan,A01,yes,'sejuk indah' = benar pemandangan; tapi coffee deskripsi bukan evaluasi makanan
wisata-v2_006009::c000,wisata-v2_006009,place_00180,Penatapan Parhallow Sigarantung,wisata,0,Singgah kesini untuk bersantai sambil minum & makan sambil menikmati danau Toba dari bukit..tersedia jg toilet untuk umum..parkir motor & mobil luas,makanan|parkir|toilet,parkir|toilet|makanan|pemandangan,A01,yes,
wisata-v2_006015::c000,wisata-v2_006015,place_00039,Batu Gantung,wisata,0,"Tempat yg sangat menarik untuk dikunjungi jika datang ke Parapat danau Toba .dgn akses naik kapal kayu atau speed boat jga , ini wisata alam alami yg sangat indah dan estetika, klo ke Parapat wajib Kesni yaaa sob",akses_jalan|transportasi,akses_jalan|transportasi|pemandangan,A01,yes,
wisata-v2_006083::c000,wisata-v2_006083,place_00039,Batu Gantung,wisata,0,Pemandangan nya indah dan ada cerita nya,pemandangan,pemandangan,A01,yes,
wisata-v2_006116::c000,wisata-v2_006116,place_00039,Batu Gantung,wisata,0,View nya keren,pemandangan,pemandangan,A01,yes,
wisata-v2_006156::c000,wisata-v2_006156,place_00039,Batu Gantung,wisata,0,Tempat yg sangat indah untuk berwisata bersama keluarga 👍👍,lainnya,pemandangan,A01,yes,"'keluarga' bukan aksesibilitas, hanya konteks umum"
wisata-v2_006225::c000,wisata-v2_006225,place_00039,Batu Gantung,wisata,0,"Melayani Bidang Transportasi Mobil Pribadi, Travel dan Rentalan",transportasi,transportasi|parkir,A01,yes,
wisata-v2_006252::c001,wisata-v2_006252,place_00039,Batu Gantung,wisata,1,Wanita dan seekor anjing melompat ke Tebing Jurang dan tergantung tdk sampai ke Air Danau,lainnya,keamanan,A01,yes,"Insiden bahaya, bukan akses jalan atau pemandangan"
wisata-v2_006254::c000,wisata-v2_006254,place_00039,Batu Gantung,wisata,0,Luar biasa pemandangan ini,pemandangan,pemandangan,A01,yes,
wisata-v2_006271::c000,wisata-v2_006271,place_00039,Batu Gantung,wisata,0,Keindahan Alam sebagai sejarah yang turun temurun,budaya,pemandangan|budaya,A01,yes,
wisata-v2_006323::c000,wisata-v2_006323,place_00097,Gunung Pusuk Buhit,wisata,0,Cukup capek karena jalan kaki untuk mencapai ke puncak Gunungnya,akses_jalan,akses_jalan,A01,yes,
wisata-v2_006326::c000,wisata-v2_006326,place_00097,Gunung Pusuk Buhit,wisata,0,Keren,pemandangan,none,A01,yes,
wisata-v2_006335::c002,wisata-v2_006335,place_00097,Gunung Pusuk Buhit,wisata,2,Sangat direkomendasikan mendaki bersama guide agar bisa memahami cerita di balik situs situs di gunung ini,lainnya,pelayanan,A01,yes,Mendaki bukan akses jalan; fokusnya guide/pemandu
wisata-v2_006335::c003,wisata-v2_006335,place_00097,Gunung Pusuk Buhit,wisata,3,Mobil dan motor bisa mengakses sampai 3/4 jalan ke puncak,akses_jalan,akses_jalan|parkir,A01,yes,
wisata-v2_006353::c000,wisata-v2_006353,place_00097,Gunung Pusuk Buhit,wisata,0,Bagus,lainnya,none,A01,yes,
wisata-v2_006400::c001,wisata-v2_006400,place_00068,Bukit Sipolha,wisata,1,"Biaya parkir 5rb, perorg 5rb",parkir,parkir|harga,A01,yes,
wisata-v2_006426::c000,wisata-v2_006426,place_00068,Bukit Sipolha,wisata,0,Cukup bagus untuk dapat akses foto ke danau Toba,akses_jalan,akses_jalan|pemandangan,A01,yes,
wisata-v2_006443::c004,wisata-v2_006443,place_00068,Bukit Sipolha,wisata,4,kendaraan dijamin aman kok,keamanan,keamanan,A01,yes,
wisata-v2_006443::c005,wisata-v2_006443,place_00068,Bukit Sipolha,wisata,5,Cocok juga buat liat sunset dan sunrise atau legiatan mancing dan renang,pemandangan,fasilitas_umum|pemandangan,A01,yes,
wisata-v2_006458::c000,wisata-v2_006458,place_00068,Bukit Sipolha,wisata,0,Bukit sipolha 👏sangat indah 😍sangat cocok utk pengambilan foto pemandangan dan perginapan 🏡yg indah tentram dan damai,pemandangan,akomodasi|pemandangan,A01,yes,Perginapan = akomodasi
wisata-v2_006502::c001,wisata-v2_006502,place_00007,Air Terjun Janji,wisata,1,berada di pinggiran danau toba,lainnya,none,A01,yes,"Hanya menyebut lokasi di tepi danau, bukan evaluasi pemandangan"
wisata-v2_006515::c000,wisata-v2_006515,place_00007,Air Terjun Janji,wisata,0,"Easy to acces, and clean👍🏻",kebersihan,kebersihan,A01,yes,
wisata-v2_006519::c000,wisata-v2_006519,place_00007,Air Terjun Janji,wisata,0,Air terjun tidak jauh dari jalan raya,akses_jalan|pemandangan,fasilitas_umum,A01,yes,"Ruang ganti = fasilitas umum, bukan akomodasi"
wisata-v2_006590::c001,wisata-v2_006590,place_00007,Air Terjun Janji,wisata,1,Sepanjang jalan menuju air terjun disuguhkan dgn pemandangan indah bukit2 dan danau toba,akses_jalan|pemandangan,akses_jalan,A01,yes,"Jarak ke jalan utama = akses, bukan pemandangan"
wisata-v2_006595::c003,wisata-v2_006595,place_00007,Air Terjun Janji,wisata,3,Hanya perlu berhati2 saat mendekati air terjun karena batu yang licin,keamanan,keamanan|pemandangan,A01,yes,
wisata-v2_006615::c001,wisata-v2_006615,place_00007,Air Terjun Janji,wisata,1,Anak2 juga aman,keamanan,keamanan,A01,yes,
wisata-v2_006634::c000,wisata-v2_006634,place_00007,Air Terjun Janji,wisata,0,"Udara yang sangat segar, bersih, sehat untuk terus datang berkunjung",kebersihan,kebersihan,A01,yes,
wisata-v2_006659::c000,wisata-v2_006659,place_00007,Air Terjun Janji,wisata,0,"Areal parkir cukup memadai, free entrance fee, bisa mandi di kolam penampung air yang tersedia",parkir,parkir|harga|fasilitas_umum,A01,yes,
wisata-v2_006672::c000,wisata-v2_006672,place_00007,Air Terjun Janji,wisata,0,Kondisi dan keindahan nya membuat pikiran tenang Lokasinya bersih Hanya perlu lebih di rawat lagi,kebersihan|keramaian,kebersihan|keramaian,A01,yes,
wisata-v2_006690::c000,wisata-v2_006690,place_00007,Air Terjun Janji,wisata,0,"Konsep liburan yang menyenangkan, hanya perlu bayar parkir",parkir,parkir|harga,A01,yes,
wisata-v2_006698::c000,wisata-v2_006698,place_00007,Air Terjun Janji,wisata,0,"Air terjun nya sejuk,tempatnya indah pemandangan cukup indah kedanau toba dan pulau simamora makanan juga tersedia dan penduduk setempat jg ramah",makanan|pelayanan|pemandangan,pelayanan|makanan|fasilitas_umum|pemandangan,A01,yes,Air terjun + pemandangan + makanan + ramah; bukan keamanan
wisata-v2_006712::c000,wisata-v2_006712,place_00007,Air Terjun Janji,wisata,0,Tempatnya bersih dan nyaman,kebersihan,kebersihan,A01,yes,
wisata-v2_006790::c000,wisata-v2_006790,place_00142,Monumen Raja Sonakmalela,wisata,0,Makan pisang goreng naga baling dan bandrek yang luar biasa,makanan,makanan,A01,yes,
wisata-v2_006807::c000,wisata-v2_006807,place_00080,Desa Adat Ragi Hotang Meat,wisata,0,Sangat memuaskan,lainnya,none,A01,yes,
wisata-v2_006822::c004,wisata-v2_006822,place_00083,Desa Wisata Tomok Parsaoran,wisata,4,Bisa mencoba tari batak di sini,lainnya,budaya,A01,yes,
wisata-v2_006823::c001,wisata-v2_006823,place_00083,Desa Wisata Tomok Parsaoran,wisata,1,with souvenir stalls,oleh_oleh,oleh_oleh,A01,yes,
wisata-v2_006829::c001,wisata-v2_006829,place_00083,Desa Wisata Tomok Parsaoran,wisata,1,"Di tempat ini, terdapat sejumlah toko yang menjual oleh-oleh mulai dari kain Batak, ornamen Batak, kerajinan tangan, kaos, pakaian, mainan, dan sebagainya",oleh_oleh,budaya|oleh_oleh,A01,yes,
wisata-v2_006829::c006,wisata-v2_006829,place_00083,Desa Wisata Tomok Parsaoran,wisata,6,"Namun, untuk masuk ke pertunjukan dan museum, ada biaya masuk yang dikenakan",budaya,harga|budaya,A01,yes,
wisata-v2_006830::c000,wisata-v2_006830,place_00083,Desa Wisata Tomok Parsaoran,wisata,0,Terdapat kegiatan kebudayaan Batak serta souvenir khas Samosir,oleh_oleh,budaya|oleh_oleh,A01,yes,
wisata-v2_006833::c001,wisata-v2_006833,place_00083,Desa Wisata Tomok Parsaoran,wisata,1,Ticket kapal kecil dari pelabuhan ajibata hanya 1500,transportasi,transportasi|harga,A01,yes,
wisata-v2_006839::c001,wisata-v2_006839,place_00083,Desa Wisata Tomok Parsaoran,wisata,1,Banyak toko souvenir,oleh_oleh,oleh_oleh,A01,yes,
wisata-v2_006845::c000,wisata-v2_006845,place_00083,Desa Wisata Tomok Parsaoran,wisata,0,Tempat yang bagus untuk mengetahui salah satu budaya batak toba,budaya,budaya,A01,yes,
wisata-v2_006854::c000,wisata-v2_006854,place_00083,Desa Wisata Tomok Parsaoran,wisata,0,"Desa Wisata Tomok Parsaoran memiliki objek wisata budaya seperti museum batak, batu kursi, patung Sigale-gale, area Makam Raja Sidabutar, bangunan Sopo (bangunan khas batak) dan lain-lain",budaya,fasilitas_umum|budaya,A01,yes,
wisata-v2_006858::c000,wisata-v2_006858,place_00349,Pengrajin Ulos Batak Dan Karo (Christwo Tenun),wisata,0,tempatnya bagus,lainnya,none,A01,yes,
wisata-v2_006858::c004,wisata-v2_006858,place_00349,Pengrajin Ulos Batak Dan Karo (Christwo Tenun),wisata,4,parsahalian ma ate,lainnya,none,A01,yes,
wisata-v2_006881::c000,wisata-v2_006881,place_00349,Pengrajin Ulos Batak Dan Karo (Christwo Tenun),wisata,0,"banyak pungutan kocak, dikit2 minta uang mending ke galeri ulos di medan, dapat minum gratis, parkir gratis wkwk dan ber ac",harga|parkir,parkir|harga|oleh_oleh,A01,yes,Pungutan/pungli = harga; galeri ulos = oleh_oleh; parkir gratis; bukan makanan/akomodasi
wisata-v2_006884::c004,wisata-v2_006884,place_00349,Pengrajin Ulos Batak Dan Karo (Christwo Tenun),wisata,4,"Saya juga melihat langsung pembuatan kain ulos dengan menggunakan peralatan tradisional, bukan mesin",budaya,oleh_oleh,A01,yes,
wisata-v2_006885::c003,wisata-v2_006885,place_00349,Pengrajin Ulos Batak Dan Karo (Christwo Tenun),wisata,3,"Kalau untuk kesejahteraan masyarakat, kami belanja hasil tenunan mereka",lainnya,oleh_oleh,A01,yes,Belanja tenun = oleh-oleh
wisata-v2_006905::c000,wisata-v2_006905,place_00349,Pengrajin Ulos Batak Dan Karo (Christwo Tenun),wisata,0,"Keren banget, suatu warisan budaya yg terjaga sangat baik",budaya|pemandangan,budaya,A01,yes,
wisata-v2_006905::c001,wisata-v2_006905,place_00349,Pengrajin Ulos Batak Dan Karo (Christwo Tenun),wisata,1,"Berjejer rumah adat batak yg sudah berusia ratusan tahun dan masih ditinggali oleh pemiliknya dari generasi ke generasi hingga sekarang (bahkan ada yg sudah lebih dari 600 tahun) Ada juga beberapa ibu2 penenun Ulos yg masih menggunakan cara tradisional, keren dech pokoknya",budaya|pemandangan,budaya|oleh_oleh,A01,yes,
wisata-v2_006907::c000,wisata-v2_006907,place_00349,Pengrajin Ulos Batak Dan Karo (Christwo Tenun),wisata,0,"Salah satu tempat wisata di samosir, terdapat banyak rumah adat (ruma bolon) yang tetap dirawat dengan baik",budaya,budaya,A01,yes,
wisata-v2_006916::c000,wisata-v2_006916,place_00349,Pengrajin Ulos Batak Dan Karo (Christwo Tenun),wisata,0,saya sangat bangga dengan menghidupkan budaya dan adatnya,budaya,budaya,A01,yes,
wisata-v2_006919::c000,wisata-v2_006919,place_00349,Pengrajin Ulos Batak Dan Karo (Christwo Tenun),wisata,0,Toilet tdk ada air,toilet,toilet,A01,yes,
wisata-v2_006944::c000,wisata-v2_006944,place_00349,Pengrajin Ulos Batak Dan Karo (Christwo Tenun),wisata,0,Krennnnn Bangga pernah berkunjung ke kampung ulos kabupaten Samosir,lainnya,none,A01,yes,"'kampung ulos' hanya nama desa, bukan membahas oleh-oleh"
wisata-v2_006947::c000,wisata-v2_006947,place_00349,Pengrajin Ulos Batak Dan Karo (Christwo Tenun),wisata,0,Keren kali kampung ulos hutaraja ini,pemandangan,budaya,A01,yes,"Kampung ulos = budaya/kerajinan, bukan pemandangan"
wisata-v2_006972::c000,wisata-v2_006972,place_00172,Patung Sigalegale,wisata,0,"Waktu saya berkunjung yg jaga abang2, sangat kasar sementang lagi banyak pengunjung, dgn sombongnya langsung tirai di tutup, kecewa",jam_operasional,pelayanan|jam_operasional|keramaian,A01,yes,Banyak pengunjung + sangat kasar
wisata-v2_006976::c002,wisata-v2_006976,place_00172,Patung Sigalegale,wisata,2,"Tempat nya bagus, masuk hanya parkir saja",parkir,parkir,A01,yes,
wisata-v2_007002::c000,wisata-v2_007002,place_00172,Patung Sigalegale,wisata,0,This site its very iconic of samosir You guys can take photos using the Ulos traditional accessories of batak Its very cheap retribution to buy a ticket Near Sigale gale have souvenir market with cheap prices depending your bargains Enjoy the show of Si gale gale guys Cheers,oleh_oleh,harga|budaya|oleh_oleh,A01,yes,
wisata-v2_007005::c002,wisata-v2_007005,place_00172,Patung Sigalegale,wisata,2,"To find it, follow Google maps and pass through the souvenir stalls",oleh_oleh,oleh_oleh,A01,yes,
wisata-v2_007069::c002,wisata-v2_007069,place_00172,Patung Sigalegale,wisata,2,Terdapat banyak toko pakaian dan souvenir di sepanjang lorong menuju museum,budaya|oleh_oleh,oleh_oleh,A01,yes,"Toko souvenir, bukan budaya"
wisata-v2_007075::c001,wisata-v2_007075,place_00172,Patung Sigalegale,wisata,1,Mari kita lestarikan budaya tor tor batak,budaya,budaya,A01,yes,
wisata-v2_007079::c003,wisata-v2_007079,place_00172,Patung Sigalegale,wisata,3,banyak sovenir dan cendramata untuk oleh- oleh khas danau Toba,oleh_oleh,pemandangan,A01,yes,
wisata-v2_007082::c000,wisata-v2_007082,place_00172,Patung Sigalegale,wisata,0,"Wisata sejarah, sayang tidak ada guide tour untuk menjelaskan tentang Sigale-gale",budaya,pelayanan|budaya,A01,yes,
wisata-v2_007090::c000,wisata-v2_007090,place_00172,Patung Sigalegale,wisata,0,"Lokasi sekitar perlu ada perhatian, agar lebih asri lagi,beberapa tahun sebelumnya biarpun tdk hari libur besar, tetap ramai.salah satu penunjang agar pengunjung pengen ksana kan disebabkan review yg mengesankan dari org yg sudah pernah ksana",keramaian,pemandangan|keramaian,A01,yes,
wisata-v2_007109::c000,wisata-v2_007109,place_00172,Patung Sigalegale,wisata,0,"Pelestarian budaya Toba, keren",budaya|pemandangan,budaya,A01,yes,
wisata-v2_007119::c000,wisata-v2_007119,place_00172,Patung Sigalegale,wisata,0,Salah satu tempat wisata didaerah tomok samosir yg punya cerita sejarah tersendiri 👍👍,budaya,budaya,A01,yes,
wisata-v2_007125::c000,wisata-v2_007125,place_00172,Patung Sigalegale,wisata,0,Viewnya keren abisss,pemandangan,none,A01,yes,
wisata-v2_007146::c000,wisata-v2_007146,place_00112,Istana Raja Sisingamangaraja,wisata,0,Bagus dan penuh sejarah,budaya|keramaian,keramaian|budaya,A01,yes,
wisata-v2_007148::c005,wisata-v2_007148,place_00112,Istana Raja Sisingamangaraja,wisata,5,"Area nya sangat bersih, terawat dgn sangat baik, bintang 5 deh buat kenyamanan nya, ditambah lagi lokasinya di dekat kawasan danau Toba yang luar biasa sejuknya minta ampun",kebersihan,kebersihan|pemandangan,A01,yes,
wisata-v2_007181::c000,wisata-v2_007181,place_00112,Istana Raja Sisingamangaraja,wisata,0,"Tempat bersejarah yang bagus, tolong dikembangkan lagi kebersihannya demi kenyamanan pengunjung",lainnya,kebersihan|budaya,A01,yes,Tempat bersejarah + keluhan kebersihan
wisata-v2_007189::c000,wisata-v2_007189,place_00112,Istana Raja Sisingamangaraja,wisata,0,Sejarah perjuangan,budaya,budaya,A01,yes,
wisata-v2_007195::c000,wisata-v2_007195,place_00112,Istana Raja Sisingamangaraja,wisata,0,Situs Sejarah Harus Dilestarikan,budaya,budaya,A01,yes,
wisata-v2_007252::c000,wisata-v2_007252,place_00040,Batu Kursi Raja Siallagan ( Stone Chair Of King Siallagan ),wisata,0,"Jika Anda penasaran dengan budaya orang Batak, mampirlah",budaya,budaya,A01,yes,
wisata-v2_007254::c000,wisata-v2_007254,place_00040,Batu Kursi Raja Siallagan ( Stone Chair Of King Siallagan ),wisata,0,Datanglah segera setelah konter tutup,jam_operasional,jam_operasional,A01,yes,
wisata-v2_007266::c001,wisata-v2_007266,place_00040,Batu Kursi Raja Siallagan ( Stone Chair Of King Siallagan ),wisata,1,Kelestarian adat istiadat dan budaya suku Batak yang masih terjaga dan terawat dengan baik,budaya|kebersihan,kebersihan|budaya,A01,yes,
wisata-v2_007288::c003,wisata-v2_007288,place_00040,Batu Kursi Raja Siallagan ( Stone Chair Of King Siallagan ),wisata,3,"Setelah dieksekusi, biasanya bagian tubuh si narapidana seperti organ jantung atau hati itu dimakan raja atau tetua di sana",lainnya,budaya,A01,yes,
wisata-v2_007299::c000,wisata-v2_007299,place_00040,Batu Kursi Raja Siallagan ( Stone Chair Of King Siallagan ),wisata,0,Etnik budaya,budaya,budaya,A01,yes,
wisata-v2_007300::c000,wisata-v2_007300,place_00040,Batu Kursi Raja Siallagan ( Stone Chair Of King Siallagan ),wisata,0,Tempat wisata sejarah kampung Raja Siallagan,budaya,budaya,A01,yes,
wisata-v2_007300::c003,wisata-v2_007300,place_00040,Batu Kursi Raja Siallagan ( Stone Chair Of King Siallagan ),wisata,3,Ada tempat belanja souvenir,oleh_oleh,oleh_oleh,A01,yes,
wisata-v2_007300::c005,wisata-v2_007300,place_00040,Batu Kursi Raja Siallagan ( Stone Chair Of King Siallagan ),wisata,5,"Tempat parkir 100 meter dari pintu masuk, 300meter dari pintu keluar",parkir,parkir,A01,yes,
wisata-v2_007303::c005,wisata-v2_007303,place_00040,Batu Kursi Raja Siallagan ( Stone Chair Of King Siallagan ),wisata,5,The most related addition was actually the rest room and souvenir area,akomodasi|oleh_oleh,toilet|akomodasi|oleh_oleh,A01,yes,
wisata-v2_007308::c003,wisata-v2_007308,place_00040,Batu Kursi Raja Siallagan ( Stone Chair Of King Siallagan ),wisata,3,After the attraction are a number of souvenir shops selling handicrafts,oleh_oleh,oleh_oleh,A01,yes,
wisata-v2_007312::c014,wisata-v2_007312,place_00040,Batu Kursi Raja Siallagan ( Stone Chair Of King Siallagan ),wisata,14,The king and high-ranking officers enjoyed the meal,lainnya,makanan,A01,yes,
wisata-v2_007324::c002,wisata-v2_007324,place_00370,Sopo Guru Tatea Bulan,wisata,2,Banyak pohon rindang dan tempat duduk outdoor,fasilitas_umum,fasilitas_umum,A01,yes,
wisata-v2_007324::c003,wisata-v2_007324,place_00370,Sopo Guru Tatea Bulan,wisata,3,Terdapat spot foto dengan view desa Sagala dan desa Limbong,fasilitas_umum|pemandangan,fasilitas_umum|pemandangan,A01,yes,
wisata-v2_007324::c004,wisata-v2_007324,place_00370,Sopo Guru Tatea Bulan,wisata,4,"HTM 5 ribu/orang, parkir 5 ribu/mobil",parkir,parkir|harga,A01,yes,
wisata-v2_007361::c000,wisata-v2_007361,place_00370,Sopo Guru Tatea Bulan,wisata,0,Sejarah raja batak,budaya,budaya,A01,yes,
wisata-v2_007364::c000,wisata-v2_007364,place_00370,Sopo Guru Tatea Bulan,wisata,0,"Tempat paling tenang,healing sesungguhnya,karna tdk boleh ngomongsebagan,tdk boleh berisik,cocok untuk jiwa introvert yg mau healing,sekalian berdoa",keramaian,keramaian,A01,yes,
wisata-v2_007374::c000,wisata-v2_007374,place_00370,Sopo Guru Tatea Bulan,wisata,0,Tempat yg tenang dan indah untuk meditasi dan menikmati pemandangan alam,keramaian|pemandangan,pemandangan|keramaian,A01,yes,
wisata-v2_007374::c001,wisata-v2_007374,place_00370,Sopo Guru Tatea Bulan,wisata,1,Harus tenang karena ini tempat ibadah,keramaian,keramaian,A01,yes,
wisata-v2_007386::c000,wisata-v2_007386,place_00370,Sopo Guru Tatea Bulan,wisata,0,"Sopo Guru Tatea Bulan mengenal sejarah Bangsa Batak, untuk cerita resminya saya kurang tau karena tidak ada guide nya",budaya,pelayanan|budaya,A01,yes,
wisata-v2_007386::c001,wisata-v2_007386,place_00370,Sopo Guru Tatea Bulan,wisata,1,"masuk di tagih @5000 per orang dan parkir mobil 5000, tempat bersih dan sakral, wajib lepas alas kaki kalau mau naik ke Sopo",kebersihan|parkir,parkir|harga|budaya,A01,yes,Tagih 5000 + parkir + sakral/Sopo = budaya
wisata-v2_007386::c004,wisata-v2_007386,place_00370,Sopo Guru Tatea Bulan,wisata,4,Spot foto bagus dengan background bukit yang hijau,fasilitas_umum,fasilitas_umum|pemandangan,A01,yes,
wisata-v2_007387::c000,wisata-v2_007387,place_00370,Sopo Guru Tatea Bulan,wisata,0,"Pemandangan indah di tepi danau Toba, makin banyak sesajen karena banyak cerita kesaktiannya",pemandangan,pemandangan|budaya,A01,yes,Sesajen + cerita = budaya
wisata-v2_007409::c007,wisata-v2_007409,place_00370,Sopo Guru Tatea Bulan,wisata,7,Disitu juga kita bayar uang parkir 500,parkir,parkir|harga,A01,yes,
wisata-v2_007452::c004,wisata-v2_007452,place_00334,Natio,wisata,4,Biaya parkir 5 ribu 5,parkir,parkir|harga,A01,yes,
wisata-v2_007512::c002,wisata-v2_007512,place_00334,Natio,wisata,2,Ada pungli modus uang parkir,parkir,parkir|harga,A01,yes,
wisata-v2_007522::c000,wisata-v2_007522,place_00334,Natio,wisata,0,Sambil nunggu ke kapal bisalah foto foto sambil belajar disini,transportasi,transportasi|fasilitas_umum|budaya,A01,yes,Foto-foto + belajar = fasilitas + budaya
wisata-v2_007525::c000,wisata-v2_007525,place_00334,Natio,wisata,0,Tempat yg nyaman,lainnya,none,A01,yes,
wisata-v2_007534::c001,wisata-v2_007534,place_00334,Natio,wisata,1,"The history, beauty, atmophere - all in one place, facing toba lake",pemandangan,pemandangan|budaya,A01,yes,
wisata-v2_007544::c000,wisata-v2_007544,place_00334,Natio,wisata,0,Beautiful heritage and view of Toba Lake,pemandangan,pemandangan|budaya,A01,yes,
wisata-v2_007562::c000,wisata-v2_007562,place_00146,Museum Huta Bolon Simanindo,wisata,0,The museum holds various collections from Bataknese culture,budaya,budaya,A01,yes,
wisata-v2_007566::c000,wisata-v2_007566,place_00146,Museum Huta Bolon Simanindo,wisata,0,So we were brought here as part of a tour to see the Batak museum,budaya,budaya,A01,yes,
wisata-v2_007568::c000,wisata-v2_007568,place_00146,Museum Huta Bolon Simanindo,wisata,0,"Rekomendasi banget untuk mampir ke sini, budaya Batak terwakili disini walau tidak semuanya",budaya,pelayanan|budaya,A01,yes,
wisata-v2_007572::c000,wisata-v2_007572,place_00146,Museum Huta Bolon Simanindo,wisata,0,The museum is under renovation right now,budaya,budaya,A01,yes,
wisata-v2_007604::c000,wisata-v2_007604,place_00146,Museum Huta Bolon Simanindo,wisata,0,Luar biasa museum raja batak,budaya,budaya,A01,yes,
wisata-v2_007606::c002,wisata-v2_007606,place_00146,Museum Huta Bolon Simanindo,wisata,2,"Di kafe, pastikan untuk meminta buku tentang sejarah Indonesia (dengan banyak gambar bersejarah)",budaya,budaya,A01,yes,
wisata-v2_007606::c003,wisata-v2_007606,place_00146,Museum Huta Bolon Simanindo,wisata,3,Sangat informatif,lainnya,none,A01,yes,
wisata-v2_007607::c001,wisata-v2_007607,place_00146,Museum Huta Bolon Simanindo,wisata,1,Anda dapat menjelajahi museum dalam waktu setengah jam,budaya,none,A01,yes,Hanya menyebut kunjungan museum secara umum
wisata-v2_007612::c002,wisata-v2_007612,place_00146,Museum Huta Bolon Simanindo,wisata,2,"The funny part is when I met 2 foreigners and ask them about tickets, they got charged 20k, meanwhile I, as local 30k🤣",lainnya,harga,A01,yes,Harga tiket = harga
wisata-v2_007618::c005,wisata-v2_007618,place_00146,Museum Huta Bolon Simanindo,wisata,5,This place is better than some museum near Tomok cus the authenticitiness,budaya,budaya,A01,yes,
wisata-v2_007649::c000,wisata-v2_007649,place_00295,Tugu Toga Aritonang,wisata,0,Lokasinya strategis indah untuk berfoto,lainnya,budaya,A01,yes,Tempat lahir Raja Sisingamangaraja = sejarah/budaya
wisata-v2_007666::c004,wisata-v2_007666,place_00295,Tugu Toga Aritonang,wisata,4,Sebab jalan mendaki dan terbilang agak sempit,akses_jalan,akses_jalan,A01,yes,
wisata-v2_007689::c000,wisata-v2_007689,place_00295,Tugu Toga Aritonang,wisata,0,"Disini ada tugu dan pas ke sana angin nya sangat kencang padahal cuaca sangat cerah, pada saat ke sana masih sepi",keramaian,keramaian,A01,yes,
wisata-v2_007692::c000,wisata-v2_007692,place_00295,Tugu Toga Aritonang,wisata,0,Pemandangan yg sungguh menakjubkan disekitaran tugu dengan back ground lake Toba,pemandangan,pemandangan,A01,yes,
wisata-v2_007696::c002,wisata-v2_007696,place_00174,Pemandian Aek Sipitu Dai,wisata,2,"Tempat sakral jadi ga boleh pakai kasut, ulos boleh dipakai Dan akan disandangkan sesuai adat setempat",budaya,budaya|oleh_oleh,A01,yes,
wisata-v2_007697::c001,wisata-v2_007697,place_00174,Pemandian Aek Sipitu Dai,wisata,1,Ada guide yang menjelaskan sejarah aek sipitu dai ini,budaya,pelayanan|budaya,A01,yes,
wisata-v2_007708::c003,wisata-v2_007708,place_00174,Pemandian Aek Sipitu Dai,wisata,3,"dari cerita cerita teman Batak ku yang disekolah, setiap dia dan keluarganya pulang kampung, mereka pasti menyempatkan berkunjung kesini,, daerah yang asri, udara yang sejuk,, mantep banget deh pokoknya katanya",lainnya,pemandangan,A01,yes,"'Batak' identitas teman, bukan membahas budaya"
wisata-v2_007726::c000,wisata-v2_007726,place_00174,Pemandian Aek Sipitu Dai,wisata,0,👍👍,lainnya,none,A01,yes,
wisata-v2_007748::c003,wisata-v2_007748,place_00174,Pemandian Aek Sipitu Dai,wisata,3,Baru akan terasa bedanya,lainnya,none,A01,yes,
wisata-v2_007797::c000,wisata-v2_007797,place_00128,Labersa Toba Fantasi Waterpark,wisata,0,Jorok sekali lumutan lantai licin,keamanan|kebersihan,kebersihan|keamanan,A01,yes,
wisata-v2_007798::c000,wisata-v2_007798,place_00128,Labersa Toba Fantasi Waterpark,wisata,0,"Pelayanan buruk, kolam licin Air bilas tidak ada, udah di lapor setengah jam baru penanganan",keamanan|pelayanan,toilet|pelayanan|keamanan|jam_operasional|fasilitas_umum,A01,yes,
wisata-v2_007806::c000,wisata-v2_007806,place_00128,Labersa Toba Fantasi Waterpark,wisata,0,"Lazy river tidak bekerja, air kotor sekali, tangga goyang""",aksesibilitas|kebersihan,akses_jalan|kebersihan,A01,yes,
wisata-v2_007842::c001,wisata-v2_007842,place_00281,Tb Silalahi Swimming Pool,wisata,1,"Bersih, nyaman, aman",keamanan|kebersihan,kebersihan|keamanan,A01,yes,
wisata-v2_007864::c001,wisata-v2_007864,place_00271,Taman Eden 100,wisata,1,tidak disarankan ke dalam untuk orang tua karena harus menaiki banyak anak tangga,aksesibilitas,akses_jalan|aksesibilitas,A01,yes,
wisata-v2_007877::c000,wisata-v2_007877,place_00271,Taman Eden 100,wisata,0,Lokasi ngecamp yang selalu dirindukan,lainnya,lainnya,A01,yes,"Membahas aspek di luar taxonomy (misal fotografi, penyewaan, atau pusat informasi)"
wisata-v2_007878::c001,wisata-v2_007878,place_00271,Taman Eden 100,wisata,1,Tersedia area camping dan kamar utk menginap,akomodasi,fasilitas_umum,A01,yes,"Mushala + amphiteater = fasilitas umum, bukan akomodasi/jam operasional"
wisata-v2_007896::c000,wisata-v2_007896,place_00271,Taman Eden 100,wisata,0,Taman Eden 100 terdiri dari : 1.Kebun Andaliman 2,lainnya,none,A01,yes,
wisata-v2_007898::c000,wisata-v2_007898,place_00271,Taman Eden 100,wisata,0,Inilah lahan bonus oksigen yang harus tetap dijaga dan dirawat sampai masanya,lainnya,none,A01,yes,Pelestarian alam/oksigen bukan akses jalan
wisata-v2_007919::c000,wisata-v2_007919,place_00060,Bukit Doa,wisata,0,Tempat yg menarik,lainnya,none,A01,yes,
wisata-v2_007948::c012,wisata-v2_007948,place_00060,Bukit Doa,wisata,12,Banyak warung yang tutup 4,jam_operasional,makanan|jam_operasional,A01,yes,
wisata-v2_007948::c013,wisata-v2_007948,place_00060,Bukit Doa,wisata,13,"Fasilitas publik seperti toilet sangat buruk, sudah tidak bisa dipakai",toilet,toilet|fasilitas_umum,A01,yes,
wisata-v2_007948::c016,wisata-v2_007948,place_00060,Bukit Doa,wisata,16,"Sayang banget lokasi sebagus ini jadi terbengkalai, tidak terawat",budaya|fasilitas_umum|kebersihan,kebersihan,A01,yes,
wisata-v2_007989::c003,wisata-v2_007989,place_00331,Makam Missonaris Pdt. Dr. Il. Nommensen,wisata,3,Rambu kurang cas Mungkin ada sih rambunya,keamanan,akses_jalan,A01,yes,"Rambu jalan = akses jalan, bukan keamanan"
wisata-v2_008021::c008,wisata-v2_008021,place_00325,Hkbp Balige,wisata,8,"Currently, HKBP has more than 3 million members throughout Indonesia",lainnya,none,A01,yes,
wisata-v2_008030::c000,wisata-v2_008030,place_00372,Taman Wisata Iman Sitinjo,wisata,0,"Bulan 1 2025 kesana ,sudah gk ter awat , lumutan tangga nya, jdi sedih ,pdhal dllu orng ber bondong2 ke sna",lainnya,kebersihan|fasilitas_umum,A01,yes,"Tangga berlumut = kebersihan + fasilitas, bukan akses jalan"
wisata-v2_008038::c007,wisata-v2_008038,place_00372,Taman Wisata Iman Sitinjo,wisata,7,"Beberapa bangunan di sini tidak terawat dengan baik karena sudah tidak banyak dikunjungi lagi, dan banyak restoran dan toko suvenir yang tutup",budaya|fasilitas_umum|jam_operasional|kebersihan|makanan|oleh_oleh,kebersihan|makanan|jam_operasional|fasilitas_umum|keramaian|oleh_oleh,A01,yes,Tidak ada budaya; 'tidak banyak dikunjungi' = keramaian
wisata-v2_008039::c000,wisata-v2_008039,place_00372,Taman Wisata Iman Sitinjo,wisata,0,"Mungkin karena sudah tidak begitu diminati untuk dikunjungi, sudah ada beberapa bangunan tidak terawat",budaya|fasilitas_umum|kebersihan,kebersihan|fasilitas_umum|keramaian,A01,yes,Tidak ada budaya; 'tidak diminati' = keramaian
wisata-v2_008040::c000,wisata-v2_008040,place_00372,Taman Wisata Iman Sitinjo,wisata,0,Selamat berkunjung kembali,lainnya,none,A01,yes,
wisata-v2_008044::c002,wisata-v2_008044,place_00372,Taman Wisata Iman Sitinjo,wisata,2,Tempatnya pun indah dan strategis Banyak spot foto yang menarik,fasilitas_umum,fasilitas_umum|pemandangan,A01,yes,
wisata-v2_008077::c004,wisata-v2_008077,place_00372,Taman Wisata Iman Sitinjo,wisata,4,Many restaurants and souvenir shops are closed,oleh_oleh,jam_operasional|oleh_oleh,A01,yes,
wisata-v2_008102::c004,wisata-v2_008102,place_00251,Salib Kasih Tarutung,wisata,4,Harga souvenir busa buat wislok darting,harga|oleh_oleh,harga|oleh_oleh,A01,yes,
wisata-v2_008118::c002,wisata-v2_008118,place_00251,Salib Kasih Tarutung,wisata,2,saya ingin sekali berwisata kesana karena ingin menambah wawasan tentang sejarah bagaimana masuknya agama kristen di tanah batak.🙏,budaya,budaya,A01,yes,
wisata-v2_008140::c000,wisata-v2_008140,place_00251,Salib Kasih Tarutung,wisata,0,"Tempat yg tenang, indah, dan asri untuk berdoa Sedia ojek untuk mengantar sampai k bukit doa, kalau kaki masih kuat bisa jalan kaki Sebaiknya pagi/ sore kunjungannya supaya tidak panas",akses_jalan|keramaian|pemandangan,akses_jalan|harga|jam_operasional|pemandangan|keramaian,A01,yes,
wisata-v2_008169::c000,wisata-v2_008169,place_00251,Salib Kasih Tarutung,wisata,0,Bersih nyaman dan pelayanan yg ramah,kebersihan|pelayanan,kebersihan|pelayanan,A01,yes,
wisata-v2_008181::c001,wisata-v2_008181,place_00251,Salib Kasih Tarutung,wisata,1,"Minusnya kalo naik dengan motor, di tengah jalan kita gk bisa foto2 di setiap sudut jalan",akses_jalan,akses_jalan|parkir,A01,yes,
wisata-v2_008181::c004,wisata-v2_008181,place_00251,Salib Kasih Tarutung,wisata,4,"Tapi ini memang salib kasih tarutung bagus bgt viewnya dari atass, banyak kali spot foto yang kalo kita gk cobain pasti nyesall",fasilitas_umum,fasilitas_umum,A01,yes,
wisata-v2_008225::c002,wisata-v2_008225,place_00251,Salib Kasih Tarutung,wisata,2,There are many individual praying room & open space amphitheater at the top of Salib Kasih Area,akomodasi,akomodasi|jam_operasional,A01,yes,
wisata-v2_008251::c000,wisata-v2_008251,place_00251,Salib Kasih Tarutung,wisata,0,Sekarang enak ada ojek motor bagi yg tidak sanggup naik tangga ke atas salib Kasih Tarutung,aksesibilitas,akses_jalan|parkir|makanan,A01,yes,
wisata-v2_008257::c004,wisata-v2_008257,place_00251,Salib Kasih Tarutung,wisata,4,"Tapi kalau jalan kaki, seru juga krn jalannya diapit pohon2 rindang dan suhu yg sejuk",akses_jalan,akses_jalan|pemandangan,A01,yes,
wisata-v2_008257::c005,wisata-v2_008257,place_00251,Salib Kasih Tarutung,wisata,5,Toilet tersedia di bawah deket loket atau di atas deket salib,toilet,toilet,A01,yes,
wisata-v2_008272::c000,wisata-v2_008272,place_00251,Salib Kasih Tarutung,wisata,0,Perlu penanganan dan b penataan jalan jalan menuju lokasi tersebut,akses_jalan,akses_jalan,A01,yes,
wisata-v2_008315::c002,wisata-v2_008315,place_00173,"Patung Yesus, Bukit Sibeabea",wisata,2,"Clean toilet, good parking lot, reasonable tickets price",harga|kebersihan|toilet,parkir|kebersihan|toilet|harga,A01,yes,Parking lot = parkir
wisata-v2_008329::c000,wisata-v2_008329,place_00173,"Patung Yesus, Bukit Sibeabea",wisata,0,Yesus Memberkati Sibea-bea (English;,lainnya,none,A01,yes,
wisata-v2_008365::c000,wisata-v2_008365,place_00173,"Patung Yesus, Bukit Sibeabea",wisata,0,"Pertama kali menginjakkan pulau Sumatra,ke Medan lanjut danau Toba dalam acara rekreasi dari tempat kerja,baru pertama kali mendengar tempat ini,saat sampai di hotel di daerah tuktuk dipinggir danau Toba, langsung timbul keinginan untuk kesana ,sewa motor dalam pikiran tidak jauh ternyata mantap perjalanannya, pengalaman yang tak terlupakan,butuh waktu 1 jam sekali jalan ,tapi memang danau Toba luar biasa pemandangannya apalagi rute ke arah Patung Yesus,Bukit sibea bea sampai di sana rasa haru campur bahagia,merasa terbekati ,Patung Yesus seakan memberkati hamparan luas danau Toba,karena saat itu sore jadi lumayan sepi, untuk tiket juga lumayan terjangkau,luar biasa semoga bisa kesini lagi jika Tuhan mengijinkan",akomodasi|akses_jalan|harga|keramaian|pemandangan,kebersihan|toilet,A01,yes,"'kamar kecil' = toilet, bukan akomodasi"
wisata-v2_008381::c000,wisata-v2_008381,place_00173,"Patung Yesus, Bukit Sibeabea",wisata,0,"Second place dipangururan yg kita kunjungi after menara pandang, kesana pas liburan imlek resikonya ramai dan antri lamaa",keramaian,jam_operasional|keramaian,A01,yes,
wisata-v2_008397::c004,wisata-v2_008397,place_00173,"Patung Yesus, Bukit Sibeabea",wisata,4,"Akses menuju tempat ini juga sudah bagus baik dari tele maupun dari pulau samosir, untuk biaya masuk 100ribu/mobil dan diarea lokasi tidaj dipungut parkir lagi",akses_jalan|parkir,akses_jalan|parkir|harga,A01,yes,
wisata-v2_008403::c000,wisata-v2_008403,place_00173,"Patung Yesus, Bukit Sibeabea",wisata,0,Negri indah kepingan surga,lainnya,pemandangan,A01,yes,
wisata-v2_008410::c000,wisata-v2_008410,place_00173,"Patung Yesus, Bukit Sibeabea",wisata,0,"Ada 2 cara untuk sampe ke patung yesus Sibea Bea, pertama naik motor atau mobil & kedua naik kapal, naik kapal lebih indah murah",harga|transportasi,transportasi|harga|pemandangan,A01,yes,'lebih indah' = pemandangan
wisata-v2_008451::c001,wisata-v2_008451,place_00173,"Patung Yesus, Bukit Sibeabea",wisata,1,"Pertama kali datang kesini udah jadi dan beruntung bangettt Cuaca bagus, angin kencang tp tetap aman",keamanan,keamanan,A01,yes,
wisata-v2_008457::c000,wisata-v2_008457,place_00173,"Patung Yesus, Bukit Sibeabea",wisata,0,"Tempat yang luar biasa,Akses yang relatif mudah , mulai naik Ferry menyebrang danau toba, jalan mulus sepanjang perjalanan disuguhi pemandangan yang indah , taman yang indah , kebersihan yang cukup terjaga dan patung Yesus yang megah",akses_jalan|pemandangan|transportasi,akses_jalan|transportasi|kebersihan|pemandangan|budaya,A01,yes,
wisata-v2_008458::c001,wisata-v2_008458,place_00173,"Patung Yesus, Bukit Sibeabea",wisata,1,"Berkunjung kesini akan disuguhkan alam yang eksotis mulai dari pemandangan danau toba yang indah, pegunungan yang membentang membelah daratan dan patung Yesus yg tertinggi di Indonesia untuk tempat beribadah umat Kristiani",pemandangan,pemandangan|budaya,A01,yes,
wisata-v2_008459::c004,wisata-v2_008459,place_00173,"Patung Yesus, Bukit Sibeabea",wisata,4,Biaya masuk untuk kendaraan roda 4 adalah Rp 100 rb dan sudah tidak ada pungutan apapun lagi termasuk parkir,akses_jalan|harga|parkir,parkir|harga,A01,yes,
wisata-v2_008479::c000,wisata-v2_008479,place_00173,"Patung Yesus, Bukit Sibeabea",wisata,0,"good experience, cuman untuk harga emng kureng menarik cuman cakep di dalam buat spot foto",fasilitas_umum|harga,harga|fasilitas_umum,A01,yes,
wisata-v2_008553::c002,wisata-v2_008553,place_00145,Museum Batak T.B. Silalahi Center,wisata,2,Museum Batak,budaya,budaya,A01,yes,
wisata-v2_008561::c000,wisata-v2_008561,place_00145,Museum Batak T.B. Silalahi Center,wisata,0,"Museum Batak has breathtaking view, Toba Lake",budaya|pemandangan,pemandangan|budaya,A01,yes,
wisata-v2_008562::c004,wisata-v2_008562,place_00145,Museum Batak T.B. Silalahi Center,wisata,4,"1 sebagai museum riwayat hidup beliau, 1 lagi koleksi multi etnis dan keragaman sumatra utara",budaya,budaya,A01,yes,
wisata-v2_008562::c006,wisata-v2_008562,place_00145,Museum Batak T.B. Silalahi Center,wisata,6,"Ada paviliun rumah adat Toba dan Karo, taman bermain anak",budaya,aksesibilitas|budaya,A01,yes,
wisata-v2_008573::c000,wisata-v2_008573,place_00145,Museum Batak T.B. Silalahi Center,wisata,0,Museum Batak T.B,budaya,budaya,A01,yes,
wisata-v2_008603::c000,wisata-v2_008603,place_00145,Museum Batak T.B. Silalahi Center,wisata,0,Sejarah batak yang lumayan lengkap,budaya,budaya,A01,yes,
wisata-v2_008604::c002,wisata-v2_008604,place_00145,Museum Batak T.B. Silalahi Center,wisata,2,"Tempatnya juga bagus, banyak spot foto",fasilitas_umum,fasilitas_umum,A01,yes,
wisata-v2_008609::c000,wisata-v2_008609,place_00145,Museum Batak T.B. Silalahi Center,wisata,0,Museum disini ada dua lo,budaya,budaya,A01,yes,
wisata-v2_008609::c003,wisata-v2_008609,place_00145,Museum Batak T.B. Silalahi Center,wisata,3,anda akan dapat melihat kapal Fery dan kapal tradisional melintas,budaya|transportasi,pemandangan|budaya,A01,yes,Melihat kapal = pemandangan; bukan transportasi
wisata-v2_008655::c003,wisata-v2_008655,place_00145,Museum Batak T.B. Silalahi Center,wisata,3,"Lokasi parkir di seberang jalan dari lokasi museum,jadi harus jalan ±70 m dari masuk lokasi",akses_jalan|budaya|parkir,akses_jalan|parkir|budaya,A01,yes,
wisata-v2_008666::c001,wisata-v2_008666,place_00145,Museum Batak T.B. Silalahi Center,wisata,1,Sejarah hidup tb,budaya,budaya,A01,yes,
wisata-v2_008668::c003,wisata-v2_008668,place_00145,Museum Batak T.B. Silalahi Center,wisata,3,Fasilitas lengkap,fasilitas_umum,fasilitas_umum,A01,yes,
wisata-v2_008711::c007,wisata-v2_008711,place_00037,Batak Museum,wisata,7,was short of descriptions and had to be dugged up from the www,lainnya,none,A01,yes,
wisata-v2_008726::c003,wisata-v2_008726,place_00037,Batak Museum,wisata,3,Follow the Google map and walk through the myriad of souvenir shops to reach it,oleh_oleh,oleh_oleh,A01,yes,
wisata-v2_008730::c003,wisata-v2_008730,place_00037,Batak Museum,wisata,3,sayang tidak ada penjaga yg bs menerangkan barang2 didalam rumah batak tersebut,keamanan,pelayanan|budaya,A01,yes,Kurangnya guide untuk jelaskan rumah Batak = budaya + pelayanan
wisata-v2_008732::c000,wisata-v2_008732,place_00037,Batak Museum,wisata,0,Museum naicee Lama blm kesini lagi,budaya,pelayanan|budaya,A01,yes,
wisata-v2_008740::c001,wisata-v2_008740,place_00037,Batak Museum,wisata,1,"But don't buy anything from here as everything is double price than the bazaar outdoors (where, please, bargain)",harga,harga,A01,yes,
wisata-v2_008741::c001,wisata-v2_008741,place_00037,Batak Museum,wisata,1,Didalam museum kita dapat melihat benda2 kuno bersejarah khas adat batak samosir,budaya,budaya,A01,yes,
wisata-v2_008753::c003,wisata-v2_008753,place_00037,Batak Museum,wisata,3,It's more of a souvenir shop and Batak relics store than a museum,budaya|oleh_oleh,budaya|oleh_oleh,A01,yes,
wisata-v2_008756::c000,wisata-v2_008756,place_00037,Batak Museum,wisata,0,Sangat menarik dan penting untuk mendalami budaya Batak,budaya,budaya,A01,yes,
wisata-v2_008757::c000,wisata-v2_008757,place_00037,Batak Museum,wisata,0,"Museum yang sangat ikonik, untuk menuju ke sana kita harus melewati pasar Tomok yang menjual aneka ragam souvenir, pakaian khas dan makanan khas seperti kacang kemasan, buah mangga, ikan kering Danau Toba dll, juga melewati lokasi pertunjukan tarian Sigale-gale dan Makam Raja Sidabutar suku Batak",budaya|makanan|oleh_oleh,makanan|pemandangan|budaya|oleh_oleh,A01,yes,
wisata-v2_008765::c001,wisata-v2_008765,place_00037,Batak Museum,wisata,1,Tidak ada informasi wisata,lainnya,lainnya,A01,yes,"Membahas aspek di luar taxonomy (misal fotografi, penyewaan, atau pusat informasi)"
wisata-v2_008774::c000,wisata-v2_008774,place_00037,Batak Museum,wisata,0,"Batak Museum Tomok, untuk memasukin museum ini kita melewati pasar souvenir Tomok atau sekitar komplek Tari siGale gale dan Makam Raja Sidabutar",budaya|oleh_oleh,budaya|oleh_oleh,A01,yes,
wisata-v2_008787::c000,wisata-v2_008787,place_00170,Pasar Tomok,wisata,0,"untuk naik kapal kayu adalah pilihan tercepat keberangkatan dari pasar tomok ongkos 15000, pemberangkatan 1 jam 1x, saya naik jam 07.50 pagi.sampai pelabuhan Ajibata jam 08.30.naik DAMRI dari pelabuhan Ajibata ke airport Silangit ongkir 5000, DAMRI jam 9 pagi",transportasi,transportasi|harga|jam_operasional,A01,yes,Ongkos + jadwal = harga + jam operasional
wisata-v2_008802::c000,wisata-v2_008802,place_00170,Pasar Tomok,wisata,0,Kemacetan yg diakibatkan penjual dan pembeli di pinggir jalan,akses_jalan,akses_jalan,A01,yes,
wisata-v2_008802::c001,wisata-v2_008802,place_00170,Pasar Tomok,wisata,1,Mohon di benahi untuk kenyamanan pembeli dan penguna jalan,akses_jalan,akses_jalan,A01,yes,
wisata-v2_008816::c000,wisata-v2_008816,place_00170,Pasar Tomok,wisata,0,"Ramai dihari pekan dan hari libur, dan lalu lintas agak macet ketika hari pekan",akses_jalan|keramaian,akses_jalan|keramaian,A01,yes,
wisata-v2_008827::c000,wisata-v2_008827,place_00170,Pasar Tomok,wisata,0,Pasar tomok yang sudah terkenal sejak dulu karena pusat perdagangan dan kedatangan wisatawan dari parapat melalui kapal atau feri,transportasi,transportasi|oleh_oleh,A01,yes,Pusat perdagangan/pasar = oleh-oleh
wisata-v2_008842::c000,wisata-v2_008842,place_00170,Pasar Tomok,wisata,0,Tempat keberangkatan kapal dan pusat souvernir di Samosir,transportasi,transportasi|oleh_oleh,A01,yes,Pusat souvenir = oleh-oleh
wisata-v2_008891::c000,wisata-v2_008891,place_00170,Pasar Tomok,wisata,0,"Ramai, tradisional",budaya|keramaian,keramaian,A01,yes,
wisata-v2_008901::c000,wisata-v2_008901,place_00170,Pasar Tomok,wisata,0,"Layaknya seperti pasar tradisional sekaligus destinasi wisata, ramai jika di hari pasar yg diadakan sekali seminggu",budaya|keramaian,keramaian,A01,yes,
wisata-v2_008901::c002,wisata-v2_008901,place_00170,Pasar Tomok,wisata,2,Dari Parapat dapat ditempuh untuk menyeberangi Danau Toba dengan kapal/ferry sekitar 30-40 menit saja,transportasi,transportasi|pemandangan,A01,yes,
wisata-v2_008929::c000,wisata-v2_008929,place_00170,Pasar Tomok,wisata,0,Parkir nya Gilak.10 rb sekali parkir.Yang benar aja ??,parkir,parkir|harga,A01,yes,
wisata-v2_008932::c000,wisata-v2_008932,place_00170,Pasar Tomok,wisata,0,Tempatnya Ramai dikunjungi turis,keramaian,keramaian,A01,yes,
wisata-v2_008946::c000,wisata-v2_008946,place_00170,Pasar Tomok,wisata,0,Lumayan ramai cari apa aj ada,keramaian,keramaian,A01,yes,
wisata-v2_009020::c000,wisata-v2_009020,place_00156,Penatapan Puncak Sidiangkat,wisata,0,"Udaranya udah pasti sejuk, viewnya bagus",lainnya,pemandangan,A01,yes,
wisata-v2_009023::c007,wisata-v2_009023,place_00156,Penatapan Puncak Sidiangkat,wisata,7,Banyak spot foto dan juga pondok pondok kecil,fasilitas_umum,fasilitas_umum,A01,yes,
wisata-v2_009068::c000,wisata-v2_009068,place_00371,Taman Wisata Danau Ii Sicike-Cike,wisata,0,Sunrise yg luar biasa indah....amazing sunrise,lainnya,pemandangan,A01,yes,
wisata-v2_009090::c003,wisata-v2_009090,place_00115,Jembatan Lae Pendaroh,wisata,3,"Ada Toilet, tempat duduk dengan bayar Rp 20 ribu per tikar",fasilitas_umum|toilet,toilet|harga|fasilitas_umum,A01,yes,
wisata-v2_009090::c006,wisata-v2_009090,place_00115,Jembatan Lae Pendaroh,wisata,6,Hati hati kalau parkir mobil & juga pas lihat air Terjun karena pinggir jalan raya,akses_jalan|parkir,akses_jalan|parkir|pemandangan,A01,yes,
wisata-v2_009103::c002,wisata-v2_009103,place_00004,Aek Sipaulak Hosa Loja,wisata,2,Siapa saja boleh ketempat ini asal sopan dan niat tulus menghargai peninggalan sejarah serta Rahmat Tuhan,budaya,pelayanan|budaya,A01,yes,
wisata-v2_009143::c000,wisata-v2_009143,place_00292,Tombak Sulusulu,wisata,0,"Infonya, ini adalah tempat.Raja Sisingangaraja dilahirkan",lainnya,pemandangan,A01,yes,"Kabut tebal = pemandangan/cuaca, bukan akses jalan"
wisata-v2_009197::c003,wisata-v2_009197,place_00085,Dolok Pottas,wisata,3,jln nya aspal Licin klo hujan,keamanan,akses_jalan|keamanan,A01,yes,
wisata-v2_009197::c007,wisata-v2_009197,place_00085,Dolok Pottas,wisata,7,biaya Hanya 10rb/org +parkir,parkir,parkir|harga,A01,yes,
wisata-v2_009199::c000,wisata-v2_009199,place_00085,Dolok Pottas,wisata,0,Cocok untuk para pendaki amatir atau pendaki yg ingin hemat waktu untuk mencapai puncak dan jalur pendakian yang tidak terlalu extrem,lainnya,akses_jalan,A01,yes,
wisata-v2_009211::c002,wisata-v2_009211,place_00294,Tuan Nagani Paradise,wisata,2,"Taman bunganya, kolam renang, Villa villa, dan banyak spot foto yg bagus hanya 18 ribu itu sangat worth-it",fasilitas_umum|harga,harga|akomodasi|fasilitas_umum,A01,yes,
wisata-v2_009239::c004,wisata-v2_009239,place_00294,Tuan Nagani Paradise,wisata,4,"Jika saya salah, tolong diberikan pencerahan jika kritik saya tidak benar tentang apa yang saya ucapkan",lainnya,none,A01,yes,
wisata-v2_009267::c000,wisata-v2_009267,place_00294,Tuan Nagani Paradise,wisata,0,Pemandangan nya bagus,pemandangan,pemandangan,A01,yes,
wisata-v2_009316::c000,wisata-v2_009316,place_00294,Tuan Nagani Paradise,wisata,0,Wisata Nya Indah,lainnya,pemandangan,A01,yes,
wisata-v2_009325::c000,wisata-v2_009325,place_00294,Tuan Nagani Paradise,wisata,0,"Pelayanan buruk, tidak sesuai dengan expetasi,kamar mandi pelit, gayung gak ada&kotor",akomodasi|harga|kebersihan|pelayanan|toilet,kebersihan|toilet|pelayanan,A01,yes,Wisata; tidak ada harga
wisata-v2_009337::c000,wisata-v2_009337,place_00294,Tuan Nagani Paradise,wisata,0,Gerbang masuk kurang ke dalam hingga antrean di jalan umum mengakibatkan macet,akses_jalan|keramaian,akses_jalan|jam_operasional,A01,yes,
wisata-v2_009343::c000,wisata-v2_009343,place_00294,Tuan Nagani Paradise,wisata,0,"Jalan masuk agak berbahaya,tidak dianjurkan menggunakan mobil penggerak depan",akses_jalan,akses_jalan|parkir,A01,yes,
wisata-v2_009375::c002,wisata-v2_009375,place_00294,Tuan Nagani Paradise,wisata,2,Hub :085262827693/DASIMA TOUR & TRAVEL,transportasi,transportasi,A01,yes,
wisata-v2_009397::c000,wisata-v2_009397,place_00294,Tuan Nagani Paradise,wisata,0,"Sangat tidak direkomendasikan, jalan masuk ke area utama jauh, sempit sekali, naik turun bukit yg lumayan terjal dan curam, sangat berbahaya, jalan masuk ke area parkir sempit dan tdk ada jalan khusus pejalan kaki, pejalan kali rawan tertabrak mobil yg keluar masuk parkiran, petugas/karyawan taman wisata menggunakan sepeda motor di area taman dengan kencang dan tidak ada sopan santun, toilet kotor dan bau, kolam renang kotor sekali, terutama kolam anak2 tdk bs dipakai, kamar mandi ganti kotor dan bau, terutama kamar ganti perempuan tergenang air kotor sekali, jalan masuk ke kolam renang tergenang air kotor sekali, tdk ada petugas kebersihan, yg ada hanya petugas pemungut tiket di wahana yg berbayar, sepertinya yg penting bagi pengelola hanya menarik uang pengunjung sebanyak2nya, kenyamanan pengunjung tidak penting",akomodasi|akses_jalan|harga|keamanan|kebersihan|parkir|pelayanan|pemandangan|toilet,akses_jalan|parkir|kebersihan|toilet|harga|pelayanan|akomodasi|keamanan|fasilitas_umum|pemandangan,A01,yes,
wisata-v2_009401::c002,wisata-v2_009401,place_00294,Tuan Nagani Paradise,wisata,2,Next time mau explore semua spot foto nya,fasilitas_umum,fasilitas_umum,A01,yes,
wisata-v2_009406::c010,wisata-v2_009406,place_00294,Tuan Nagani Paradise,wisata,10,"Kalau saya dimrhin di tmpt umum, pasti sy malu dan gak niat lgi kerjaa dan yang paling point utamanya nih cewek yang diatas dekat bukit bukit sama resto pakaiannya udah berubah cantik cantik rapih",pemandangan,pelayanan,A01,yes,"Staf cantik rapih = pelayanan, bukan pemandangan"
wisata-v2_009431::c002,wisata-v2_009431,place_00006,Air Terjun Efrata,wisata,2,Terimakasih,lainnya,none,A01,yes,
wisata-v2_009450::c001,wisata-v2_009450,place_00006,Air Terjun Efrata,wisata,1,"Airnya dingin, ada fasilitas kamar mandi dan wc nya",akomodasi|toilet,toilet,A01,yes,Kamar mandi bukan akomodasi
wisata-v2_009456::c000,wisata-v2_009456,place_00006,Air Terjun Efrata,wisata,0,"Air terjun yang indah, terdapat warung dan toilet (2.000 IDR) di lokasi, biaya masuk 7.000 IDR termasuk parkir",parkir|toilet,parkir|toilet|harga|makanan|pemandangan,A01,yes,
wisata-v2_009472::c000,wisata-v2_009472,place_00006,Air Terjun Efrata,wisata,0,Petugas kurang humble dan fasilitas toilet yg kurang,toilet,toilet|pelayanan,A01,yes,Petugas kurang humble = pelayanan
wisata-v2_009505::c000,wisata-v2_009505,place_00006,Air Terjun Efrata,wisata,0,today I visit this place from India it's a very natural and very feel sleepy that I want to sleep there,lainnya,none,A01,yes,
wisata-v2_009506::c003,wisata-v2_009506,place_00006,Air Terjun Efrata,wisata,3,Not for swim or bath,lainnya,fasilitas_umum,A01,yes,
wisata-v2_009514::c004,wisata-v2_009514,place_00006,Air Terjun Efrata,wisata,4,"Masuk kesini 7000 tanpa karcis, parkir 3000",parkir,parkir,A01,yes,
wisata-v2_009543::c002,wisata-v2_009543,place_00006,Air Terjun Efrata,wisata,2,Tp hati2 tergelincir krn cukup licin batunya,keamanan,keamanan,A01,yes,
wisata-v2_009559::c000,wisata-v2_009559,place_00006,Air Terjun Efrata,wisata,0,>> Tiket masuk 5 org (anak usia 6th kebawah tidak bayar) + Parkir mobil : 40k >> Foto di spot Tulisan Air Terjun Efrata: 3k/org (ada yg nungguin) >> Sewa Tenda santai Deket air Terjun: 15/tenda set kursi,akses_jalan|harga|parkir|pemandangan,parkir|harga|fasilitas_umum|pemandangan|aksesibilitas,A01,yes,
wisata-v2_009563::c000,wisata-v2_009563,place_00006,Air Terjun Efrata,wisata,0,"Dari dlu blm ditemukan org , aku balik udh ad Parkir wkwkw Gpp ttap indah",parkir,parkir|pemandangan,A01,yes,
wisata-v2_009584::c000,wisata-v2_009584,place_00006,Air Terjun Efrata,wisata,0,Full of nature,lainnya,pemandangan,A01,yes,
wisata-v2_009600::c002,wisata-v2_009600,place_00006,Air Terjun Efrata,wisata,2,tiket masuknya 7rb /org + parkir 5rb,parkir,parkir|harga,A01,yes,
wisata-v2_009614::c003,wisata-v2_009614,place_00017,Air Terjun Sipisopiso,wisata,3,Kekuatan penuh air terjun dan pemandangan baru terungkap di sana!,keramaian|pemandangan,pemandangan,A01,yes,Tidak ada keramaian
wisata-v2_009630::c001,wisata-v2_009630,place_00017,Air Terjun Sipisopiso,wisata,1,"wc kotor dan sekali masuk bayar Rp 3000 ,,bnyk barang2 butut di taruh di depan pemandangn sungguh sdm yg rendah sekali",kebersihan|toilet,kebersihan|toilet|harga,A01,yes,
wisata-v2_009639::c001,wisata-v2_009639,place_00017,Air Terjun Sipisopiso,wisata,1,"Banyak nyamuk, toilet bayar 3000 dan kotor",kebersihan|toilet,kebersihan|toilet|harga,A01,yes,Bayar 3000 = harga
wisata-v2_009695::c001,wisata-v2_009695,place_00017,Air Terjun Sipisopiso,wisata,1,Uang masuk nya 10rb per orang atau permotor dan kalau uang parkir 5rb permotor,parkir,parkir|harga,A01,yes,
wisata-v2_009702::c001,wisata-v2_009702,place_00017,Air Terjun Sipisopiso,wisata,1,"ga ke situ tetap bayar,di dalam kamu ada 7 orang alhasil kami bayar 80 ribu sama parkir nya 10k,Wisata macam apa ini?kami bukan mau ke",parkir,parkir|harga,A01,yes,
wisata-v2_009715::c000,wisata-v2_009715,place_00017,Air Terjun Sipisopiso,wisata,0,untuk turun ke bawah lumayan jauh dan sedikit licin,keamanan,keamanan,A01,yes,
wisata-v2_009718::c000,wisata-v2_009718,place_00017,Air Terjun Sipisopiso,wisata,0,Biaya Parkir masuk tanpa karcis : Rp,parkir,parkir|harga,A01,yes,
wisata-v2_009720::c004,wisata-v2_009720,place_00017,Air Terjun Sipisopiso,wisata,4,Anak tangga macam tidak ada perawatan,aksesibilitas,akses_jalan|aksesibilitas,A01,yes,
wisata-v2_009725::c000,wisata-v2_009725,place_00017,Air Terjun Sipisopiso,wisata,0,SubhanaAllah..no words can be described😍😍..need to hike around 30 mins down to waterfall..the view was very beautiful and peaceful..🏞️🏞️,pemandangan,akses_jalan|pemandangan,A01,yes,Hike 30 mins = akses; 'peaceful' bukan keramaian
wisata-v2_009753::c000,wisata-v2_009753,place_00017,Air Terjun Sipisopiso,wisata,0,Buat jalan ke sini itu lelah kali,akses_jalan,akses_jalan,A01,yes,
wisata-v2_009769::c001,wisata-v2_009769,place_00017,Air Terjun Sipisopiso,wisata,1,"Pemandangan yang tidak kalah menarik yaitu Air terjun Sipisopiso, bagi yang kuat fisik silahkan menikmatin dengan anak tangga ya lumayan banyak sih hehehe",aksesibilitas|pemandangan,akses_jalan|pemandangan|aksesibilitas,A01,yes,
wisata-v2_009773::c001,wisata-v2_009773,place_00017,Air Terjun Sipisopiso,wisata,1,Lokasinya tidak terawat dan kotor sekali,budaya|fasilitas_umum|kebersihan,kebersihan,A01,yes,
wisata-v2_009815::c001,wisata-v2_009815,place_00160,Pantai Gajah Tidur Paropo Silalahi,wisata,1,"Biaya parkir mobil disini 30.000, padahal tempat lain biasanya cuma 10.000",parkir,parkir|harga,A01,yes,
wisata-v2_009826::c001,wisata-v2_009826,place_00160,Pantai Gajah Tidur Paropo Silalahi,wisata,1,Aman dan nyaman,keamanan,keamanan,A01,yes,
wisata-v2_009860::c000,wisata-v2_009860,place_00175,Pemandian Air Panas Rianiate,wisata,0,Restoran dengan pemandangan yang menakjubkan,pemandangan,pemandangan,A01,yes,
wisata-v2_009862::c001,wisata-v2_009862,place_00175,Pemandian Air Panas Rianiate,wisata,1,"Indah, asri dan aman",keamanan,keamanan|pemandangan,A01,yes,
wisata-v2_009935::c000,wisata-v2_009935,place_00058,Bukit Beta Tuk-Tuk,wisata,0,Pemandangan yang indah,pemandangan,pemandangan,A01,yes,
wisata-v2_009971::c000,wisata-v2_009971,place_00058,Bukit Beta Tuk-Tuk,wisata,0,👍👍👍👍,lainnya,none,A01,yes,
wisata-v2_009986::c002,wisata-v2_009986,place_00058,Bukit Beta Tuk-Tuk,wisata,2,Karena rambu-rambu jalan tidak banyak,akses_jalan|keamanan,akses_jalan,A01,yes,
wisata-v2_010015::c001,wisata-v2_010015,place_00171,Pantai Pasir Putih Parbaba,wisata,1,Bersih.mantap lah,kebersihan,kebersihan|pelayanan,A01,yes,Handuk kotor + pelayanan buruk
wisata-v2_010024::c000,wisata-v2_010024,place_00171,Pantai Pasir Putih Parbaba,wisata,0,Untuk mandi anak2 enak dan aman 👍,keamanan,makanan|keamanan,A01,yes,
wisata-v2_010026::c000,wisata-v2_010026,place_00171,Pantai Pasir Putih Parbaba,wisata,0,Pantai di pulau Samosir yang ramai didatangi pengunjung,keramaian|pemandangan,keramaian,A01,yes,"Ramai pengunjung, bukan pemandangan"
wisata-v2_010046::c000,wisata-v2_010046,place_00171,Pantai Pasir Putih Parbaba,wisata,0,parkir mobil 10rb per orang 5rb kamar mandi 2rb sewa tikar 50rb sewa pondok 150rb nb,akomodasi|parkir|toilet,parkir|toilet|harga|fasilitas_umum,A01,yes,Harga + pondok/tikar = fasilitas; bukan akomodasi
wisata-v2_010082::c001,wisata-v2_010082,place_00171,Pantai Pasir Putih Parbaba,wisata,1,"pantainya kurang bersih yaa, ada beberapa spot foto udah terbengkalai, untuk wahana air masih beroperasi sih, pengunjungnya juga ramai kok",fasilitas_umum|kebersihan|keramaian,kebersihan|fasilitas_umum|keramaian,A01,yes,
wisata-v2_010084::c000,wisata-v2_010084,place_00171,Pantai Pasir Putih Parbaba,wisata,0,"Masuk kesana kena pungli 50rb, dah lah tutup aja biar kapok bangkrut sepi pengunjung gara-gara gak pernah dibenahi pungli disana",jam_operasional|keramaian,harga|keramaian,A01,yes,"'pungli 50rb' = harga; 'tutup aja' ekspresi, bukan jam operasional"
wisata-v2_010091::c003,wisata-v2_010091,place_00171,Pantai Pasir Putih Parbaba,wisata,3,Petugas boat sudah kita tegur karna parkir di bibir pantai karna banyak anak2 yg,parkir,transportasi|parkir|pemandangan,A01,yes,
wisata-v2_010095::c004,wisata-v2_010095,place_00171,Pantai Pasir Putih Parbaba,wisata,4,"Ada spot foto masa bayar 5rb per orang, horas jala gabe",fasilitas_umum,harga|fasilitas_umum,A01,yes,
wisata-v2_010122::c000,wisata-v2_010122,place_00171,Pantai Pasir Putih Parbaba,wisata,0,Tempat nya cukup ramai,keramaian,keramaian,A01,yes,
wisata-v2_010137::c005,wisata-v2_010137,place_00171,Pantai Pasir Putih Parbaba,wisata,5,Berhubung bawa makanan dari rumah(rekreasi bersama keluarga) jd saya krg paham dengan harga makanannya,harga|makanan,harga|makanan|aksesibilitas,A01,yes,
wisata-v2_010147::c000,wisata-v2_010147,place_00171,Pantai Pasir Putih Parbaba,wisata,0,"Cocok untuk wisata keluarga Areanya aman karena tidak terlalu dalam Ada wahana banana boat nya juga Airnya jernih, pasirnya putih Banyak terdapat gomestay juga kalau kalian ingin menginap disini Biaya masuknya hanya 5000 perorang, dan biaya parkir motor 5000 juga",akses_jalan|harga|keamanan|parkir,transportasi|parkir|harga|akomodasi|keamanan|fasilitas_umum|aksesibilitas,A01,yes,
wisata-v2_010202::c001,wisata-v2_010202,place_00171,Pantai Pasir Putih Parbaba,wisata,1,"Berbeda dengan Pantai Batuhoda yang unggul, pantai ini mempunyai banyak kekurangan: 1) Parkir tidak terawat 2) Air abu-abu dialihkan ke pantai 3) Kafe dibangun beberapa meter dari garis air sehingga menghalangi pemandangan, jalan kaki, dan angin sepoi-sepoi 4) Musik keras terdengar di mana-mana 5) Tidak ada layanan tata graha di area tersebut 6) Gudang terlalu berdekatan satu sama lain (berbagai operator bersaing untuk mendapatkan biaya penggunaan gudang) Saya pergi setelah 15 menit",akses_jalan|budaya|fasilitas_umum|harga|kebersihan|parkir|pelayanan|pemandangan,akses_jalan|parkir|kebersihan|harga|pelayanan|fasilitas_umum|pemandangan|lainnya,A01,yes,Tidak ada budaya; musik keras = lainnya
wisata-v2_010212::c003,wisata-v2_010212,place_00159,Pantai Batuhoda,wisata,3,Stafnya ramah,pelayanan,pelayanan,A01,yes,
wisata-v2_010220::c003,wisata-v2_010220,place_00159,Pantai Batuhoda,wisata,3,Di dalam tersedia gazebo dan tempat duduk yang bisa ditempati dengan bebas asal kosong,fasilitas_umum,fasilitas_umum,A01,yes,
wisata-v2_010229::c000,wisata-v2_010229,place_00159,Pantai Batuhoda,wisata,0,Terlalu ramai dihari libur ferry 50 - 60 min,keramaian|transportasi,transportasi|keramaian,A01,yes,
wisata-v2_010243::c000,wisata-v2_010243,place_00159,Pantai Batuhoda,wisata,0,"Sangat rekomendasi, jika anda ke samosir, uang masuk + parkir hanya Rp",parkir,parkir|harga|pelayanan,A01,yes,
wisata-v2_010247::c000,wisata-v2_010247,place_00159,Pantai Batuhoda,wisata,0,Untuk kamar ganti dan kamar mandi serta toilet perlu fitnah jumlahnya,akomodasi|toilet,toilet|fasilitas_umum,A01,yes,"Kamar ganti pantai = fasilitas, bukan akomodasi"
wisata-v2_010248::c001,wisata-v2_010248,place_00159,Pantai Batuhoda,wisata,1,sayang air buangan kamar ganti langsung ke danau jadi jorok,akomodasi|kebersihan,kebersihan|akomodasi|fasilitas_umum,A01,yes,"'malam' konteks waktu; air terbatas = fasilitas, bukan jam operasional"
wisata-v2_010250::c002,wisata-v2_010250,place_00159,Pantai Batuhoda,wisata,2,Gazebo/pondok/lesehan apapun itu bebas pakai selagi kosong,fasilitas_umum,fasilitas_umum,A01,yes,
wisata-v2_010253::c000,wisata-v2_010253,place_00159,Pantai Batuhoda,wisata,0,"Pantai yg luas dan bersih Worth it uang masuk 20 k tp sudah bebas parkir dan tempat duduk, dan yg paling penting pantai nya benar2 bersih",fasilitas_umum|harga|kebersihan|parkir,parkir|kebersihan|harga|fasilitas_umum|pemandangan,A01,yes,
wisata-v2_010332::c001,wisata-v2_010332,place_00159,Pantai Batuhoda,wisata,1,Tempatnya bersih dan cantik tutup jam 7 malam,jam_operasional|kebersihan|pemandangan,kebersihan|jam_operasional|pemandangan,A01,yes,
wisata-v2_010355::c000,wisata-v2_010355,place_00159,Pantai Batuhoda,wisata,0,"Pantai ini bersih,,,terkelola dengan baik dan tertib,pengunjung diarahkan tidak membuang sampahnya sembarang,ada tempat sampah disediakan pengelola,,ayo ke sini..bawa keluarga recommended banget..👍👍",keamanan|kebersihan|pelayanan|pemandangan,kebersihan|pelayanan|pemandangan|aksesibilitas,A01,yes,
wisata-v2_010361::c000,wisata-v2_010361,place_00159,Pantai Batuhoda,wisata,0,"Tidak recommended untuk datang rombongan, sesuai pengalaman, Datang 31 orang,20 ribu tiket masuk per orang,belum parkir,ngak boleh bawa makanan/minuman walau sekedar untuk sekali makan berhubung sudah",akses_jalan|harga|makanan|parkir,parkir|harga|makanan,A01,yes,
wisata-v2_010378::c000,wisata-v2_010378,place_00159,Pantai Batuhoda,wisata,0,"Tempat Sudah bersih, bayar 20 K per orang ke lokasi sdh free air mineral sedang, parkir, toilet dan pondok",kebersihan|parkir|toilet,parkir|kebersihan|toilet|harga|makanan|fasilitas_umum,A01,yes,Bayar 20K + air mineral + pondok
wisata-v2_010460::c000,wisata-v2_010460,place_00178,Pemandian Alam Sejuk Pas,wisata,0,Tempat nya bersih dan nyaman,kebersihan,kebersihan,A01,yes,
wisata-v2_010463::c000,wisata-v2_010463,place_00178,Pemandian Alam Sejuk Pas,wisata,0,Tempat wisata keluarga yg aman dan menyenangkan,keamanan,keamanan|aksesibilitas,A01,yes,
wisata-v2_010471::c001,wisata-v2_010471,place_00178,Pemandian Alam Sejuk Pas,wisata,1,Penginapan dan makanannya tidak terlalu mahal,harga,harga|akomodasi,A01,yes,
wisata-v2_010518::c000,wisata-v2_010518,place_00178,Pemandian Alam Sejuk Pas,wisata,0,Parking dan sel t4 sangat mahal pwngelola menerapkan azas aji mumpung,harga,parkir|harga,A01,yes,
wisata-v2_010526::c000,wisata-v2_010526,place_00178,Pemandian Alam Sejuk Pas,wisata,0,"Air ya bersih,jernih,yg pasti sejuk dan aman utk anak2",keamanan|kebersihan,kebersihan|keamanan|pemandangan,A01,yes,
wisata-v2_010526::c001,wisata-v2_010526,place_00178,Pemandian Alam Sejuk Pas,wisata,1,Mandi,lainnya,none,A01,yes,
wisata-v2_010545::c000,wisata-v2_010545,place_00178,Pemandian Alam Sejuk Pas,wisata,0,"Airnya bening, bersih, dan segar tp licin batunya harus hati2",keamanan|kebersihan,kebersihan|keamanan,A01,yes,
wisata-v2_010585::c000,wisata-v2_010585,place_00178,Pemandian Alam Sejuk Pas,wisata,0,"Gubuk, parkir+tiket masuk, pasilitas lain masih murah, cuma satu yg mengganjal, airnya sedikit kotor, walau keliatan jernih, tp lumut sampah banyak, batu2 pn licin",akses_jalan|harga|keamanan|kebersihan|parkir,parkir|kebersihan|harga|keamanan,A01,yes,
wisata-v2_010625::c001,wisata-v2_010625,place_00062,Bukit Indah Simarjarunjung,wisata,1,"Beberapa tahun lalu kata keluarga masih bagus dan terawat tp kalau kami liat sekarang kurang terawat, ada papan bolong di spot foto gratisan amit2 kalau jatuh tp kalau yg berbayar agak terawat",fasilitas_umum|kebersihan,kebersihan|fasilitas_umum|aksesibilitas,A01,yes,
wisata-v2_010625::c002,wisata-v2_010625,place_00062,Bukit Indah Simarjarunjung,wisata,2,"Yg sialnya udah lah masuk 40rb, spot foto bayar 5rb",fasilitas_umum,harga|fasilitas_umum,A01,yes,
wisata-v2_010648::c000,wisata-v2_010648,place_00062,Bukit Indah Simarjarunjung,wisata,0,Spot foto nya banyak cuma berbayar,fasilitas_umum,fasilitas_umum,A01,yes,
wisata-v2_010661::c000,wisata-v2_010661,place_00062,Bukit Indah Simarjarunjung,wisata,0,Cuma untuk foto2 stiap spot foto bayar 5000/orang,fasilitas_umum,harga|fasilitas_umum,A01,yes,
wisata-v2_010667::c000,wisata-v2_010667,place_00062,Bukit Indah Simarjarunjung,wisata,0,"Oh BIS, begitu malang sekali nasibmu kini, dulu kau begitu viral pada masanya😮‍💨🥲 Buat para pengelola supaya bisa lebih berbenah, klo bisa semua spot foto di gratis kan saja supaya bisa menarik para pengunjung kembali",fasilitas_umum|harga,harga|pelayanan|fasilitas_umum,A01,yes,
wisata-v2_010673::c002,wisata-v2_010673,place_00062,Bukit Indah Simarjarunjung,wisata,2,"The views are stunning, with lush green hills and peaceful surroundings",lainnya,pemandangan,A01,yes,'peaceful' bukan membahas keramaian sebagai aspek
wisata-v2_010684::c000,wisata-v2_010684,place_00062,Bukit Indah Simarjarunjung,wisata,0,Keren dan direkomendasikan di sini,pemandangan,none,A01,yes,Tidak ada aspek spesifik
wisata-v2_010710::c000,wisata-v2_010710,place_00062,Bukit Indah Simarjarunjung,wisata,0,Bagus dan indah,lainnya,pemandangan,A01,yes,
wisata-v2_010749::c000,wisata-v2_010749,place_00062,Bukit Indah Simarjarunjung,wisata,0,View dari BIS ke arah Danau Toba udah keren dan banyak spot foto,fasilitas_umum|pemandangan,fasilitas_umum|pemandangan,A01,yes,
wisata-v2_010766::c000,wisata-v2_010766,place_00062,Bukit Indah Simarjarunjung,wisata,0,Masuk bayar 40 rb Ke toilet 2 rb Pakai wahana rata2 10 rb/org dan sudah banyak rusak,toilet,toilet|harga|fasilitas_umum,A01,yes,
wisata-v2_010800::c002,wisata-v2_010800,place_00062,Bukit Indah Simarjarunjung,wisata,2,"Saat pertama kali tiba di bukit tersebut, saya langsung terpesona oleh pemandangan indah dan udara segar yang",pemandangan,pemandangan,A01,yes,
wisata-v2_010806::c001,wisata-v2_010806,place_00062,Bukit Indah Simarjarunjung,wisata,1,makan Indomie dengan view nya bagus,makanan|pemandangan,makanan|pemandangan,A01,yes,
wisata-v2_010816::c000,wisata-v2_010816,place_00021,Air Terjun Tonduhan,wisata,0,Sejuk aman indah mantap jiwa,keamanan,keamanan|pemandangan,A01,yes,
wisata-v2_010821::c003,wisata-v2_010821,place_00021,Air Terjun Tonduhan,wisata,3,walau jalannan sangat licin dan berbatu,keamanan,keamanan,A01,yes,
wisata-v2_010828::c000,wisata-v2_010828,place_00021,Air Terjun Tonduhan,wisata,0,Air Terjun Tonduhan,lainnya,pemandangan,A01,yes,
wisata-v2_010846::c000,wisata-v2_010846,place_00328,"Kebun Teh Bahbutong, Sidamanik",wisata,0,Sejuk nyaman dan aman,keamanan,keamanan|pemandangan,A01,yes,
wisata-v2_010859::c000,wisata-v2_010859,place_00328,"Kebun Teh Bahbutong, Sidamanik",wisata,0,Spot foto fantastik,fasilitas_umum,fasilitas_umum,A01,yes,
wisata-v2_010863::c000,wisata-v2_010863,place_00328,"Kebun Teh Bahbutong, Sidamanik",wisata,0,"Suasana yang sejuk dan tenang, melihat hamparan kebun teh yg luas membuat rasa penat menjadi hilang",keramaian,pemandangan,A01,yes,Kebun teh + sejuk; 'rasa penat' bukan makanan; 'tenang' bukan keramaian
wisata-v2_010891::c002,wisata-v2_010891,place_00328,"Kebun Teh Bahbutong, Sidamanik",wisata,2,"Pemandangannya indah, mobil masuk ke area kebun diminta 5 k, banyak penjual pernak pernik souvenir, sewa ATV 50 k per 30 menit",oleh_oleh,parkir|harga|pemandangan|oleh_oleh,A01,yes,
wisata-v2_010938::c001,wisata-v2_010938,place_00328,"Kebun Teh Bahbutong, Sidamanik",wisata,1,"sayang sekali jarak dari Silangit 3,5 jam kalau hanya untuk lihat kenon teh aja kurang worth it, paling enak menginap disana dan menikmati udara pagi lanjut keliling kebun teh, ada juga pabriknya bisa tuh sekalian trip lihat proses pembuatan teh",harga,akses_jalan|harga|makanan|akomodasi|jam_operasional,A01,yes,
wisata-v2_010947::c000,wisata-v2_010947,place_00328,"Kebun Teh Bahbutong, Sidamanik",wisata,0,Lokasi sejuk 20C dikelilingi perkebunan teh,lainnya,pemandangan,A01,yes,"Kebun teh = pemandangan, bukan makanan"
wisata-v2_010950::c000,wisata-v2_010950,place_00328,"Kebun Teh Bahbutong, Sidamanik",wisata,0,"kebun teh sidamanik yg berada di provinsi sumatera utara, menjadi salah satu icon wisata",lainnya,makanan,A01,yes,
wisata-v2_010989::c000,wisata-v2_010989,place_00328,"Kebun Teh Bahbutong, Sidamanik",wisata,0,Tempat lokasinya sejuk aman dan tenteram,keamanan,keamanan|pemandangan,A01,yes,
wisata-v2_010990::c000,wisata-v2_010990,place_00328,"Kebun Teh Bahbutong, Sidamanik",wisata,0,Wisata dengan spot foto kebun teh,fasilitas_umum,makanan|fasilitas_umum,A01,yes,
wisata-v2_011003::c000,wisata-v2_011003,place_00328,"Kebun Teh Bahbutong, Sidamanik",wisata,0,"Banyak spot tempat berfoto, ya walau agak kurang tertib Banyak tersedia tempat jualan makanan juga, toilet tidak tersedia",keamanan|makanan|toilet,toilet|makanan,A01,yes,
wisata-v2_011020::c001,wisata-v2_011020,place_00328,"Kebun Teh Bahbutong, Sidamanik",wisata,1,1jam dr siantar,lainnya,none,A01,yes,
wisata-v2_011035::c000,wisata-v2_011035,place_00328,"Kebun Teh Bahbutong, Sidamanik",wisata,0,"Aman, murah ga ada preman",harga|keamanan,harga|keamanan,A01,yes,
wisata-v2_011039::c000,wisata-v2_011039,place_00177,Pemandian Alam Bah Damanik,wisata,0,"Saya pikir jika saya punya waktu, saya akan mengajak anak-anak saya untuk melihat sejarah kastil Thailand",budaya,aksesibilitas|budaya,A01,yes,
wisata-v2_011041::c000,wisata-v2_011041,place_00177,Pemandian Alam Bah Damanik,wisata,0,"Ramai, murah meriah Airnya jernih & sejuk",harga|keramaian,harga|pemandangan|keramaian,A01,yes,
wisata-v2_011054::c002,wisata-v2_011054,place_00177,Pemandian Alam Bah Damanik,wisata,2,"Parkir mobil 15k, tiket/o 5k, sewa tmpt 50k, toilet 2k/o",parkir|toilet,parkir|toilet|harga,A01,yes,
wisata-v2_011055::c002,wisata-v2_011055,place_00177,Pemandian Alam Bah Damanik,wisata,2,Segar banget,lainnya,none,A01,yes,
wisata-v2_011082::c002,wisata-v2_011082,place_00177,Pemandian Alam Bah Damanik,wisata,2,Seharusnya di biarkan lebih alami,lainnya,kebersihan,A01,yes,Kritik 'seharusnya lebih alami' = pengelolaan/perawatan
wisata-v2_011084::c000,wisata-v2_011084,place_00177,Pemandian Alam Bah Damanik,wisata,0,"Kami sampai disana jam 9 lewat, airny jernih skli, dan dingin skli, smpai gigi bunyi2😂😂😂😂 Batu didlm air gk licin",keamanan,akses_jalan|keamanan|jam_operasional,A01,yes,
wisata-v2_011116::c001,wisata-v2_011116,place_00177,Pemandian Alam Bah Damanik,wisata,1,tempat duduk dan letakan pakaian kurang,fasilitas_umum,fasilitas_umum,A01,yes,
wisata-v2_011180::c000,wisata-v2_011180,place_00177,Pemandian Alam Bah Damanik,wisata,0,"Tempatnya enak, cm kl sepi lebih enak 😄",keramaian,makanan|keramaian,A01,yes,
wisata-v2_011187::c000,wisata-v2_011187,place_00177,Pemandian Alam Bah Damanik,wisata,0,"Penjaga yang bertato dan tidak pake baju telah tidak sopan mengganggu istri orang dengan modus pura-pura mencampuri urusan orang lain, ingin mengajak duel dan mengolok olok pengunjung",keamanan,pelayanan|keamanan,A01,yes,Keluhan perilaku penjaga = pelayanan + keamanan
wisata-v2_011191::c000,wisata-v2_011191,place_00177,Pemandian Alam Bah Damanik,wisata,0,"Aman nyaman, resepsionis ramah 🥰",keamanan|pelayanan,pelayanan|keamanan,A01,yes,
wisata-v2_011197::c000,wisata-v2_011197,place_00177,Pemandian Alam Bah Damanik,wisata,0,"Bersih, jernih, bening, tiket masuk 5000",kebersihan,kebersihan|harga,A01,yes,
wisata-v2_011202::c000,wisata-v2_011202,place_00177,Pemandian Alam Bah Damanik,wisata,0,"Permandian yang belum ada 2nya, biaya masuk, parkir kendaraan dan sewa tempat istirahatnya pun terjangkau di kantong, jumpa cewe manis gak saya minta pula nomor wa atau Ignya sial",parkir,parkir|harga,A01,yes,
wisata-v2_011262::c000,wisata-v2_011262,place_00120,Kawah Putih Dolok Tinggi Raja,wisata,0,"awokwow, preman + pungli = Hama",lainnya,harga|keamanan,A01,yes,Pungli/preman = keamanan + harga
wisata-v2_011298::c000,wisata-v2_011298,place_00120,Kawah Putih Dolok Tinggi Raja,wisata,0,😊,lainnya,none,A01,yes,
wisata-v2_011328::c000,wisata-v2_011328,place_00276,Tanjung Unta,wisata,0,Tidak terlalu banyak spot foto di area ini,fasilitas_umum,fasilitas_umum,A01,yes,
wisata-v2_011335::c000,wisata-v2_011335,place_00161,Pantai Kenangan,wisata,0,Tempat yg sejuk asri bersih dan ramahnya pemilik wisata ini membuat ingin kembali kesana Hanya saja tempat untuk mandi2 kurang aman apa lgi buat anak2,keamanan|kebersihan,kebersihan|pelayanan|keamanan|pemandangan,A01,yes,
wisata-v2_011336::c001,wisata-v2_011336,place_00161,Pantai Kenangan,wisata,1,menguji adrenalin 😂😂😂,lainnya,none,A01,yes,
wisata-v2_011340::c000,wisata-v2_011340,place_00161,Pantai Kenangan,wisata,0,Tempat wisata yang tenang dan indah,keramaian,pemandangan|keramaian,A01,yes,
wisata-v2_011371::c001,wisata-v2_011371,place_00342,Pantai Paris,wisata,1,"Dan bagus view pantai, murah lagi",harga|pemandangan,harga|pemandangan,A01,yes,
wisata-v2_011389::c000,wisata-v2_011389,place_00342,Pantai Paris,wisata,0,"Tempat-tempat juga indah, baik untuk keluarga dan rombongan, bersih juga",kebersihan,kebersihan|pemandangan|aksesibilitas,A01,yes,
wisata-v2_011392::c000,wisata-v2_011392,place_00342,Pantai Paris,wisata,0,Tempatnya lumayan nyaman tp kamar mandinya dan air kurang di perhatikan.Untuk tempat penginapan dengan harga dan tempat harus di sesuaikan lebih lagi 🙏,akomodasi|harga,harga|akomodasi,A01,yes,
wisata-v2_011430::c000,wisata-v2_011430,place_00342,Pantai Paris,wisata,0,Tempat bersantai bersama keluarga,lainnya,none,A01,yes,"'keluarga' konteks santai, bukan aksesibilitas"
wisata-v2_011475::c000,wisata-v2_011475,place_00342,Pantai Paris,wisata,0,"Suatu tempat dipingiran danau toba tepatnya di pelabuhan tigaras, perapat",lainnya,none,A01,yes,"Hanya menyebut lokasi, bukan transportasi/pemandangan"
wisata-v2_011483::c000,wisata-v2_011483,place_00342,Pantai Paris,wisata,0,"Jalan masuk pas pasan,berlubang lubang,tuk parkir lebar 15 K ,pantainya cocok buat keluarga",akses_jalan|parkir,akses_jalan|parkir|harga|aksesibilitas,A01,yes,
wisata-v2_011499::c000,wisata-v2_011499,place_00342,Pantai Paris,wisata,0,"Tempat asik, bnyak warung"" yg menawarkan makanan dan minuman.dan ada juga penginapan",makanan,makanan|akomodasi,A01,yes,
wisata-v2_011525::c000,wisata-v2_011525,place_00342,Pantai Paris,wisata,0,"Aman ga ada preman, cuman rada bising setiap pondok ada musik ada koor ibadah rohani",keamanan,keamanan|keramaian,A01,yes,
wisata-v2_011526::c001,wisata-v2_011526,place_00342,Pantai Paris,wisata,1,Hanya saja jalan masuk perlu di perbaiki,akses_jalan,akses_jalan,A01,yes,
wisata-v2_011544::c001,wisata-v2_011544,place_00342,Pantai Paris,wisata,1,Dapat berenang dan juga naik kapal speedboat serta banana boat,transportasi,transportasi|fasilitas_umum,A01,yes,
wisata-v2_011590::c003,wisata-v2_011590,place_00373,Tao Silalahi Hotel,wisata,3,dengan tourist price,harga,harga,A01,yes,
wisata-v2_011604::c000,wisata-v2_011604,place_00373,Tao Silalahi Hotel,wisata,0,biar bintang yg berbicara,lainnya,none,A01,yes,
wisata-v2_011639::c000,wisata-v2_011639,place_00373,Tao Silalahi Hotel,wisata,0,Kerenn fasilitas lengkap kolam renang Joss💯,fasilitas_umum,fasilitas_umum,A01,yes,
wisata-v2_011674::c008,wisata-v2_011674,place_00309,Wisata Anugerah Indah Sippan,wisata,8,"Minus di akses jalan masuknya saja yg kurg baik, kurg perhatian dari pemerintah kabupaten simalungun krn hanya fokus meningkatkan fasilitas wisata di daerah parapat saja",akses_jalan,akses_jalan|fasilitas_umum,A01,yes,
wisata-v2_011735::c000,wisata-v2_011735,place_00309,Wisata Anugerah Indah Sippan,wisata,0,HTM kemping 30k (bayar per tenda tanpa HTM dan include parkir) HTM per orang 5k (berkunjung),parkir,parkir|harga,A01,yes,
wisata-v2_011765::c000,wisata-v2_011765,place_00309,Wisata Anugerah Indah Sippan,wisata,0,"sebenarnya tmptnya bagus, sayangnya pengelolah tdk mnjg kebersihannya,bhkan mushala yg tersedia jg kotor sprt bkn tmpt ntk ibadah, klo viunya bagus sih masuk bayar goceng/orang",fasilitas_umum|kebersihan,kebersihan|harga|fasilitas_umum,A01,yes,
wisata-v2_011800::c000,wisata-v2_011800,place_00309,Wisata Anugerah Indah Sippan,wisata,0,"Work'it👍, Harga tiket per orang 5 ribu Suasana Sejuk dan Tenang, cocok untuk menyegarkan diri",harga|keramaian,harga|pemandangan,A01,yes,Tiket 5 ribu + sejuk tenang; 'tenang' bukan keramaian
wisata-v2_011829::c000,wisata-v2_011829,place_00309,Wisata Anugerah Indah Sippan,wisata,0,Murah 1 orang 5 ribu enak buat ngecam,harga,harga|makanan,A01,yes,
wisata-v2_011840::c000,wisata-v2_011840,place_00309,Wisata Anugerah Indah Sippan,wisata,0,"Banyak spot foto bagus, biaya masuk Rp.5000,- sudah termasuk parkir, terdapat fasilitas mushola dan kamar mandi, terdapat warung yang menyediakan makanan dan minuman, pengelola ramah",akomodasi|fasilitas_umum|makanan|parkir|pelayanan|toilet,parkir|toilet|harga|pelayanan|makanan|fasilitas_umum,A01,yes,Biaya masuk 5000 = harga; bukan akomodasi
wisata-v2_011841::c004,wisata-v2_011841,place_00309,Wisata Anugerah Indah Sippan,wisata,4,Untuk Spot Foto Sebenarnya Banyak asal kalian pandai aja melihat lihat dimana aja yang cantik lokasi fotonya,fasilitas_umum|pemandangan,fasilitas_umum|pemandangan,A01,yes,
wisata-v2_011860::c001,wisata-v2_011860,place_00309,Wisata Anugerah Indah Sippan,wisata,1,Murah juga tiketnya 2 orang 10ribu,harga,harga,A01,yes,
wisata-v2_011874::c000,wisata-v2_011874,place_00136,Manigom Nauli,wisata,0,Sayangnya sudah tidak digunakan lagi :(,lainnya,none,A01,yes,
wisata-v2_011914::c000,wisata-v2_011914,place_00136,Manigom Nauli,wisata,0,"Tidak sempat mengambil foto waktu kemari, karna sudah sangat lelah menuruni anak tangga kebawah,takut juga karna kanan kiri hutan, belum lagi waktu selesai menaiki anak tangga keatas, sungguh lelah",aksesibilitas,akses_jalan|aksesibilitas,A01,yes,
wisata-v2_011927::c002,wisata-v2_011927,place_00136,Manigom Nauli,wisata,2,prtma msuk parkir kereta 5000,parkir,parkir,A01,yes,
wisata-v2_011937::c000,wisata-v2_011937,place_00136,Manigom Nauli,wisata,0,"Sesuai dengan namanya, Nauli berarti Indah, airnya sangat jernih, sejuk seperti berendam di air es, masuk ke tempat ini sangat terjangkau, parkir aman, tidak terlalu jauh kurang lebih 100 m ke dalam, ada saung 20rb, toilet ada walau agak",akses_jalan|harga|keamanan|parkir|toilet,parkir|toilet|keamanan|pemandangan,A01,yes,
wisata-v2_011940::c000,wisata-v2_011940,place_00136,Manigom Nauli,wisata,0,Jernih sejernih Hatiku,lainnya,none,A01,yes,
wisata-v2_011940::c002,wisata-v2_011940,place_00136,Manigom Nauli,wisata,2,jalan masih jalan berbatu yg,akses_jalan,akses_jalan,A01,yes,
wisata-v2_011945::c001,wisata-v2_011945,place_00136,Manigom Nauli,wisata,1,fasilitas kurang memadai,fasilitas_umum,fasilitas_umum,A01,yes,
wisata-v2_011952::c001,wisata-v2_011952,place_00136,Manigom Nauli,wisata,1,"Pas bangett tempatnya sunyi dan cuaca cerah, jadi airnya gak dingin banget",lainnya,fasilitas_umum|keramaian,A01,yes,"'sunyi' = keramaian, air = fasilitas"
wisata-v2_011960::c000,wisata-v2_011960,place_00136,Manigom Nauli,wisata,0,Air y jernih,lainnya,none,A01,yes,
wisata-v2_011977::c000,wisata-v2_011977,place_00355,Rumah Bolon Raja Purba,wisata,0,Tempatnya bagus dan sangat kaya akan sejarah,budaya,budaya,A01,yes,
wisata-v2_012027::c001,wisata-v2_012027,place_00259,Museum Simalungun,wisata,1,Lumayan juga buat belajar sejarah batak,budaya,budaya,A01,yes,
wisata-v2_012030::c001,wisata-v2_012030,place_00259,Museum Simalungun,wisata,1,Hanya saja belum banyak pengunjung padahal dekat dengan pusat kota Siantar,lainnya,keramaian,A01,yes,Kurang pengunjung = keramaian
wisata-v2_012104::c000,wisata-v2_012104,place_00316,Air Soda Parbubu,wisata,0,"Potensi wisatanya bagus, cuma fasilitasnya harus benar2 ditingkatkan terutama kebersihan",lainnya,kebersihan|fasilitas_umum,A01,yes,Menyebut fasilitas + kebersihan
wisata-v2_012118::c001,wisata-v2_012118,place_00316,Air Soda Parbubu,wisata,1,sangat disayangkan dari segi pelayanan sangat buruk,pelayanan,pelayanan,A01,yes,
wisata-v2_012154::c000,wisata-v2_012154,place_00316,Air Soda Parbubu,wisata,0,"Pemandian air soda alami yang konon hanya ada dua dunia salah satunya di tarutung, kesini harus pagi hari selain tidak ramai airnya lebih jernih",keramaian,fasilitas_umum|keramaian,A01,yes,Pemandian air soda; 'pagi' = saran waktu kunjungan; bukan jam_operasional
wisata-v2_012171::c002,wisata-v2_012171,place_00316,Air Soda Parbubu,wisata,2,"Tapi, lampu toilet tidak ada, kolam dikelilingi sampah, tangga dan lantai kuning-kuning",aksesibilitas|kebersihan|toilet,akses_jalan|kebersihan|toilet|fasilitas_umum,A01,yes,
wisata-v2_012185::c001,wisata-v2_012185,place_00316,Air Soda Parbubu,wisata,1,Dan tempat tidak terawat 😌,budaya|fasilitas_umum|kebersihan,kebersihan,A01,yes,
wisata-v2_012195::c001,wisata-v2_012195,place_00316,Air Soda Parbubu,wisata,1,"waktu saya berkunjung kesini tidak dipungut biaya masuk, hanya biaya parkir",akses_jalan|harga|parkir,parkir|harga,A01,yes,
wisata-v2_012205::c003,wisata-v2_012205,place_00316,Air Soda Parbubu,wisata,3,Little bit far from the town area,lainnya,none,A01,yes,
wisata-v2_012218::c002,wisata-v2_012218,place_00316,Air Soda Parbubu,wisata,2,Toilet kotor sampah dibuang sembarangan akses ke kolam kotor dan licin,akses_jalan|keamanan|kebersihan|toilet,akses_jalan|kebersihan|toilet|keamanan|fasilitas_umum,A01,yes,Kolam = fasilitas
wisata-v2_012220::c000,wisata-v2_012220,place_00316,Air Soda Parbubu,wisata,0,Cukup baik,lainnya,none,A01,yes,
wisata-v2_012253::c000,wisata-v2_012253,place_00347,Pemandian Air Panas Tamaro,wisata,0,"bersama keluarga mandi air hangat, pemilik sopan dan ramah, tersedia berbagai makanan ringan teh kopi kue dll",makanan|pelayanan,pelayanan|makanan,A01,yes,"'keluarga' konteks, bukan aksesibilitas"
wisata-v2_012350::c000,wisata-v2_012350,place_00347,Pemandian Air Panas Tamaro,wisata,0,Tidak pernah tutup,jam_operasional,jam_operasional,A01,yes,
wisata-v2_012450::c001,wisata-v2_012450,place_00379,Wisata Pemandian Air Panas Sipoholon,wisata,1,Dan buka 24 jam,jam_operasional,jam_operasional,A01,yes,
wisata-v2_012469::c002,wisata-v2_012469,place_00379,Wisata Pemandian Air Panas Sipoholon,wisata,2,Pingin plng kesana Tarutung,lainnya,none,A01,yes,
wisata-v2_012484::c000,wisata-v2_012484,place_00379,Wisata Pemandian Air Panas Sipoholon,wisata,0,"untuk sampah nya tolong di perhatikan lagi,agar tetap terjaga ke indahan nya",kebersihan,kebersihan,A01,yes,
wisata-v2_012502::c000,wisata-v2_012502,place_00379,Wisata Pemandian Air Panas Sipoholon,wisata,0,Relax & santai,lainnya,none,A01,yes,
wisata-v2_012521::c000,wisata-v2_012521,place_00379,Wisata Pemandian Air Panas Sipoholon,wisata,0,"Tempat pemandian air panas alami..tempatnya bersih dan parkir kendaraannya juga luas dan aman, ada tempat makan dan minumnya juga",keamanan|kebersihan|makanan|parkir,parkir|kebersihan|toilet|makanan|keamanan|fasilitas_umum,A01,yes,
wisata-v2_012544::c000,wisata-v2_012544,place_00379,Wisata Pemandian Air Panas Sipoholon,wisata,0,"Sangat cocok untuk santai2, tempatnya juga bersih",kebersihan,kebersihan,A01,yes,
wisata-v2_012561::c000,wisata-v2_012561,place_00379,Wisata Pemandian Air Panas Sipoholon,wisata,0,"Mandi jam sore bareng keluarga pasti seru, recommended ni air panas Derolis, okay banget",lainnya,fasilitas_umum,A01,yes,"'sore' konteks waktu, 'keluarga' umum; pemandian air panas = fasilitas"
wisata-v2_012564::c000,wisata-v2_012564,place_00379,Wisata Pemandian Air Panas Sipoholon,wisata,0,Tempat'nya kurang bagus,lainnya,none,A01,yes,
wisata-v2_012565::c000,wisata-v2_012565,place_00379,Wisata Pemandian Air Panas Sipoholon,wisata,0,"Air nya panas,belerang nya ok",lainnya,fasilitas_umum,A01,yes,"Air panas dan belerang = fasilitas, bukan kebersihan"
wisata-v2_012656::c001,wisata-v2_012656,place_00090,Galeri Umkm Tapanuli Utara,wisata,1,ketersediaan tempat duduk masih kurang,fasilitas_umum,fasilitas_umum,A01,yes,
wisata-v2_012687::c002,wisata-v2_012687,place_00009,Air Terjun Nai Sogop,wisata,2,Jalan menuju ke sana tampaknya tidak terawat lagi,akses_jalan|budaya|fasilitas_umum|kebersihan,akses_jalan|kebersihan,A01,yes,
wisata-v2_012692::c000,wisata-v2_012692,place_00009,Air Terjun Nai Sogop,wisata,0,Air terjun yang indah dan jalan menuju air terjun memberikan pemandangan yang sungguh indah,akses_jalan|pemandangan,akses_jalan|pemandangan,A01,yes,
